run_id,run_name,state,created_at,url,project,project_variant,method_extracted,benchmark,modalities,metric_Test_AUROC,metric_Test_AP,metric_Test_F1,metric_Test_Balanced_Accuracy,metric_epoch,metric_Val_AUROC,metric_Val_AP,metric_Val_F1,metric_Val_Balanced_Accuracy,metric_Train_AP,metric_Train_AUROC,metric_Train_Balanced_Accuracy,metric_Train_F1,config_model,config_learning_rate,config_batch_size,config_epochs
7245191486.96302-e1a4faee-adfe,brainiac_scratch_multi_t1_t1c_t2_flair_swi_asl_2025-08-10_06-54-17,failed,2025-08-10T06:54:37Z,https://microsoft-research.wandb.io/t-jiachentu/july_stratified_ucsf_pdgm_idh_classification_multi_t1_t1c_t2_flair_swi_asl/runs/7245191486.96302-e1a4faee-adfe,july_stratified_ucsf_pdgm_idh_classification_multi_t1_t1c_t2_flair_swi_asl,july,brainiac_scratch,ucsf_pdgm_idh,t1_t1c_t2_flair_swi_asl_adc_dwi,,,,,,,,,,,,,,,,,
7245191511.77590-00122295-fc18,brainiac_pretrained_multi_t1_t1c_t2_flair_swi_asl_2025-08-10_06-56-40,failed,2025-08-10T06:57:01Z,https://microsoft-research.wandb.io/t-jiachentu/july_stratified_ucsf_pdgm_idh_classification_multi_t1_t1c_t2_flair_swi_asl/runs/7245191511.77590-00122295-fc18,july_stratified_ucsf_pdgm_idh_classification_multi_t1_t1c_t2_flair_swi_asl,july,brainiac_pretrained,ucsf_pdgm_idh,t1_t1c_t2_flair_swi_asl_adc_dwi,,,,,,,,,,,,,,,,,
7245190927.26383-d7b15861-6ed8,brainmvp_pretrained_multi_t1_t1c_t2_flair_swi_asl_2025-08-10_07-02-29,finished,2025-08-10T07:02:51Z,https://microsoft-research.wandb.io/t-jiachentu/july_stratified_ucsf_pdgm_idh_classification_multi_t1_t1c_t2_flair_swi_asl/runs/7245190927.26383-d7b15861-6ed8,july_stratified_ucsf_pdgm_idh_classification_multi_t1_t1c_t2_flair_swi_asl,july,brainmvp_pretrained,ucsf_pdgm_idh,t1_t1c_t2_flair_swi_asl_adc_dwi,0.8021978139877319,0.7471223473548889,0.4406779706478119,0.5,200.0,0.7912801504135132,0.7451604604721069,0.5919351577758789,0.5822510719299316,0.996951162815094,0.998445451259613,0.9689443111419678,0.9689443111419678,brainmvp,6e-05,1.0,200.0
7245190338.96816-f122fb51-1528,dinov2_frozen_multi_t1_t1c_t2_flair_swi_asl_2025-08-10_07-15-31,crashed,2025-08-10T07:15:50Z,https://microsoft-research.wandb.io/t-jiachentu/july_stratified_ucsf_pdgm_idh_classification_multi_t1_t1c_t2_flair_swi_asl/runs/7245190338.96816-f122fb51-1528,july_stratified_ucsf_pdgm_idh_classification_multi_t1_t1c_t2_flair_swi_asl,july,dinov2_frozen,ucsf_pdgm_idh,t1_t1c_t2_flair_swi_asl_adc_dwi,,,,,,,,,,,,,,,,,
7245190313.58361-7c6b24a9-00f8,dinov2_pretrained_multi_t1_t1c_t2_flair_swi_asl_2025-08-10_07-15-41,failed,2025-08-10T07:16:01Z,https://microsoft-research.wandb.io/t-jiachentu/july_stratified_ucsf_pdgm_idh_classification_multi_t1_t1c_t2_flair_swi_asl/runs/7245190313.58361-7c6b24a9-00f8,july_stratified_ucsf_pdgm_idh_classification_multi_t1_t1c_t2_flair_swi_asl,july,dinov2_pretrained,ucsf_pdgm_idh,t1_t1c_t2_flair_swi_asl_adc_dwi,,,,,,,,,,,,,,,,,
7245189529.25111-c610493c-f6d1,mri_core_frozen_multi_t1_t1c_t2_flair_swi_asl_2025-08-10_07-29-40,crashed,2025-08-10T07:30:13Z,https://microsoft-research.wandb.io/t-jiachentu/july_stratified_ucsf_pdgm_idh_classification_multi_t1_t1c_t2_flair_swi_asl/runs/7245189529.25111-c610493c-f6d1,july_stratified_ucsf_pdgm_idh_classification_multi_t1_t1c_t2_flair_swi_asl,july,mri_core_frozen,ucsf_pdgm_idh,t1_t1c_t2_flair_swi_asl_adc_dwi,,,,,,,,,,,,,,,,,
7245189504.09872-1b707f90-dab1,mri_core_pretrained_multi_t1_t1c_t2_flair_swi_asl_2025-08-10_07-30-57,failed,2025-08-10T07:32:21Z,https://microsoft-research.wandb.io/t-jiachentu/july_stratified_ucsf_pdgm_idh_classification_multi_t1_t1c_t2_flair_swi_asl/runs/7245189504.09872-1b707f90-dab1,july_stratified_ucsf_pdgm_idh_classification_multi_t1_t1c_t2_flair_swi_asl,july,mri_core_pretrained,ucsf_pdgm_idh,t1_t1c_t2_flair_swi_asl_adc_dwi,,,,,,,,,,,,,,,,,
7245188935.69192-3d994349-4393,resenc_pretrained_multi_t1_t1c_t2_flair_swi_asl_2025-08-10_07-33-30,crashed,2025-08-10T07:34:06Z,https://microsoft-research.wandb.io/t-jiachentu/july_stratified_ucsf_pdgm_idh_classification_multi_t1_t1c_t2_flair_swi_asl/runs/7245188935.69192-3d994349-4393,july_stratified_ucsf_pdgm_idh_classification_multi_t1_t1c_t2_flair_swi_asl,july,resenc_pretrained,ucsf_pdgm_idh,t1_t1c_t2_flair_swi_asl_adc_dwi,,,,,,,,,,,,,,,,,
7245188513.01459-411e1aa7-503c,resenc_MDAETrainer_RandomMask_Flow_BS48_2000ep_pretrained_multi_t1_t1c_t2_flair_swi_asl_2025-08-10_07-41-44,crashed,2025-08-10T07:42:22Z,https://microsoft-research.wandb.io/t-jiachentu/july_stratified_ucsf_pdgm_idh_classification_multi_t1_t1c_t2_flair_swi_asl/runs/7245188513.01459-411e1aa7-503c,july_stratified_ucsf_pdgm_idh_classification_multi_t1_t1c_t2_flair_swi_asl,july,resenc_MDAETrainer_RandomMask_Flow_BS48_2000ep_pretrained,ucsf_pdgm_idh,t1_t1c_t2_flair_swi_asl_adc_dwi,,,,,,,,,,,,,,,,,
7245188067.29037-ec0c4fb0-1f98,resenc_time_conditioned_pretrained_multi_t1_t1c_t2_flair_swi_asl_2025-08-10_07-47-48,finished,2025-08-10T07:50:21Z,https://microsoft-research.wandb.io/t-jiachentu/july_stratified_ucsf_pdgm_idh_classification_multi_t1_t1c_t2_flair_swi_asl/runs/7245188067.29037-ec0c4fb0-1f98,july_stratified_ucsf_pdgm_idh_classification_multi_t1_t1c_t2_flair_swi_asl,july,resenc_time_conditioned_pretrained,ucsf_pdgm_idh,t1_t1c_t2_flair_swi_asl_adc_dwi,0.7075701951980591,0.6158081889152527,0.4406779706478119,0.5,180.0,0.7631416320800781,0.7084562182426453,0.6318798065185547,0.6255411505699158,0.7918293476104736,0.8540488481521606,0.7221947908401489,0.7507292032241821,ResEncTimeConditioned,7e-05,2.0,180.0
7245182255.00644-62d85842-2d4e,resenc_pretrained_multi_t1_t1c_t2_flair_swi_asl_2025-08-10_09-25-08,crashed,2025-08-10T09:25:48Z,https://microsoft-research.wandb.io/t-jiachentu/july_stratified_ucsf_pdgm_idh_classification_multi_t1_t1c_t2_flair_swi_asl/runs/7245182255.00644-62d85842-2d4e,july_stratified_ucsf_pdgm_idh_classification_multi_t1_t1c_t2_flair_swi_asl,july,resenc_pretrained,ucsf_pdgm_idh,t1_t1c_t2_flair_swi_asl_adc_dwi,,,,,,,,,,,,,,,,,
7245181658.70234-e77b65f8-d1ee,resenc_time_conditioned_pretrained_multi_t1_t1c_t2_flair_swi_asl_2025-08-10_09-35-05,finished,2025-08-10T09:37:53Z,https://microsoft-research.wandb.io/t-jiachentu/july_stratified_ucsf_pdgm_idh_classification_multi_t1_t1c_t2_flair_swi_asl/runs/7245181658.70234-e77b65f8-d1ee,july_stratified_ucsf_pdgm_idh_classification_multi_t1_t1c_t2_flair_swi_asl,july,resenc_time_conditioned_pretrained,ucsf_pdgm_idh,t1_t1c_t2_flair_swi_asl_adc_dwi,0.7576313018798828,0.6830803155899048,0.5454545617103577,0.5439560413360596,200.0,0.7854050397872925,0.7701535224914551,0.6959006786346436,0.6861472129821777,0.9544790983200072,0.9527982473373412,0.9016393423080444,0.9328495264053344,ResEncTimeConditioned,5e-05,2.0,200.0
7245181886.04185-60b102b7-dda6,resenc_multimodal_mm_mdae_pretrained_pretrained_multi_t1_t1c_t2_flair_swi_asl_2025-08-10_09-37-41,crashed,2025-08-10T09:38:10Z,https://microsoft-research.wandb.io/t-jiachentu/july_stratified_ucsf_pdgm_idh_classification_multi_t1_t1c_t2_flair_swi_asl/runs/7245181886.04185-60b102b7-dda6,july_stratified_ucsf_pdgm_idh_classification_multi_t1_t1c_t2_flair_swi_asl,july,resenc_multimodal_mm_mdae_pretrained_pretrained,ucsf_pdgm_idh,t1_t1c_t2_flair_swi_asl_adc_dwi,,,,,,,,,,,,,,,,,
7245181491.10954-77048a5e-e0a2,resenc_pretrained_multi_t1_t1c_t2_flair_swi_asl_2025-08-10_09-42-23,crashed,2025-08-10T09:42:56Z,https://microsoft-research.wandb.io/t-jiachentu/july_stratified_ucsf_pdgm_idh_classification_multi_t1_t1c_t2_flair_swi_asl/runs/7245181491.10954-77048a5e-e0a2,july_stratified_ucsf_pdgm_idh_classification_multi_t1_t1c_t2_flair_swi_asl,july,resenc_pretrained,ucsf_pdgm_idh,t1_t1c_t2_flair_swi_asl_adc_dwi,,,,,,,,,,,,,,,,,
7245181147.33273-10c291e0-8055,resenc_MDAE_pretrained_multi_t1_t1c_t2_flair_swi_asl_2025-08-10_09-43-05,crashed,2025-08-10T09:43:39Z,https://microsoft-research.wandb.io/t-jiachentu/july_stratified_ucsf_pdgm_idh_classification_multi_t1_t1c_t2_flair_swi_asl/runs/7245181147.33273-10c291e0-8055,july_stratified_ucsf_pdgm_idh_classification_multi_t1_t1c_t2_flair_swi_asl,july,resenc_MDAE_pretrained,ucsf_pdgm_idh,t1_t1c_t2_flair_swi_asl_adc_dwi,,,,,,,,,,,,,,,,,
7245180193.49634-6faa226f-04a2,resenc_multimodal_mm_mdae_pretrained_pretrained_multi_t1_t1c_t2_flair_swi_asl_2025-08-10_09-59-00,crashed,2025-08-10T09:59:24Z,https://microsoft-research.wandb.io/t-jiachentu/july_stratified_ucsf_pdgm_idh_classification_multi_t1_t1c_t2_flair_swi_asl/runs/7245180193.49634-6faa226f-04a2,july_stratified_ucsf_pdgm_idh_classification_multi_t1_t1c_t2_flair_swi_asl,july,resenc_multimodal_mm_mdae_pretrained_pretrained,ucsf_pdgm_idh,t1_t1c_t2_flair_swi_asl_adc_dwi,,,,,,,,,,,,,,,,,
7245179487.04958-071c5677-b41f,resenc_SimCLR_pretrained_multi_t1_t1c_t2_flair_swi_asl_2025-08-10_10-11-00,crashed,2025-08-10T10:11:36Z,https://microsoft-research.wandb.io/t-jiachentu/july_stratified_ucsf_pdgm_idh_classification_multi_t1_t1c_t2_flair_swi_asl/runs/7245179487.04958-071c5677-b41f,july_stratified_ucsf_pdgm_idh_classification_multi_t1_t1c_t2_flair_swi_asl,july,resenc_SimCLR_pretrained,ucsf_pdgm_idh,t1_t1c_t2_flair_swi_asl_adc_dwi,,,,,,,,,,,,,,,,,
7245179116.47424-509b868f-d382,resenc_SwinUNETR_pretrained_multi_t1_t1c_t2_flair_swi_asl_2025-08-10_10-16-57,finished,2025-08-10T10:17:25Z,https://microsoft-research.wandb.io/t-jiachentu/july_stratified_ucsf_pdgm_idh_classification_multi_t1_t1c_t2_flair_swi_asl/runs/7245179116.47424-509b868f-d382,july_stratified_ucsf_pdgm_idh_classification_multi_t1_t1c_t2_flair_swi_asl,july,resenc_SwinUNETR_pretrained,ucsf_pdgm_idh,t1_t1c_t2_flair_swi_asl_adc_dwi,0.8571428656578064,0.8414120078086853,0.7744084596633911,0.7426739931106567,180.0,0.8630179166793823,0.8267229795455933,0.761805534362793,0.7359307408332825,0.9894046783447266,0.9858323931694032,0.9896481037139891,0.9896481037139891,ResEncoder_Classifier,7e-05,2.0,180.0
7245178766.91847-d3e842f6-a418,resenc_time_conditioned_pretrained_multi_t1_t1c_t2_flair_swi_asl_2025-08-10_10-32-34,finished,2025-08-10T10:33:32Z,https://microsoft-research.wandb.io/t-jiachentu/july_stratified_ucsf_pdgm_idh_classification_multi_t1_t1c_t2_flair_swi_asl/runs/7245178766.91847-d3e842f6-a418,july_stratified_ucsf_pdgm_idh_classification_multi_t1_t1c_t2_flair_swi_asl,july,resenc_time_conditioned_pretrained,ucsf_pdgm_idh,t1_t1c_t2_flair_swi_asl_adc_dwi,0.8644688725471497,0.8387388586997986,0.749099612236023,0.791208803653717,200.0,0.884353756904602,0.8504636883735657,0.7548197507858276,0.7683982849121094,0.9703397750854492,0.984030544757843,0.913298487663269,0.9209148287773132,ResEncTimeConditioned,5e-05,2.0,200.0
7245178059.70949-5df20608-bc9d,resenc_VoCo_pretrained_multi_t1_t1c_t2_flair_swi_asl_2025-08-10_10-34-46,crashed,2025-08-10T10:35:27Z,https://microsoft-research.wandb.io/t-jiachentu/july_stratified_ucsf_pdgm_idh_classification_multi_t1_t1c_t2_flair_swi_asl/runs/7245178059.70949-5df20608-bc9d,july_stratified_ucsf_pdgm_idh_classification_multi_t1_t1c_t2_flair_swi_asl,july,resenc_VoCo_pretrained,ucsf_pdgm_idh,t1_t1c_t2_flair_swi_asl_adc_dwi,,,,,,,,,,,,,,,,,
7244959584.99932-adeb4c3e-1584,mri_core_pretrained_multi_t1_t1c_t2_flair_swi_asl_2025-08-12_23-15-50,failed,2025-08-12T23:16:22Z,https://microsoft-research.wandb.io/t-jiachentu/july_stratified_ucsf_pdgm_idh_classification_multi_t1_t1c_t2_flair_swi_asl/runs/7244959584.99932-adeb4c3e-1584,july_stratified_ucsf_pdgm_idh_classification_multi_t1_t1c_t2_flair_swi_asl,july,mri_core_pretrained,ucsf_pdgm_idh,t1_t1c_t2_flair_swi_asl_adc_dwi,,,,,,,,,,,,,,,,,
7244959560.64397-184acebd-b6d2,resenc_pretrained_multi_t1_t1c_t2_flair_swi_asl_2025-08-12_23-16-06,crashed,2025-08-12T23:16:38Z,https://microsoft-research.wandb.io/t-jiachentu/july_stratified_ucsf_pdgm_idh_classification_multi_t1_t1c_t2_flair_swi_asl/runs/7244959560.64397-184acebd-b6d2,july_stratified_ucsf_pdgm_idh_classification_multi_t1_t1c_t2_flair_swi_asl,july,resenc_pretrained,ucsf_pdgm_idh,t1_t1c_t2_flair_swi_asl_adc_dwi,,,,,,,,,,,,,,,,,
7244959535.99021-bff781d7-d5bb,resenc_MDAETrainer_RandomMask_Flow_BS48_2000ep_pretrained_multi_t1_t1c_t2_flair_swi_asl_2025-08-12_23-16-33,crashed,2025-08-12T23:17:04Z,https://microsoft-research.wandb.io/t-jiachentu/july_stratified_ucsf_pdgm_idh_classification_multi_t1_t1c_t2_flair_swi_asl/runs/7244959535.99021-bff781d7-d5bb,july_stratified_ucsf_pdgm_idh_classification_multi_t1_t1c_t2_flair_swi_asl,july,resenc_MDAETrainer_RandomMask_Flow_BS48_2000ep_pretrained,ucsf_pdgm_idh,t1_t1c_t2_flair_swi_asl_adc_dwi,,,,,,,,,,,,,,,,,
7244959511.31998-c4f168d6-4f32,resenc_MDAE_pretrained_multi_t1_t1c_t2_flair_swi_asl_2025-08-12_23-17-01,crashed,2025-08-12T23:17:32Z,https://microsoft-research.wandb.io/t-jiachentu/july_stratified_ucsf_pdgm_idh_classification_multi_t1_t1c_t2_flair_swi_asl/runs/7244959511.31998-c4f168d6-4f32,july_stratified_ucsf_pdgm_idh_classification_multi_t1_t1c_t2_flair_swi_asl,july,resenc_MDAE_pretrained,ucsf_pdgm_idh,t1_t1c_t2_flair_swi_asl_adc_dwi,,,,,,,,,,,,,,,,,
7244959487.12536-78963503-94cc,resenc_multimodal_mm_mdae_pretrained_pretrained_multi_t1_t1c_t2_flair_swi_asl_2025-08-12_23-17-24,crashed,2025-08-12T23:17:51Z,https://microsoft-research.wandb.io/t-jiachentu/july_stratified_ucsf_pdgm_idh_classification_multi_t1_t1c_t2_flair_swi_asl/runs/7244959487.12536-78963503-94cc,july_stratified_ucsf_pdgm_idh_classification_multi_t1_t1c_t2_flair_swi_asl,july,resenc_multimodal_mm_mdae_pretrained_pretrained,ucsf_pdgm_idh,t1_t1c_t2_flair_swi_asl_adc_dwi,,,,,,,,,,,,,,,,,
7244959461.61308-43837a6b-3876,resenc_time_conditioned_pretrained_multi_t1_t1c_t2_flair_swi_asl_2025-08-12_23-17-56,crashed,2025-08-12T23:18:47Z,https://microsoft-research.wandb.io/t-jiachentu/july_stratified_ucsf_pdgm_idh_classification_multi_t1_t1c_t2_flair_swi_asl/runs/7244959461.61308-43837a6b-3876,july_stratified_ucsf_pdgm_idh_classification_multi_t1_t1c_t2_flair_swi_asl,july,resenc_time_conditioned_pretrained,ucsf_pdgm_idh,t1_t1c_t2_flair_swi_asl_adc_dwi,,,,,,,,,,,,,,,,,
7244959433.16219-712fd919-6d89,resenc_VoCo_pretrained_multi_t1_t1c_t2_flair_swi_asl_2025-08-12_23-18-24,crashed,2025-08-12T23:18:54Z,https://microsoft-research.wandb.io/t-jiachentu/july_stratified_ucsf_pdgm_idh_classification_multi_t1_t1c_t2_flair_swi_asl/runs/7244959433.16219-712fd919-6d89,july_stratified_ucsf_pdgm_idh_classification_multi_t1_t1c_t2_flair_swi_asl,july,resenc_VoCo_pretrained,ucsf_pdgm_idh,t1_t1c_t2_flair_swi_asl_adc_dwi,,,,,,,,,,,,,,,,,
7244959408.69356-becf8537-fee9,resenc_SimCLR_pretrained_multi_t1_t1c_t2_flair_swi_asl_2025-08-12_23-18-43,crashed,2025-08-12T23:19:13Z,https://microsoft-research.wandb.io/t-jiachentu/july_stratified_ucsf_pdgm_idh_classification_multi_t1_t1c_t2_flair_swi_asl/runs/7244959408.69356-becf8537-fee9,july_stratified_ucsf_pdgm_idh_classification_multi_t1_t1c_t2_flair_swi_asl,july,resenc_SimCLR_pretrained,ucsf_pdgm_idh,t1_t1c_t2_flair_swi_asl_adc_dwi,,,,,,,,,,,,,,,,,
7244959683.80298-1d0d2d2d-e077,brainiac_pretrained_multi_t1_t1c_t2_flair_swi_asl_2025-08-12_23-19-15,failed,2025-08-12T23:19:33Z,https://microsoft-research.wandb.io/t-jiachentu/july_stratified_ucsf_pdgm_idh_classification_multi_t1_t1c_t2_flair_swi_asl/runs/7244959683.80298-1d0d2d2d-e077,july_stratified_ucsf_pdgm_idh_classification_multi_t1_t1c_t2_flair_swi_asl,july,brainiac_pretrained,ucsf_pdgm_idh,t1_t1c_t2_flair_swi_asl_adc_dwi,,,,,,,,,,,,,,,,,
7244959658.21711-4dc82f76-f478,brainiac_scratch_multi_t1_t1c_t2_flair_swi_asl_2025-08-12_23-19-27,failed,2025-08-12T23:19:46Z,https://microsoft-research.wandb.io/t-jiachentu/july_stratified_ucsf_pdgm_idh_classification_multi_t1_t1c_t2_flair_swi_asl/runs/7244959658.21711-4dc82f76-f478,july_stratified_ucsf_pdgm_idh_classification_multi_t1_t1c_t2_flair_swi_asl,july,brainiac_scratch,ucsf_pdgm_idh,t1_t1c_t2_flair_swi_asl_adc_dwi,,,,,,,,,,,,,,,,,
7244959633.62330-e2fb160f-fa00,brainmvp_pretrained_multi_t1_t1c_t2_flair_swi_asl_2025-08-12_23-19-46,finished,2025-08-12T23:20:05Z,https://microsoft-research.wandb.io/t-jiachentu/july_stratified_ucsf_pdgm_idh_classification_multi_t1_t1c_t2_flair_swi_asl/runs/7244959633.62330-e2fb160f-fa00,july_stratified_ucsf_pdgm_idh_classification_multi_t1_t1c_t2_flair_swi_asl,july,brainmvp_pretrained,ucsf_pdgm_idh,t1_t1c_t2_flair_swi_asl_adc_dwi,0.6810134053230286,0.6402263641357422,0.4375,0.49358972907066345,200.0,0.8107606172561646,0.7857363224029541,0.6559983491897583,0.6298701167106628,0.9990663528442384,0.9995054006576538,0.9814513921737672,0.9843775033950806,brainmvp,5e-05,1.0,200.0
7244959308.82899-213b7250-e4fa,resenc_MG_pretrained_multi_t1_t1c_t2_flair_swi_asl_2025-08-12_23-20-42,crashed,2025-08-12T23:21:15Z,https://microsoft-research.wandb.io/t-jiachentu/july_stratified_ucsf_pdgm_idh_classification_multi_t1_t1c_t2_flair_swi_asl/runs/7244959308.82899-213b7250-e4fa,july_stratified_ucsf_pdgm_idh_classification_multi_t1_t1c_t2_flair_swi_asl,july,resenc_MG_pretrained,ucsf_pdgm_idh,t1_t1c_t2_flair_swi_asl_adc_dwi,,,,,,,,,,,,,,,,,
7244959609.46733-5256d919-8027,dinov2_pretrained_multi_t1_t1c_t2_flair_swi_asl_2025-08-12_23-21-15,failed,2025-08-12T23:21:33Z,https://microsoft-research.wandb.io/t-jiachentu/july_stratified_ucsf_pdgm_idh_classification_multi_t1_t1c_t2_flair_swi_asl/runs/7244959609.46733-5256d919-8027,july_stratified_ucsf_pdgm_idh_classification_multi_t1_t1c_t2_flair_swi_asl,july,dinov2_pretrained,ucsf_pdgm_idh,t1_t1c_t2_flair_swi_asl_adc_dwi,,,,,,,,,,,,,,,,,
7244959358.52047-2029a6aa-05a5,resenc_SwinUNETR_pretrained_multi_t1_t1c_t2_flair_swi_asl_2025-08-12_23-28-24,crashed,2025-08-12T23:28:56Z,https://microsoft-research.wandb.io/t-jiachentu/july_stratified_ucsf_pdgm_idh_classification_multi_t1_t1c_t2_flair_swi_asl/runs/7244959358.52047-2029a6aa-05a5,july_stratified_ucsf_pdgm_idh_classification_multi_t1_t1c_t2_flair_swi_asl,july,resenc_SwinUNETR_pretrained,ucsf_pdgm_idh,t1_t1c_t2_flair_swi_asl_adc_dwi,,,,,,,,,,,,,,,,,
7244955676.07637-70a6a5d6-4383,brainiac_pretrained_multi_t1_t1c_t2_flair_swi_asl_2025-08-13_00-20-54,failed,2025-08-13T00:21:17Z,https://microsoft-research.wandb.io/t-jiachentu/july_stratified_ucsf_pdgm_idh_classification_multi_t1_t1c_t2_flair_swi_asl/runs/7244955676.07637-70a6a5d6-4383,july_stratified_ucsf_pdgm_idh_classification_multi_t1_t1c_t2_flair_swi_asl,july,brainiac_pretrained,ucsf_pdgm_idh,t1_t1c_t2_flair_swi_asl_adc_dwi,,,,,,,,,,,,,,brainiac,5e-05,4.0,200.0
7244955650.94869-143a972d-82a9,brainiac_scratch_multi_t1_t1c_t2_flair_swi_asl_2025-08-13_00-21-26,failed,2025-08-13T00:21:45Z,https://microsoft-research.wandb.io/t-jiachentu/july_stratified_ucsf_pdgm_idh_classification_multi_t1_t1c_t2_flair_swi_asl/runs/7244955650.94869-143a972d-82a9,july_stratified_ucsf_pdgm_idh_classification_multi_t1_t1c_t2_flair_swi_asl,july,brainiac_scratch,ucsf_pdgm_idh,t1_t1c_t2_flair_swi_asl_adc_dwi,,,,,,,,,,,,,,brainiac,5e-05,4.0,200.0
7244955626.47955-3f27e9d3-9d37,brainmvp_pretrained_multi_t1_t1c_t2_flair_swi_asl_2025-08-13_00-21-57,crashed,2025-08-13T00:22:19Z,https://microsoft-research.wandb.io/t-jiachentu/july_stratified_ucsf_pdgm_idh_classification_multi_t1_t1c_t2_flair_swi_asl/runs/7244955626.47955-3f27e9d3-9d37,july_stratified_ucsf_pdgm_idh_classification_multi_t1_t1c_t2_flair_swi_asl,july,brainmvp_pretrained,ucsf_pdgm_idh,t1_t1c_t2_flair_swi_asl_adc_dwi,,,,,99.0,0.832405686378479,0.8241608142852783,0.7739130258560181,0.7424242496490479,0.8195756673812866,0.8629875183105469,0.6730144023895264,0.7010204195976257,brainmvp,5e-05,4.0,200.0
7244955602.16954-80caaf80-4413,dinov2_pretrained_multi_t1_t1c_t2_flair_swi_asl_2025-08-13_00-22-17,failed,2025-08-13T00:22:38Z,https://microsoft-research.wandb.io/t-jiachentu/july_stratified_ucsf_pdgm_idh_classification_multi_t1_t1c_t2_flair_swi_asl/runs/7244955602.16954-80caaf80-4413,july_stratified_ucsf_pdgm_idh_classification_multi_t1_t1c_t2_flair_swi_asl,july,dinov2_pretrained,ucsf_pdgm_idh,t1_t1c_t2_flair_swi_asl_adc_dwi,,,,,,,,,,,,,,dinov2,5e-05,4.0,50.0
7244955553.44868-48c85bbb-114a,resenc_pretrained_multi_t1_t1c_t2_flair_swi_asl_2025-08-13_00-22-50,crashed,2025-08-13T00:23:20Z,https://microsoft-research.wandb.io/t-jiachentu/july_stratified_ucsf_pdgm_idh_classification_multi_t1_t1c_t2_flair_swi_asl/runs/7244955553.44868-48c85bbb-114a,july_stratified_ucsf_pdgm_idh_classification_multi_t1_t1c_t2_flair_swi_asl,july,resenc_pretrained,ucsf_pdgm_idh,t1_t1c_t2_flair_swi_asl_adc_dwi,,,,,,,,,,,,,,,,,
7244955527.97573-ed006374-c5a5,resenc_MDAETrainer_RandomMask_Flow_BS48_2000ep_pretrained_multi_t1_t1c_t2_flair_swi_asl_2025-08-13_00-23-16,finished,2025-08-13T00:23:46Z,https://microsoft-research.wandb.io/t-jiachentu/july_stratified_ucsf_pdgm_idh_classification_multi_t1_t1c_t2_flair_swi_asl/runs/7244955527.97573-ed006374-c5a5,july_stratified_ucsf_pdgm_idh_classification_multi_t1_t1c_t2_flair_swi_asl,july,resenc_MDAETrainer_RandomMask_Flow_BS48_2000ep_pretrained,ucsf_pdgm_idh,t1_t1c_t2_flair_swi_asl_adc_dwi,0.9297924041748048,0.8780913352966309,0.800804853439331,0.8800365924835205,200.0,0.8620902299880981,0.8613936901092529,0.8167601823806763,0.790043294429779,0.9998584985733032,0.9999293684959412,0.9896481037139891,0.9896481037139891,ResEncoder_Classifier,5e-05,4.0,200.0
7244955478.73250-e2e10fc5-467b,resenc_multimodal_mm_mdae_pretrained_pretrained_multi_t1_t1c_t2_flair_swi_asl_2025-08-13_00-24-26,finished,2025-08-13T00:24:52Z,https://microsoft-research.wandb.io/t-jiachentu/july_stratified_ucsf_pdgm_idh_classification_multi_t1_t1c_t2_flair_swi_asl/runs/7244955478.73250-e2e10fc5-467b,july_stratified_ucsf_pdgm_idh_classification_multi_t1_t1c_t2_flair_swi_asl,july,resenc_multimodal_mm_mdae_pretrained_pretrained,ucsf_pdgm_idh,t1_t1c_t2_flair_swi_asl_adc_dwi,0.8443223237991333,0.7491264343261719,0.7056757211685181,0.7371795177459717,200.0,0.8824985027313232,0.7909538149833679,0.7900899648666382,0.8160173296928406,0.9821290969848632,0.9898954033851624,0.9607475996017456,0.9635474681854248,ResEncoderMultiModal_Classifier,5e-05,4.0,200.0
7244955445.76969-6a70b200-e34d,resenc_time_conditioned_pretrained_multi_t1_t1c_t2_flair_swi_asl_2025-08-13_00-24-43,finished,2025-08-13T00:25:34Z,https://microsoft-research.wandb.io/t-jiachentu/july_stratified_ucsf_pdgm_idh_classification_multi_t1_t1c_t2_flair_swi_asl/runs/7244955445.76969-6a70b200-e34d,july_stratified_ucsf_pdgm_idh_classification_multi_t1_t1c_t2_flair_swi_asl,july,resenc_time_conditioned_pretrained,ucsf_pdgm_idh,t1_t1c_t2_flair_swi_asl_adc_dwi,0.8238705396652222,0.7904159426689148,0.6672269105911255,0.6364468932151794,200.0,0.8259122371673584,0.7711061239242554,0.7739130258560181,0.7424242496490479,0.9570936560630798,0.9676371216773988,0.8645421266555786,0.8978382349014282,ResEncTimeConditioned,5e-05,4.0,200.0
7244955421.19721-0626fd73-9c12,resenc_VoCo_pretrained_multi_t1_t1c_t2_flair_swi_asl_2025-08-13_00-25-29,finished,2025-08-13T00:25:59Z,https://microsoft-research.wandb.io/t-jiachentu/july_stratified_ucsf_pdgm_idh_classification_multi_t1_t1c_t2_flair_swi_asl/runs/7244955421.19721-0626fd73-9c12,july_stratified_ucsf_pdgm_idh_classification_multi_t1_t1c_t2_flair_swi_asl,july,resenc_VoCo_pretrained,ucsf_pdgm_idh,t1_t1c_t2_flair_swi_asl_adc_dwi,0.9157508611679076,0.8993326425552368,0.8302469253540039,0.7967033386230469,200.0,0.8555967807769775,0.8430532217025757,0.8041305541992188,0.7835497856140137,1.0,1.0,1.0,1.0,ResEncoder_Classifier,5e-05,4.0,200.0
7244955395.75773-a7ad0725-2378,resenc_SimCLR_pretrained_multi_t1_t1c_t2_flair_swi_asl_2025-08-13_00-25-47,finished,2025-08-13T00:26:17Z,https://microsoft-research.wandb.io/t-jiachentu/july_stratified_ucsf_pdgm_idh_classification_multi_t1_t1c_t2_flair_swi_asl/runs/7244955395.75773-a7ad0725-2378,july_stratified_ucsf_pdgm_idh_classification_multi_t1_t1c_t2_flair_swi_asl,july,resenc_SimCLR_pretrained,ucsf_pdgm_idh,t1_t1c_t2_flair_swi_asl_adc_dwi,0.7460317611694336,0.6979003548622131,0.6355828046798706,0.6217948794364929,200.0,0.8039579391479492,0.7664020657539368,0.7070024013519287,0.7034631967544556,0.958544135093689,0.9773176908493042,0.9361574649810792,0.9469433426856996,ResEncoder_Classifier,5e-05,4.0,200.0
7244955347.18173-73facb0b-7ab0,resenc_SwinUNETR_pretrained_multi_t1_t1c_t2_flair_swi_asl_2025-08-13_00-26-19,finished,2025-08-13T00:27:15Z,https://microsoft-research.wandb.io/t-jiachentu/july_stratified_ucsf_pdgm_idh_classification_multi_t1_t1c_t2_flair_swi_asl/runs/7244955347.18173-73facb0b-7ab0,july_stratified_ucsf_pdgm_idh_classification_multi_t1_t1c_t2_flair_swi_asl,july,resenc_SwinUNETR_pretrained,ucsf_pdgm_idh,t1_t1c_t2_flair_swi_asl_adc_dwi,0.865079402923584,0.8508206605911255,0.7839516401290894,0.7600733041763306,200.0,0.8571428060531616,0.8361460566520691,0.8041305541992188,0.7835497856140137,0.9994583129882812,0.9997173547744752,0.9918032884597778,0.9947924613952636,ResEncoder_Classifier,5e-05,4.0,200.0
7244955298.94832-75c2a651-6e78,resenc_MG_pretrained_multi_t1_t1c_t2_flair_swi_asl_2025-08-13_00-28-29,finished,2025-08-13T00:29:10Z,https://microsoft-research.wandb.io/t-jiachentu/july_stratified_ucsf_pdgm_idh_classification_multi_t1_t1c_t2_flair_swi_asl/runs/7244955298.94832-75c2a651-6e78,july_stratified_ucsf_pdgm_idh_classification_multi_t1_t1c_t2_flair_swi_asl,july,resenc_MG_pretrained,ucsf_pdgm_idh,t1_t1c_t2_flair_swi_asl_adc_dwi,0.923076868057251,0.8572482466697693,0.8127027153968811,0.8580585718154907,200.0,0.9140383005142212,0.8978692293167114,0.8534688949584961,0.8658008575439453,1.0,1.0,1.0,1.0,ResEncoder_Classifier,5e-05,4.0,200.0
7244955503.64424-bd3dd9f9-c044,resenc_MDAE_pretrained_multi_t1_t1c_t2_flair_swi_asl_2025-08-13_00-29-54,finished,2025-08-13T00:30:25Z,https://microsoft-research.wandb.io/t-jiachentu/july_stratified_ucsf_pdgm_idh_classification_multi_t1_t1c_t2_flair_swi_asl/runs/7244955503.64424-bd3dd9f9-c044,july_stratified_ucsf_pdgm_idh_classification_multi_t1_t1c_t2_flair_swi_asl,july,resenc_MDAE_pretrained,ucsf_pdgm_idh,t1_t1c_t2_flair_swi_asl_adc_dwi,0.9053723812103271,0.8466269373893738,0.7555555701255798,0.7692307829856873,200.0,0.8917748928070068,0.8730134963989258,0.8239425420761108,0.8073593378067017,0.9976115226745604,0.9987281560897828,0.9672131538391112,0.9787773489952089,ResEncoder_Classifier,5e-05,4.0,200.0
7244955371.73895-fb89ad57-19f3,resenc_VF_pretrained_multi_t1_t1c_t2_flair_swi_asl_2025-08-13_00-32-22,finished,2025-08-13T00:32:51Z,https://microsoft-research.wandb.io/t-jiachentu/july_stratified_ucsf_pdgm_idh_classification_multi_t1_t1c_t2_flair_swi_asl/runs/7244955371.73895-fb89ad57-19f3,july_stratified_ucsf_pdgm_idh_classification_multi_t1_t1c_t2_flair_swi_asl,july,resenc_VF_pretrained,ucsf_pdgm_idh,t1_t1c_t2_flair_swi_asl_adc_dwi,0.9017094373703004,0.8606467247009277,0.8069016933441162,0.8122710585594177,200.0,0.8726035356521606,0.8204384446144104,0.7801281809806824,0.7705627679824829,1.0,1.0,1.0,1.0,ResEncoder_Classifier,5e-05,4.0,200.0
7244955323.01091-42735685-c622,resenc_S3D_pretrained_multi_t1_t1c_t2_flair_swi_asl_2025-08-13_00-32-47,finished,2025-08-13T00:33:17Z,https://microsoft-research.wandb.io/t-jiachentu/july_stratified_ucsf_pdgm_idh_classification_multi_t1_t1c_t2_flair_swi_asl/runs/7244955323.01091-42735685-c622,july_stratified_ucsf_pdgm_idh_classification_multi_t1_t1c_t2_flair_swi_asl,july,resenc_S3D_pretrained,ucsf_pdgm_idh,t1_t1c_t2_flair_swi_asl_adc_dwi,0.7927350997924805,0.72661292552948,0.715925395488739,0.6886447072029114,200.0,0.8651823997497559,0.8420093059539795,0.7801281809806824,0.7705627679824829,0.9895800352096558,0.9898247718811036,0.9650579690933228,0.9736382961273192,ResEncoder_Classifier,5e-05,4.0,200.0
7244954994.53395-352e76e4-edeb,dinov2_pretrained_multi_t1_t1c_t2_flair_swi_asl_2025-08-13_00-39-03,failed,2025-08-13T00:39:35Z,https://microsoft-research.wandb.io/t-jiachentu/july_stratified_ucsf_pdgm_idh_classification_multi_t1_t1c_t2_flair_swi_asl/runs/7244954994.53395-352e76e4-edeb,july_stratified_ucsf_pdgm_idh_classification_multi_t1_t1c_t2_flair_swi_asl,july,dinov2_pretrained,ucsf_pdgm_idh,t1_t1c_t2_flair_swi_asl_adc_dwi,,,,,,,,,,,,,,dinov2,5e-05,4.0,50.0
7244954984.34698-a5ddca49-704b,brainiac_pretrained_multi_t1_t1c_t2_flair_swi_asl_2025-08-13_00-39-07,failed,2025-08-13T00:39:38Z,https://microsoft-research.wandb.io/t-jiachentu/july_stratified_ucsf_pdgm_idh_classification_multi_t1_t1c_t2_flair_swi_asl/runs/7244954984.34698-a5ddca49-704b,july_stratified_ucsf_pdgm_idh_classification_multi_t1_t1c_t2_flair_swi_asl,july,brainiac_pretrained,ucsf_pdgm_idh,t1_t1c_t2_flair_swi_asl_adc_dwi,,,,,,,,,,,,,,brainiac,5e-05,4.0,200.0
7244954969.05718-0b8d3488-69e2,mri_core_pretrained_multi_t1_t1c_t2_flair_swi_asl_2025-08-13_00-39-17,failed,2025-08-13T00:39:57Z,https://microsoft-research.wandb.io/t-jiachentu/july_stratified_ucsf_pdgm_idh_classification_multi_t1_t1c_t2_flair_swi_asl/runs/7244954969.05718-0b8d3488-69e2,july_stratified_ucsf_pdgm_idh_classification_multi_t1_t1c_t2_flair_swi_asl,july,mri_core_pretrained,ucsf_pdgm_idh,t1_t1c_t2_flair_swi_asl_adc_dwi,,,,,,,,,,,,,,MRICore,5e-05,4.0,200.0
7244955016.90370-91a5770a-806f,resenc_time_conditioned_pretrained_multi_t1_t1c_t2_flair_swi_asl_2025-08-13_07-53-12,finished,2025-08-13T00:39:58Z,https://microsoft-research.wandb.io/t-jiachentu/july_stratified_ucsf_pdgm_idh_classification_multi_t1_t1c_t2_flair_swi_asl/runs/7244955016.90370-91a5770a-806f,july_stratified_ucsf_pdgm_idh_classification_multi_t1_t1c_t2_flair_swi_asl,july,resenc_time_conditioned_pretrained,ucsf_pdgm_idh,t1_t1c_t2_flair_swi_asl_adc_dwi,0.8247863054275513,0.771736741065979,0.7294729948043823,0.778388261795044,200.0,0.8286951184272766,0.7725324630737305,0.7487179636955261,0.7402597665786743,0.982626497745514,0.9860796928405762,0.9568611979484558,0.9681659936904908,ResEncTimeConditioned,5e-05,4.0,200.0
7244955577.63925-44195e0b-dd5b,mri_core_pretrained_multi_t1_t1c_t2_flair_swi_asl_2025-08-13_01-19-30,failed,2025-08-13T01:20:03Z,https://microsoft-research.wandb.io/t-jiachentu/july_stratified_ucsf_pdgm_idh_classification_multi_t1_t1c_t2_flair_swi_asl/runs/7244955577.63925-44195e0b-dd5b,july_stratified_ucsf_pdgm_idh_classification_multi_t1_t1c_t2_flair_swi_asl,july,mri_core_pretrained,ucsf_pdgm_idh,t1_t1c_t2_flair_swi_asl_adc_dwi,,,,,,,,,,,,,,MRICore,5e-05,4.0,200.0
7244959894.88061-a702c3c3-0753,mri_core_pretrained_multi_t1_t1c_t2_flair_swi_asl_2025-08-13_19-11-53,crashed,2025-08-13T19:13:35Z,https://microsoft-research.wandb.io/t-jiachentu/july_stratified_ucsf_pdgm_idh_classification_multi_t1_t1c_t2_flair_swi_asl/runs/7244959894.88061-a702c3c3-0753,july_stratified_ucsf_pdgm_idh_classification_multi_t1_t1c_t2_flair_swi_asl,july,mri_core_pretrained,ucsf_pdgm_idh,t1_t1c_t2_flair_swi_asl_adc_dwi,,,,,,,,,,,,,,,,,
7244959859.22686-b004ed04-a52c,dinov2_pretrained_multi_t1_t1c_t2_flair_swi_asl_2025-08-13_19-53-22,crashed,2025-08-13T19:54:48Z,https://microsoft-research.wandb.io/t-jiachentu/july_stratified_ucsf_pdgm_idh_classification_multi_t1_t1c_t2_flair_swi_asl/runs/7244959859.22686-b004ed04-a52c,july_stratified_ucsf_pdgm_idh_classification_multi_t1_t1c_t2_flair_swi_asl,july,dinov2_pretrained,ucsf_pdgm_idh,t1_t1c_t2_flair_swi_asl_adc_dwi,,,,,,,,,,,,,,,,,
7244836565.28510-f9f0f2c7-0511,resenc_pretrained_multi_t1_t1c_t2_flair_swi_asl_2025-08-14_09-25-58,finished,2025-08-14T09:26:30Z,https://microsoft-research.wandb.io/t-jiachentu/july_stratified_ucsf_pdgm_idh_classification_multi_t1_t1c_t2_flair_swi_asl/runs/7244836565.28510-f9f0f2c7-0511,july_stratified_ucsf_pdgm_idh_classification_multi_t1_t1c_t2_flair_swi_asl,july,resenc_pretrained,ucsf_pdgm_idh,t1_t1c_t2_flair_swi_asl_adc_dwi,0.8492063283920288,0.787043571472168,0.7582417726516724,0.7582417726516724,100.0,0.8123067617416382,0.7601361870765686,0.7362439632415771,0.7445887327194214,0.9693534970283508,0.9788016080856324,0.9033704996109008,0.923766016960144,ResEncoder_Classifier,0.0001,2.0,100.0
7244836330.33188-fec05a1d-8c73,resenc_SwinUNETR_pretrained_multi_t1_t1c_t2_flair_swi_asl_2025-08-14_10-18-11,finished,2025-08-14T09:47:05Z,https://microsoft-research.wandb.io/t-jiachentu/july_stratified_ucsf_pdgm_idh_classification_multi_t1_t1c_t2_flair_swi_asl/runs/7244836330.33188-fec05a1d-8c73,july_stratified_ucsf_pdgm_idh_classification_multi_t1_t1c_t2_flair_swi_asl,july,resenc_SwinUNETR_pretrained,ucsf_pdgm_idh,t1_t1c_t2_flair_swi_asl_adc_dwi,0.8504273891448975,0.7791391611099243,0.7493671178817749,0.7408424615859985,100.0,0.8305504322052002,0.8083909749984741,0.7739130258560181,0.7424242496490479,0.930169939994812,0.944177508354187,0.8766251802444458,0.9006555080413818,ResEncoder_Classifier,0.0001,2.0,100.0
7244834483.91235-cbeffc51-f716,resenc_pretrained_multi_t1_t1c_t2_flair_swi_asl_2025-08-14_10-01-37,finished,2025-08-14T10:02:07Z,https://microsoft-research.wandb.io/t-jiachentu/july_stratified_ucsf_pdgm_idh_classification_multi_t1_t1c_t2_flair_swi_asl/runs/7244834483.91235-cbeffc51-f716,july_stratified_ucsf_pdgm_idh_classification_multi_t1_t1c_t2_flair_swi_asl,july,resenc_pretrained,ucsf_pdgm_idh,t1_t1c_t2_flair_swi_asl_adc_dwi,0.7570207118988037,0.7049329876899719,0.6909090876579285,0.6648351550102234,100.0,0.7544835805892944,0.7213475704193115,0.7061958909034729,0.6926407217979431,0.970706343650818,0.974985897541046,0.9158775806427002,0.9396995306015016,ResEncoder_Classifier,0.0001,2.0,100.0
7244834435.24370-836d028c-79e4,resenc_VoCo_pretrained_multi_t1_t1c_t2_flair_swi_asl_2025-08-14_11-01-04,finished,2025-08-14T10:02:18Z,https://microsoft-research.wandb.io/t-jiachentu/july_stratified_ucsf_pdgm_idh_classification_multi_t1_t1c_t2_flair_swi_asl/runs/7244834435.24370-836d028c-79e4,july_stratified_ucsf_pdgm_idh_classification_multi_t1_t1c_t2_flair_swi_asl,july,resenc_VoCo_pretrained,ucsf_pdgm_idh,t1_t1c_t2_flair_swi_asl_adc_dwi,0.8028082847595215,0.7957193851470947,0.7514347434043884,0.7188644409179688,100.0,0.8580704927444458,0.8211065530776978,0.7599216103553772,0.7467532157897949,0.9554243087768556,0.9625494480133056,0.8848219513893127,0.906808376312256,ResEncoder_Classifier,0.0001,2.0,100.0
7244832745.51859-a6bae748-6218,resenc_SimCLR_pretrained_multi_t1_t1c_t2_flair_swi_asl_2025-08-14_10-31-38,finished,2025-08-14T10:32:10Z,https://microsoft-research.wandb.io/t-jiachentu/july_stratified_ucsf_pdgm_idh_classification_multi_t1_t1c_t2_flair_swi_asl/runs/7244832745.51859-a6bae748-6218,july_stratified_ucsf_pdgm_idh_classification_multi_t1_t1c_t2_flair_swi_asl,july,resenc_SimCLR_pretrained,ucsf_pdgm_idh,t1_t1c_t2_flair_swi_asl_adc_dwi,0.8021978139877319,0.690742015838623,0.5527108311653137,0.5503662824630737,100.0,0.8348793983459473,0.7992573380470276,0.7548197507858276,0.7683982849121094,0.8819892406463623,0.913263201713562,0.8084722757339478,0.8321237564086914,ResEncoder_Classifier,0.0001,2.0,100.0
7244832675.59048-4506e083-aa82,resenc_pretrained_multi_t1_t1c_t2_flair_swi_asl_2025-08-14_10-35-30,finished,2025-08-14T10:36:05Z,https://microsoft-research.wandb.io/t-jiachentu/july_stratified_ucsf_pdgm_idh_classification_multi_t1_t1c_t2_flair_swi_asl/runs/7244832675.59048-4506e083-aa82,july_stratified_ucsf_pdgm_idh_classification_multi_t1_t1c_t2_flair_swi_asl,july,resenc_pretrained,ucsf_pdgm_idh,t1_t1c_t2_flair_swi_asl_adc_dwi,0.6135531067848206,0.5807690620422363,0.4406779706478119,0.5,100.0,0.5568954944610596,0.5515965223312378,0.4399999976158142,0.5,0.48716500401496887,0.47498586773872375,0.5,0.441904753446579,ResEncoder_Classifier,0.0001,2.0,100.0
7244796809.24691-64be5de5-0103,resenc_SimCLR_pretrained_multi_t1_t1c_t2_flair_swi_asl_2025-08-14_20-28-57,finished,2025-08-14T20:29:31Z,https://microsoft-research.wandb.io/t-jiachentu/july_stratified_ucsf_pdgm_idh_classification_multi_t1_t1c_t2_flair_swi_asl/runs/7244796809.24691-64be5de5-0103,july_stratified_ucsf_pdgm_idh_classification_multi_t1_t1c_t2_flair_swi_asl,july,resenc_SimCLR_pretrained,ucsf_pdgm_idh,t1_t1c_t2_flair_swi_asl_adc_dwi,0.8034188151359558,0.7587567567825317,0.7623456716537476,0.7362637519836426,200.0,0.8531230688095093,0.8242666721343994,0.8063535690307617,0.8116883039474487,0.9824849367141724,0.9829705953598022,0.9590163826942444,0.9733020067214966,ResEncoder_Classifier,5e-05,4.0,200.0
7244796824.89619-7d6d34a8-fec4,resenc_S3D_pretrained_multi_t1_t1c_t2_flair_swi_asl_2025-08-14_20-28-57,finished,2025-08-14T20:30:00Z,https://microsoft-research.wandb.io/t-jiachentu/july_stratified_ucsf_pdgm_idh_classification_multi_t1_t1c_t2_flair_swi_asl/runs/7244796824.89619-7d6d34a8-fec4,july_stratified_ucsf_pdgm_idh_classification_multi_t1_t1c_t2_flair_swi_asl,july,resenc_S3D_pretrained,ucsf_pdgm_idh,t1_t1c_t2_flair_swi_asl_adc_dwi,0.8189865350723267,0.7753574252128601,0.8000621795654297,0.7948718070983887,200.0,0.8345702290534973,0.8299998641014099,0.7801281809806824,0.7705627679824829,0.9854352474212646,0.985903024673462,0.9590163826942444,0.9733020067214966,ResEncoder_Classifier,5e-05,4.0,200.0
7244797243.43262-ae16be20-101e,mri_core_pretrained_multi_t1_t1c_t2_flair_swi_asl_2025-08-14_20-31-03,failed,2025-08-14T20:32:11Z,https://microsoft-research.wandb.io/t-jiachentu/july_stratified_ucsf_pdgm_idh_classification_multi_t1_t1c_t2_flair_swi_asl/runs/7244797243.43262-ae16be20-101e,july_stratified_ucsf_pdgm_idh_classification_multi_t1_t1c_t2_flair_swi_asl,july,mri_core_pretrained,ucsf_pdgm_idh,t1_t1c_t2_flair_swi_asl_adc_dwi,,,,,,,,,,,,,,MRICore,5e-05,4.0,200.0
7244796937.00070-60609fc5-22db,brainiac_pretrained_multi_t1_t1c_t2_flair_swi_asl_2025-08-14_20-31-56,failed,2025-08-14T20:32:15Z,https://microsoft-research.wandb.io/t-jiachentu/july_stratified_ucsf_pdgm_idh_classification_multi_t1_t1c_t2_flair_swi_asl/runs/7244796937.00070-60609fc5-22db,july_stratified_ucsf_pdgm_idh_classification_multi_t1_t1c_t2_flair_swi_asl,july,brainiac_pretrained,ucsf_pdgm_idh,t1_t1c_t2_flair_swi_asl_adc_dwi,,,,,,,,,,,,,,brainiac,8e-05,4.0,200.0
7244797265.87347-06b8b35c-9b8b,dinov2_pretrained_multi_t1_t1c_t2_flair_swi_asl_2025-08-14_20-31-37,failed,2025-08-14T20:32:34Z,https://microsoft-research.wandb.io/t-jiachentu/july_stratified_ucsf_pdgm_idh_classification_multi_t1_t1c_t2_flair_swi_asl/runs/7244797265.87347-06b8b35c-9b8b,july_stratified_ucsf_pdgm_idh_classification_multi_t1_t1c_t2_flair_swi_asl,july,dinov2_pretrained,ucsf_pdgm_idh,t1_t1c_t2_flair_swi_asl_adc_dwi,,,,,,,,,,,,,,dinov2,5e-05,4.0,50.0
7244796995.86956-23de5686-ddd0,brainmvp_pretrained_multi_t1_t1c_t2_flair_swi_asl_2025-08-14_20-32-13,finished,2025-08-14T20:32:45Z,https://microsoft-research.wandb.io/t-jiachentu/july_stratified_ucsf_pdgm_idh_classification_multi_t1_t1c_t2_flair_swi_asl/runs/7244796995.86956-23de5686-ddd0,july_stratified_ucsf_pdgm_idh_classification_multi_t1_t1c_t2_flair_swi_asl,july,brainmvp_pretrained,ucsf_pdgm_idh,t1_t1c_t2_flair_swi_asl_adc_dwi,0.7799144983291626,0.7333344221115112,0.5650867223739624,0.5650182962417603,200.0,0.7402597665786743,0.7455726861953735,0.6102924346923828,0.5952380895614624,0.9412617087364196,0.9642806649208068,0.8757772445678711,0.8757772445678711,brainmvp,5e-05,4.0,200.0
7244796932.88899-d495de2f-07eb,brainiac_scratch_multi_t1_t1c_t2_flair_swi_asl_2025-08-14_20-32-17,failed,2025-08-14T20:32:48Z,https://microsoft-research.wandb.io/t-jiachentu/july_stratified_ucsf_pdgm_idh_classification_multi_t1_t1c_t2_flair_swi_asl/runs/7244796932.88899-d495de2f-07eb,july_stratified_ucsf_pdgm_idh_classification_multi_t1_t1c_t2_flair_swi_asl,july,brainiac_scratch,ucsf_pdgm_idh,t1_t1c_t2_flair_swi_asl_adc_dwi,,,,,,,,,,,,,,brainiac,8e-05,4.0,200.0
7244797170.52927-b2ae7456-314e,brainiac_scratch_multi_t1_t1c_t2_flair_swi_asl_2025-08-14_20-39-00,failed,2025-08-14T20:39:26Z,https://microsoft-research.wandb.io/t-jiachentu/july_stratified_ucsf_pdgm_idh_classification_multi_t1_t1c_t2_flair_swi_asl/runs/7244797170.52927-b2ae7456-314e,july_stratified_ucsf_pdgm_idh_classification_multi_t1_t1c_t2_flair_swi_asl,july,brainiac_scratch,ucsf_pdgm_idh,t1_t1c_t2_flair_swi_asl_adc_dwi,,,,,,,,,,,,,,brainiac,5e-05,4.0,200.0
7244797184.54605-8b954160-230c,brainiac_pretrained_multi_t1_t1c_t2_flair_swi_asl_2025-08-14_20-39-27,failed,2025-08-14T20:39:54Z,https://microsoft-research.wandb.io/t-jiachentu/july_stratified_ucsf_pdgm_idh_classification_multi_t1_t1c_t2_flair_swi_asl/runs/7244797184.54605-8b954160-230c,july_stratified_ucsf_pdgm_idh_classification_multi_t1_t1c_t2_flair_swi_asl,july,brainiac_pretrained,ucsf_pdgm_idh,t1_t1c_t2_flair_swi_asl_adc_dwi,,,,,,,,,,,,,,brainiac,5e-05,4.0,200.0
7244792677.62196-52450f07-16c6,brainmvp_pretrained_multi_t1_t1c_t2_flair_swi_asl_2025-08-14_21-41-29,finished,2025-08-14T21:41:51Z,https://microsoft-research.wandb.io/t-jiachentu/july_stratified_ucsf_pdgm_idh_classification_multi_t1_t1c_t2_flair_swi_asl/runs/7244792677.62196-52450f07-16c6,july_stratified_ucsf_pdgm_idh_classification_multi_t1_t1c_t2_flair_swi_asl,july,brainmvp_pretrained,ucsf_pdgm_idh,t1_t1c_t2_flair_swi_asl_adc_dwi,0.6810134053230286,0.6402263641357422,0.4375,0.49358972907066345,200.0,0.8107606172561646,0.7857363224029541,0.6559983491897583,0.6298701167106628,0.9990663528442384,0.9995054006576538,0.9814513921737672,0.9843775033950806,brainmvp,5e-05,1.0,200.0
7244792707.36385-2558fe18-fcb0,brainiac_scratch_multi_t1_t1c_t2_flair_swi_asl_2025-08-14_21-41-33,failed,2025-08-14T21:42:04Z,https://microsoft-research.wandb.io/t-jiachentu/july_stratified_ucsf_pdgm_idh_classification_multi_t1_t1c_t2_flair_swi_asl/runs/7244792707.36385-2558fe18-fcb0,july_stratified_ucsf_pdgm_idh_classification_multi_t1_t1c_t2_flair_swi_asl,july,brainiac_scratch,ucsf_pdgm_idh,t1_t1c_t2_flair_swi_asl_adc_dwi,,,,,,,,,,,,,,brainiac,8e-05,1.0,200.0
7244792717.50236-a2445cd5-71bd,brainiac_pretrained_multi_t1_t1c_t2_flair_swi_asl_2025-08-14_21-41-40,failed,2025-08-14T21:42:09Z,https://microsoft-research.wandb.io/t-jiachentu/july_stratified_ucsf_pdgm_idh_classification_multi_t1_t1c_t2_flair_swi_asl/runs/7244792717.50236-a2445cd5-71bd,july_stratified_ucsf_pdgm_idh_classification_multi_t1_t1c_t2_flair_swi_asl,july,brainiac_pretrained,ucsf_pdgm_idh,t1_t1c_t2_flair_swi_asl_adc_dwi,,,,,,,,,,,,,,brainiac,8e-05,1.0,200.0
7244787720.02594-81ba6f01-595d,brainiac_scratch_multi_t1_t1c_t2_flair_swi_asl_2025-08-14_23-05-30,running,2025-08-14T23:05:55Z,https://microsoft-research.wandb.io/t-jiachentu/july_stratified_ucsf_pdgm_idh_classification_multi_t1_t1c_t2_flair_swi_asl/runs/7244787720.02594-81ba6f01-595d,july_stratified_ucsf_pdgm_idh_classification_multi_t1_t1c_t2_flair_swi_asl,july,brainiac_scratch,ucsf_pdgm_idh,t1_t1c_t2_flair_swi_asl_adc_dwi,,,,,147.0,0.5646258592605591,0.5485931038856506,0.24518613517284393,0.5324675440788269,0.982988178730011,0.988411545753479,0.91976398229599,0.9355099201202391,brainiac,5e-05,1.0,200.0
7244787688.04304-e7b68814-a5b5,brainiac_pretrained_multi_t1_t1c_t2_flair_swi_asl_2025-08-14_23-12-27,running,2025-08-14T23:13:05Z,https://microsoft-research.wandb.io/t-jiachentu/july_stratified_ucsf_pdgm_idh_classification_multi_t1_t1c_t2_flair_swi_asl/runs/7244787688.04304-e7b68814-a5b5,july_stratified_ucsf_pdgm_idh_classification_multi_t1_t1c_t2_flair_swi_asl,july,brainiac_pretrained,ucsf_pdgm_idh,t1_t1c_t2_flair_swi_asl_adc_dwi,,,,,98.0,0.5046381950378418,0.523905336856842,0.4399999976158142,0.5,0.5051941871643066,0.5104578733444214,0.5,0.441904753446579,brainiac,5e-05,1.0,200.0
7244786362.41844-872ed587-4316,resenc_scratch_multi_t1_t1c_t2_flair_swi_asl_2025-08-14_23-29-04,running,2025-08-14T23:29:22Z,https://microsoft-research.wandb.io/t-jiachentu/july_stratified_ucsf_pdgm_idh_classification_multi_t1_t1c_t2_flair_swi_asl/runs/7244786362.41844-872ed587-4316,july_stratified_ucsf_pdgm_idh_classification_multi_t1_t1c_t2_flair_swi_asl,july,resenc_scratch,ucsf_pdgm_idh,t1_t1c_t2_flair_swi_asl_adc_dwi,,,,,132.0,0.8153989315032959,0.7615653872489929,0.7267149686813354,0.6948052048683167,0.9885064363479614,0.9850198030471802,0.9836065769195556,0.989520788192749,ResEncoder_Classifier,0.0001,4.0,200.0
7244782681.53115-add298f8-e31f,brainmvp_pretrained_multi_t1_t1c_t2_flair_swi_asl_2025-08-15_00-24-21,finished,2025-08-15T00:24:44Z,https://microsoft-research.wandb.io/t-jiachentu/july_stratified_ucsf_pdgm_idh_classification_multi_t1_t1c_t2_flair_swi_asl/runs/7244782681.53115-add298f8-e31f,july_stratified_ucsf_pdgm_idh_classification_multi_t1_t1c_t2_flair_swi_asl,july,brainmvp_pretrained,ucsf_pdgm_idh,t1_t1c_t2_flair_swi_asl_adc_dwi,0.6523199081420898,0.6060364842414856,0.4406779706478119,0.5,200.0,0.7136672735214233,0.7260427474975586,0.5726743936538696,0.5714285969734192,0.989080011844635,0.9927219152450562,0.9262294769287108,0.9506632685661316,brainmvp,0.0001,4.0,200.0
7244782474.28225-9bf26c2f-25b2,resenc_MDAETrainer_RandomMask_Flow_BS48_2000ep_pretrained_multi_t1_t1c_t2_flair_swi_asl_2025-08-15_03-34-22,running,2025-08-15T00:35:17Z,https://microsoft-research.wandb.io/t-jiachentu/july_stratified_ucsf_pdgm_idh_classification_multi_t1_t1c_t2_flair_swi_asl/runs/7244782474.28225-9bf26c2f-25b2,july_stratified_ucsf_pdgm_idh_classification_multi_t1_t1c_t2_flair_swi_asl,july,resenc_MDAETrainer_RandomMask_Flow_BS48_2000ep_pretrained,ucsf_pdgm_idh,t1_t1c_t2_flair_swi_asl_adc_dwi,,,,,109.0,0.45578229427337646,0.5007306933403015,0.4399999976158142,0.5,0.5243769884109497,0.5084793567657471,0.5,0.441904753446579,ResEncoder_Classifier,0.0001,4.0,200.0
7244782050.32457-cb64e8a8-55eb,resenc_VoCo_pretrained_multi_t1_t1c_t2_flair_swi_asl_2025-08-15_00-34-45,running,2025-08-15T00:35:19Z,https://microsoft-research.wandb.io/t-jiachentu/july_stratified_ucsf_pdgm_idh_classification_multi_t1_t1c_t2_flair_swi_asl/runs/7244782050.32457-cb64e8a8-55eb,july_stratified_ucsf_pdgm_idh_classification_multi_t1_t1c_t2_flair_swi_asl,july,resenc_VoCo_pretrained,ucsf_pdgm_idh,t1_t1c_t2_flair_swi_asl_adc_dwi,,,,,156.0,0.5142239332199097,0.520620584487915,0.4399999976158142,0.5,0.5711093544960022,0.6074053049087524,0.5,0.441904753446579,ResEncoder_Classifier,0.0001,4.0,200.0
7244782277.97943-a5504ecc-7675,resenc_time_conditioned_pretrained_multi_t1_t1c_t2_flair_swi_asl_2025-08-15_03-35-04,running,2025-08-15T00:38:53Z,https://microsoft-research.wandb.io/t-jiachentu/july_stratified_ucsf_pdgm_idh_classification_multi_t1_t1c_t2_flair_swi_asl/runs/7244782277.97943-a5504ecc-7675,july_stratified_ucsf_pdgm_idh_classification_multi_t1_t1c_t2_flair_swi_asl,july,resenc_time_conditioned_pretrained,ucsf_pdgm_idh,t1_t1c_t2_flair_swi_asl_adc_dwi,,,,,97.0,0.7625231742858887,0.6889888048171997,0.7159420251846313,0.7316017150878906,0.8881699442863464,0.9163368940353394,0.843414306640625,0.8629534840583801,ResEncTimeConditioned,0.0001,4.0,200.0
