run_id,run_name,project,modality,model,learning_rate,batch_size,epochs,epoch,test_balanced_accuracy,test_accuracy,test_f1,test_auc,test_precision,test_recall,test_sensitivity,test_specificity,val_balanced_accuracy,val_f1,val_auc,notes
7246063892.97771-d221e0ea-fdd4,resenc_pretrained_t1_2025-07-31_04-33-19,july_stratified_upenn_gbm_survival_2year_single_t1,T1,ResEncoder_Classifier,2e-05,1.0,100.0,100.0,0.5,,0.4433962404727936,,,,,,0.5,0.44285714626312256,,pretrained | model_ResEncoder_Classifier | timestamped
7246044459.59485-ab9e923f-69dc,brainmvp_pretrained_t1_2025-07-31_10-03-12,july_stratified_upenn_gbm_survival_2year_single_t1,T1,brainmvp,2e-05,1.0,100.0,100.0,0.5,,0.4433962404727936,,,,,,0.5,0.44285714626312256,,pretrained | timestamped
7246044408.15930-eaa0f6e4-4534,dinov2_frozen_t1_2025-07-31_10-04-35,july_stratified_upenn_gbm_survival_2year_single_t1,T1,dinov2,2e-05,4.0,50.0,100.0,0.5,,0.4433962404727936,,,,,,0.5,0.44285714626312256,,frozen | timestamped
7246044354.77523-115ac0bd-6c5b,dinov2_pretrained_t1_2025-07-31_10-04-47,july_stratified_upenn_gbm_survival_2year_single_t1,T1,dinov2,2e-05,1.0,50.0,100.0,0.5,,0.4433962404727936,,,,,,0.5,0.44285714626312256,,pretrained | timestamped
7246044137.09457-01051992-a05d,resenc_MDAETrainer_RandomMask_Flow_BS48_2000ep_pretrained_t1_2025-07-31_10-08-27,july_stratified_upenn_gbm_survival_2year_single_t1,T1,ResEncoder_Classifier,2e-05,1.0,200.0,200.0,0.5044326186180115,,0.4891774952411651,,,,,,0.48723119497299194,0.4824971556663513,,pretrained | model_ResEncoder_Classifier | timestamped
7246044300.37853-e61c01c0-5c70,mri_core_frozen_t1_2025-07-31_10-08-53,july_stratified_upenn_gbm_survival_2year_single_t1,T1,MRICore,2e-05,4.0,100.0,100.0,0.5,,0.4433962404727936,,,,,,0.5,0.44285714626312256,,frozen | model_MRICore | timestamped
7246007441.08017-84c28596-7721,resenc_time_conditioned_pretrained_t1_2025-07-31_20-20-29,july_stratified_upenn_gbm_survival_2year_single_t1,T1,ResEncTimeConditioned,2e-05,1.0,200.0,200.0,0.5,,0.4433962404727936,,,,,,0.5,0.44285714626312256,,pretrained | model_ResEncTimeConditioned | timestamped
7245977009.51497-10b018dd-694b,resenc_MDAETrainer_RandomMask_Flow_BS48_2000ep_pretrained_t1_2025-08-01_06-30-39,july_stratified_upenn_gbm_survival_2year_single_t1,T1,ResEncoder_Classifier,2e-05,4.0,200.0,200.0,0.5,,0.4433962404727936,,,,,,0.5,0.44285714626312256,,pretrained | model_ResEncoder_Classifier | timestamped
7245976207.61241-b0d57af3-3c31,resenc_time_conditioned_pretrained_t1_2025-08-01_06-12-54,july_stratified_upenn_gbm_survival_2year_single_t1,T1,ResEncTimeConditioned,2e-05,4.0,200.0,200.0,0.5,,0.4433962404727936,,,,,,0.5,0.44285714626312256,,pretrained | model_ResEncTimeConditioned | timestamped
7245974415.05016-1bff3c3b-5de0,resenc_MDAETrainer_RandomMask_Flow_BS48_2000ep_pretrained_t1_2025-08-01_05-29-05,july_stratified_upenn_gbm_survival_2year_single_t1,T1,ResEncoder_Classifier,2e-05,1.0,200.0,200.0,0.5,,0.4433962404727936,,,,,,0.5,0.44285714626312256,,pretrained | model_ResEncoder_Classifier | timestamped
7245973544.09803-813c4677-1630,resenc_time_conditioned_pretrained_t1_2025-08-01_05-39-22,july_stratified_upenn_gbm_survival_2year_single_t1,T1,ResEncTimeConditioned,2e-05,1.0,200.0,200.0,0.5,,0.4433962404727936,,,,,,0.5,0.44285714626312256,,pretrained | model_ResEncTimeConditioned | timestamped
7245972704.66810-cc798b03-ef03,brainiac_pretrained_t1_2025-08-01_05-59-14,july_stratified_upenn_gbm_survival_2year_single_t1,T1,brainiac,0.0001,1.0,100.0,100.0,0.5,,0.4433962404727936,,,,,,0.5,0.44285714626312256,,pretrained | timestamped
7245971883.98643-484d7bfd-de71,mri_core_pretrained_t1_2025-08-01_06-20-16,july_stratified_upenn_gbm_survival_2year_single_t1,T1,MRICore,0.0001,1.0,100.0,100.0,0.5,,0.4433962404727936,,,,,,0.5,0.44285714626312256,,pretrained | model_MRICore | timestamped
7245971065.06262-1889abab-22a0,brainmvp_pretrained_t1_2025-08-01_06-23-38,july_stratified_upenn_gbm_survival_2year_single_t1,T1,brainmvp,0.0001,1.0,100.0,100.0,0.5,,0.1690140813589096,,,,,,0.5,0.44285714626312256,,pretrained | timestamped
7245970280.49912-ffe37bad-7142,resenc_time_conditioned_pretrained_t1_2025-08-01_06-35-08,july_stratified_upenn_gbm_survival_2year_single_t1,T1,ResEncTimeConditioned,0.0001,4.0,200.0,200.0,0.5,,0.4433962404727936,,,,,,0.5,0.44285714626312256,,pretrained | model_ResEncTimeConditioned | timestamped
7245969437.87547-95dfa0ca-83d6,dinov2_pretrained_t1_2025-08-01_06-55-08,july_stratified_upenn_gbm_survival_2year_single_t1,T1,dinov2,0.0001,1.0,50.0,100.0,0.5,,0.4433962404727936,,,,,,0.5,0.44285714626312256,,pretrained | timestamped
7245968616.35967-3851a8a0-8e8a,resenc_MDAETrainer_RandomMask_Flow_BS48_2000ep_pretrained_t1_2025-08-01_08-28-13,july_stratified_upenn_gbm_survival_2year_single_t1,T1,ResEncoder_Classifier,0.0001,4.0,200.0,200.0,0.5,,0.4433962404727936,,,,,,0.49462366104125977,0.440191388130188,,pretrained | model_ResEncoder_Classifier | timestamped
7245918226.99810-e81e0ac5-4ea7,resenc_pretrained_t1_2025-08-01_21-01-43,july_stratified_upenn_gbm_survival_2year_single_t1,T1,ResEncoder_Classifier,6e-05,1.0,200.0,200.0,0.5,,0.4433962404727936,,,,,,0.5,0.44285714626312256,,pretrained | model_ResEncoder_Classifier | timestamped
7245917392.27003-3fcb7551-3eb9,resenc_MDAETrainer_RandomMask_Flow_BS48_2000ep_pretrained_t1_2025-08-01_21-22-27,july_stratified_upenn_gbm_survival_2year_single_t1,T1,ResEncoder_Classifier,6e-05,4.0,200.0,200.0,0.5,,0.4433962404727936,,,,,,0.5,0.44285714626312256,,pretrained | model_ResEncoder_Classifier | timestamped
7245916554.34840-27153a44-b86a,resenc_time_conditioned_pretrained_t1_2025-08-01_21-29-12,july_stratified_upenn_gbm_survival_2year_single_t1,T1,ResEncTimeConditioned,6e-05,4.0,200.0,200.0,0.5,,0.4433962404727936,,,,,,0.5,0.44285714626312256,,pretrained | model_ResEncTimeConditioned | timestamped
7245884549.37339-5780b79f-72da,resenc_pretrained_t1_2025-08-02_06-22-35,july_stratified_upenn_gbm_survival_2year_single_t1,T1,ResEncoder_Classifier,6e-05,4.0,200.0,200.0,0.5,,0.4433962404727936,,,,,,0.5,0.44285714626312256,,pretrained | model_ResEncoder_Classifier | timestamped
7245884154.42129-46e8cd1c-6c29,resenc_MDAETrainer_RandomMask_Flow_BS48_2000ep_pretrained_t1_2025-08-02_08-27-29,july_stratified_upenn_gbm_survival_2year_single_t1,T1,ResEncoder_Classifier,6e-05,4.0,200.0,200.0,0.5,,0.4433962404727936,,,,,,0.5,0.44285714626312256,,pretrained | model_ResEncoder_Classifier | timestamped
7245883749.51014-90d39064-a1c9,resenc_time_conditioned_pretrained_t1_2025-08-02_08-11-09,july_stratified_upenn_gbm_survival_2year_single_t1,T1,ResEncTimeConditioned,6e-05,4.0,200.0,200.0,0.5,,0.4433962404727936,,,,,,0.5,0.44285714626312256,,pretrained | model_ResEncTimeConditioned | timestamped
7245882964.77743-daca37f6-9151,dinov2_pretrained_t1_2025-08-02_06-52-36,july_stratified_upenn_gbm_survival_2year_single_t1,T1,dinov2,6e-05,4.0,50.0,200.0,0.5,,0.4433962404727936,,,,,,0.5,0.44285714626312256,,pretrained | timestamped
7245882573.91926-bf961f1f-1cca,brainmvp_pretrained_t1_2025-08-02_06-57-48,july_stratified_upenn_gbm_survival_2year_single_t1,T1,brainmvp,6e-05,4.0,200.0,200.0,0.5,,0.4433962404727936,,,,,,0.5,0.44285714626312256,,pretrained | timestamped
7245882184.56458-4086bf1e-dead,brainiac_pretrained_t1_2025-08-02_07-03-35,july_stratified_upenn_gbm_survival_2year_single_t1,T1,brainiac,6e-05,4.0,200.0,200.0,0.5,,0.4433962404727936,,,,,,0.5,0.44285714626312256,,pretrained | timestamped
7245875912.42633-20e0e51d-1fc6,resenc_MDAETrainer_RandomMask_Flow_BS48_2000ep_pretrained_t1_2025-08-02_10-15-49,july_stratified_upenn_gbm_survival_2year_single_t1,T1,ResEncoder_Classifier,0.0001,4.0,200.0,200.0,0.5,,0.4433962404727936,,,,,,0.5,0.44285714626312256,,pretrained | model_ResEncoder_Classifier | timestamped
7245874283.70353-842d86f3-1d0e,resenc_pretrained_t1_2025-08-02_09-13-27,july_stratified_upenn_gbm_survival_2year_single_t1,T1,ResEncoder_Classifier,0.0001,4.0,200.0,200.0,0.5,,0.4433962404727936,,,,,,0.5,0.44285714626312256,,pretrained | model_ResEncoder_Classifier | timestamped
7245873456.60204-f61b5087-4718,resenc_MDAETrainer_RandomMask_Flow_BS48_2000ep_pretrained_t1_2025-08-02_09-27-28,july_stratified_upenn_gbm_survival_2year_single_t1,T1,ResEncoder_Classifier,0.0001,4.0,200.0,200.0,0.5,,0.4433962404727936,,,,,,0.5,0.44285714626312256,,pretrained | model_ResEncoder_Classifier | timestamped
7245828900.94290-2aa04f0d-0a99,resenc_time_conditioned_pretrained_t1_2025-08-02_21-50-19,july_stratified_upenn_gbm_survival_2year_single_t1,T1,ResEncTimeConditioned,0.0001,4.0,200.0,200.0,0.5,,0.4433962404727936,,,,,,0.5,0.44285714626312256,,pretrained | model_ResEncTimeConditioned | timestamped
7245826377.69086-94e5c4f0-767d,resenc_time_conditioned_pretrained_t1_2025-08-02_22-32-11,july_stratified_upenn_gbm_survival_2year_single_t1,T1,ResEncTimeConditioned,6e-05,4.0,200.0,200.0,0.5,,0.4433962404727936,,,,,,0.5,0.44285714626312256,,pretrained | model_ResEncTimeConditioned | timestamped
7245824155.27746-48d98271-2198,resenc_time_conditioned_pretrained_t1_2025-08-02_23-09-37,july_stratified_upenn_gbm_survival_2year_single_t1,T1,ResEncTimeConditioned,2e-05,4.0,200.0,200.0,0.5,,0.4433962404727936,,,,,,0.5,0.44285714626312256,,pretrained | model_ResEncTimeConditioned | timestamped
7245820052.97916-215b5cb9-0f0e,resenc_time_conditioned_pretrained_t1_2025-08-03_00-17-48,july_stratified_upenn_gbm_survival_2year_single_t1,T1,ResEncTimeConditioned,8e-05,4.0,200.0,200.0,0.5,,0.4433962404727936,,,,,,0.5,0.44285714626312256,,pretrained | model_ResEncTimeConditioned | timestamped
7245740467.85478-060d6ec8-2244,dinov2_pretrained_t1_2025-08-03_22-24-10,july_stratified_upenn_gbm_survival_2year_single_t1,T1,dinov2,8e-05,4.0,50.0,200.0,0.5,,0.4433962404727936,,,,,,0.5,0.44285714626312256,,pretrained | timestamped
7245738932.81983-d9ed0028-98c0,mri_core_pretrained_t1_2025-08-03_22-56-11,july_stratified_upenn_gbm_survival_2year_single_t1,T1,MRICore,0.0001,1.0,100.0,100.0,0.5,,0.4433962404727936,,,,,,0.5,0.44285714626312256,,pretrained | model_MRICore | timestamped
7245718258.40055-a50850fc-557f,brainiac_pretrained_t1_2025-08-04_04-38-37,july_stratified_upenn_gbm_survival_2year_single_t1,T1,brainiac,6e-05,1.0,200.0,200.0,0.5,,0.4433962404727936,,,,,,0.5,0.44285714626312256,,pretrained | timestamped
7245718201.15066-5d5463a4-6709,brainiac_scratch_t1_2025-08-04_04-41-53,july_stratified_upenn_gbm_survival_2year_single_t1,T1,brainiac,6e-05,1.0,200.0,200.0,0.5,,0.4433962404727936,,,,,,0.5,0.44285714626312256,,scratch | timestamped
7245717425.33339-4c4b3d0d-ea96,brainmvp_pretrained_t1_2025-08-04_04-48-12,july_stratified_upenn_gbm_survival_2year_single_t1,T1,brainmvp,6e-05,1.0,200.0,200.0,0.5,,0.4433962404727936,,,,,,0.5,0.44285714626312256,,pretrained | timestamped
7245696577.80868-2fef597f-f965,resenc_SwinUNETR_pretrained_t1_2025-08-04_10-41-34,july_stratified_upenn_gbm_survival_2year_single_t1,T1,ResEncoder_Classifier,8e-05,4.0,200.0,200.0,0.5771276950836182,,0.5853182673454285,,,,,,0.5087365508079529,0.5024008750915527,,pretrained | model_ResEncoder_Classifier | timestamped
7245695826.82051-616d1299-45da,resenc_VoCo_pretrained_t1_2025-08-04_10-57-56,july_stratified_upenn_gbm_survival_2year_single_t1,T1,ResEncoder_Classifier,8e-05,4.0,200.0,200.0,0.5,,0.4433962404727936,,,,,,0.5,0.44285714626312256,,pretrained | model_ResEncoder_Classifier | timestamped
7245695052.69341-e6af59da-99fd,resenc_SimCLR_pretrained_t1_2025-08-04_11-01-08,july_stratified_upenn_gbm_survival_2year_single_t1,T1,ResEncoder_Classifier,8e-05,4.0,200.0,200.0,0.5,,0.4433962404727936,,,,,,0.5,0.44285714626312256,,pretrained | model_ResEncoder_Classifier | timestamped
7245694251.32920-f8885f2d-5c28,resenc_MG_pretrained_t1_2025-08-04_11-20-19,july_stratified_upenn_gbm_survival_2year_single_t1,T1,ResEncoder_Classifier,8e-05,4.0,200.0,200.0,0.5,,0.4433962404727936,,,,,,0.4818548262119293,0.4776785671710968,,pretrained | model_ResEncoder_Classifier | timestamped
7245693477.14578-ecd4da66-ef10,resenc_S3D_pretrained_t1_2025-08-04_11-30-16,july_stratified_upenn_gbm_survival_2year_single_t1,T1,ResEncoder_Classifier,8e-05,4.0,200.0,200.0,0.5,,0.4433962404727936,,,,,,0.5,0.44285714626312256,,pretrained | model_ResEncoder_Classifier | timestamped
7245692669.24928-836242f6-0d67,resenc_VF_pretrained_t1_2025-08-04_14-50-07,july_stratified_upenn_gbm_survival_2year_single_t1,T1,ResEncoder_Classifier,8e-05,4.0,200.0,200.0,0.5,,0.4433962404727936,,,,,,0.46639785170555115,0.4572165012359619,,pretrained | model_ResEncoder_Classifier | timestamped
7245608699.33002-0f27a1fb-c26b,resenc_pretrained_t1_2025-08-05_11-01-33,july_stratified_upenn_gbm_survival_2year_single_t1,T1,ResEncoder_Classifier,3e-05,1.0,200.0,200.0,0.5,,0.4433962404727936,,,,,,0.5,0.44285714626312256,,pretrained | model_ResEncoder_Classifier | timestamped
7245607052.70538-03c28431-d4ab,resenc_multimodal_mm_mdae_pretrained_pretrained_t1_2025-08-05_11-27-32,july_stratified_upenn_gbm_survival_2year_single_t1,T1,ResEncoderMultiModal_Classifier,3e-05,4.0,200.0,200.0,0.5,,0.4433962404727936,,,,,,0.5557795763015747,0.5601503849029541,,pretrained | model_ResEncoderMultiModal_Classifier | timestamped
7245606232.02645-35c3fafa-4050,resenc_time_conditioned_pretrained_t1_2025-08-05_13-36-47,july_stratified_upenn_gbm_survival_2year_single_t1,T1,ResEncTimeConditioned,3e-05,4.0,200.0,200.0,0.5,,0.4433962404727936,,,,,,0.5,0.44285714626312256,,pretrained | model_ResEncTimeConditioned | timestamped
7245521850.47402-f56dbdea-b43e,eva_mdae_pretrained_t1_2025-08-06_11-07-43,july_stratified_upenn_gbm_survival_2year_single_t1,T1,Eva_MAE,5e-05,2.0,200.0,200.0,0.5,,0.4433962404727936,,,,,,0.5,0.44285714626312256,,pretrained | model_Eva_MAE | timestamped
7245464827.02035-3b251c5a-90f1,eva_mdae_pretrained_t1_2025-08-07_02-58-39,july_stratified_upenn_gbm_survival_2year_single_t1,T1,Eva_MAE,0.0001,2.0,200.0,200.0,0.49468085169792175,,0.44075828790664673,,,,,,0.5201612710952759,0.5029411911964417,,pretrained | model_Eva_MAE | timestamped
7245464820.10618-046fd154-0fa3,eva_simmim_pretrained_t1_2025-08-07_15-23-45,july_stratified_upenn_gbm_survival_2year_single_t1,T1,Eva_MAE,0.0001,2.0,200.0,200.0,0.5,,0.4433962404727936,,,,,,0.5,0.44285714626312256,,pretrained | model_Eva_MAE | timestamped
7245463542.08540-741c8b35-bd6f,eva_mae_pretrained_t1_2025-08-07_03-26-04,july_stratified_upenn_gbm_survival_2year_single_t1,T1,Eva_MAE,0.0001,2.0,200.0,200.0,0.5,,0.4433962404727936,,,,,,0.5,0.44285714626312256,,pretrained | timestamped
7245463570.60641-0dbcd15a-b8d6,eva_swinunetr_pretrained_t1_2025-08-07_14-51-42,july_stratified_upenn_gbm_survival_2year_single_t1,T1,Eva_MAE,0.0001,2.0,200.0,200.0,0.5,,0.4433962404727936,,,,,,0.5040322542190552,0.4884667694568634,,pretrained | model_Eva_MAE | timestamped
7245462257.49758-ef2aad23-0b54,eva_mg_pretrained_t1_2025-08-07_03-48-12,july_stratified_upenn_gbm_survival_2year_single_t1,T1,Eva_MAE,0.0001,2.0,200.0,200.0,0.5,,0.4433962404727936,,,,,,0.5295698642730713,0.5287325382232666,,pretrained | model_Eva_MAE | timestamped
7245460980.53386-a9d2d6a6-3f5c,eva_simclr_pretrained_t1_2025-08-07_04-04-03,july_stratified_upenn_gbm_survival_2year_single_t1,T1,Eva_MAE,0.0001,2.0,200.0,200.0,0.5,,0.4433962404727936,,,,,,0.4993279576301574,0.4686290919780731,,pretrained | model_Eva_MAE | timestamped
7245461009.32134-b437aab6-848d,eva_voco_pretrained_t1_2025-08-07_04-14-44,july_stratified_upenn_gbm_survival_2year_single_t1,T1,Eva_MAE,0.0001,2.0,200.0,200.0,0.5,,0.4433962404727936,,,,,,0.5295698642730713,0.5287325382232666,,pretrained | model_Eva_MAE | timestamped
7245319555.13861-cd368645-7dc3,resenc_MDAE_pretrained_t1_2025-08-08_19-24-16,july_stratified_upenn_gbm_survival_2year_single_t1,T1,ResEncoder_Classifier,6e-05,4.0,200.0,200.0,0.522606372833252,,0.5069040656089783,,,,,,0.5,0.44285714626312256,,pretrained | model_ResEncoder_Classifier | timestamped
7245318751.55799-38be79a8-249f,resenc_MDAE_pretrained_t1_2025-08-08_19-32-35,july_stratified_upenn_gbm_survival_2year_single_t1,T1,ResEncoder_Classifier,6e-05,4.0,200.0,200.0,0.5,,0.4433962404727936,,,,,,0.5416666865348816,0.5240384936332703,,pretrained | model_ResEncoder_Classifier | timestamped
7245317935.68043-6829e017-327c,resenc_MDAE_pretrained_t1_2025-08-08_19-47-34,july_stratified_upenn_gbm_survival_2year_single_t1,T1,ResEncoder_Classifier,6e-05,4.0,200.0,200.0,0.5,,0.4433962404727936,,,,,,0.5,0.44285714626312256,,pretrained | model_ResEncoder_Classifier | timestamped
7245180444.69486-ac4bb39f-002f,resenc_time_conditioned_pretrained_t1_2025-08-10_10-01-02,july_stratified_upenn_gbm_survival_2year_single_t1,T1,ResEncTimeConditioned,8e-05,4.0,200.0,200.0,0.5,,0.4433962404727936,,,,,,0.5,0.44285714626312256,,pretrained | model_ResEncTimeConditioned | timestamped
7246044498.93264-75e5b631-a55a,brainiac_scratch_t1gd_2025-07-31_10-01-45,july_stratified_upenn_gbm_survival_2year_single_t1gd,T1gd,brainiac,2e-05,1.0,100.0,100.0,0.5208333134651184,,0.4854976236820221,,,,,,0.49462366104125977,0.440191388130188,,scratch | mod_t1gd | timestamped
7246044446.89746-ebe890af-bad6,brainmvp_pretrained_t1gd_2025-07-31_10-02-10,july_stratified_upenn_gbm_survival_2year_single_t1gd,T1gd,brainmvp,2e-05,1.0,100.0,100.0,0.5,,0.4433962404727936,,,,,,0.5,0.44285714626312256,,pretrained | mod_t1gd | timestamped
7246044394.69539-ce13a782-08bd,dinov2_frozen_t1gd_2025-07-31_10-03-45,july_stratified_upenn_gbm_survival_2year_single_t1gd,T1gd,dinov2,2e-05,4.0,50.0,100.0,0.5,,0.4433962404727936,,,,,,0.5,0.44285714626312256,,frozen | mod_t1gd | timestamped
7246044340.55383-e6d20302-7561,dinov2_pretrained_t1gd_2025-07-31_10-07-59,july_stratified_upenn_gbm_survival_2year_single_t1gd,T1gd,dinov2,2e-05,1.0,50.0,100.0,0.5,,0.4433962404727936,,,,,,0.5,0.44285714626312256,,pretrained | mod_t1gd | timestamped
7246044123.00555-3b796f94-0399,resenc_MDAETrainer_RandomMask_Flow_BS48_2000ep_pretrained_t1gd_2025-07-31_10-07-56,july_stratified_upenn_gbm_survival_2year_single_t1gd,T1gd,,,,,,,,,,,,,,,,,pretrained | mod_t1gd | timestamped
7246044235.18352-4137c594-d4e8,mri_core_pretrained_t1gd_2025-07-31_10-08-25,july_stratified_upenn_gbm_survival_2year_single_t1gd,T1gd,MRICore,2e-05,1.0,100.0,100.0,0.5,,0.4433962404727936,,,,,,0.5,0.44285714626312256,,pretrained | model_MRICore | mod_t1gd | timestamped
7245976996.45560-967dfba1-d482,resenc_MDAETrainer_RandomMask_Flow_BS48_2000ep_pretrained_t1gd_2025-08-01_06-25-02,july_stratified_upenn_gbm_survival_2year_single_t1gd,T1gd,ResEncoder_Classifier,2e-05,4.0,200.0,200.0,0.5,,0.4433962404727936,,,,,,0.5611559152603149,0.5666072368621826,,pretrained | model_ResEncoder_Classifier | mod_t1gd | timestamped
7245976194.58483-5a5679c3-e494,resenc_time_conditioned_pretrained_t1gd_2025-08-01_06-12-49,july_stratified_upenn_gbm_survival_2year_single_t1gd,T1gd,ResEncTimeConditioned,2e-05,4.0,200.0,200.0,0.5,,0.4433962404727936,,,,,,0.5,0.44285714626312256,,pretrained | model_ResEncTimeConditioned | mod_t1gd | timestamped
7245974399.84562-3d104ee0-cd0d,resenc_MDAETrainer_RandomMask_Flow_BS48_2000ep_pretrained_t1gd_2025-08-01_05-29-01,july_stratified_upenn_gbm_survival_2year_single_t1gd,T1gd,ResEncoder_Classifier,2e-05,1.0,200.0,200.0,0.5,,0.4433962404727936,,,,,,0.5,0.44285714626312256,,pretrained | model_ResEncoder_Classifier | mod_t1gd | timestamped
7245973529.95971-5bbbf13b-b595,resenc_time_conditioned_pretrained_t1gd_2025-08-01_05-39-44,july_stratified_upenn_gbm_survival_2year_single_t1gd,T1gd,ResEncTimeConditioned,2e-05,1.0,200.0,200.0,0.5,,0.4433962404727936,,,,,,0.5,0.44285714626312256,,pretrained | model_ResEncTimeConditioned | mod_t1gd | timestamped
7245972691.66096-c5359b90-a22b,brainiac_pretrained_t1gd_2025-08-01_06-06-01,july_stratified_upenn_gbm_survival_2year_single_t1gd,T1gd,brainiac,0.0001,1.0,100.0,100.0,0.5,,0.4433962404727936,,,,,,0.48924732208251953,0.4375,,pretrained | mod_t1gd | timestamped
7245971870.98271-4ae96679-a6a5,mri_core_pretrained_t1gd_2025-08-01_06-17-54,july_stratified_upenn_gbm_survival_2year_single_t1gd,T1gd,MRICore,0.0001,1.0,100.0,100.0,0.5,,0.4433962404727936,,,,,,0.5,0.44285714626312256,,pretrained | model_MRICore | mod_t1gd | timestamped
7245971051.82788-6215dc04-d38d,brainmvp_pretrained_t1gd_2025-08-01_06-22-31,july_stratified_upenn_gbm_survival_2year_single_t1gd,T1gd,brainmvp,0.0001,1.0,100.0,100.0,0.5,,0.4433962404727936,,,,,,0.5,0.44285714626312256,,pretrained | mod_t1gd | timestamped
7245970267.16633-abe25e30-61ae,resenc_time_conditioned_pretrained_t1gd_2025-08-01_06-35-06,july_stratified_upenn_gbm_survival_2year_single_t1gd,T1gd,ResEncTimeConditioned,0.0001,4.0,200.0,200.0,0.5,,0.4433962404727936,,,,,,0.5,0.44285714626312256,,pretrained | model_ResEncTimeConditioned | mod_t1gd | timestamped
7245969424.67476-be3d0e09-32aa,dinov2_pretrained_t1gd_2025-08-01_06-53-43,july_stratified_upenn_gbm_survival_2year_single_t1gd,T1gd,dinov2,0.0001,1.0,50.0,100.0,0.5,,0.4433962404727936,,,,,,0.5,0.44285714626312256,,pretrained | mod_t1gd | timestamped
7245968603.32353-7667ff04-7d00,resenc_MDAETrainer_RandomMask_Flow_BS48_2000ep_pretrained_t1gd_2025-08-01_08-28-05,july_stratified_upenn_gbm_survival_2year_single_t1gd,T1gd,ResEncoder_Classifier,0.0001,4.0,200.0,200.0,0.5,,0.4433962404727936,,,,,,0.5,0.44285714626312256,,pretrained | model_ResEncoder_Classifier | mod_t1gd | timestamped
7245917378.17282-471294ed-b987,resenc_MDAETrainer_RandomMask_Flow_BS48_2000ep_pretrained_t1gd_2025-08-01_21-23-26,july_stratified_upenn_gbm_survival_2year_single_t1gd,T1gd,ResEncoder_Classifier,6e-05,4.0,200.0,200.0,0.5155141949653625,,0.4813186824321747,,,,,,0.5047042965888977,0.4726074934005738,,pretrained | model_ResEncoder_Classifier | mod_t1gd | timestamped
7245916540.93353-9ba92588-4c19,resenc_time_conditioned_pretrained_t1gd_2025-08-01_21-29-33,july_stratified_upenn_gbm_survival_2year_single_t1gd,T1gd,ResEncTimeConditioned,6e-05,4.0,200.0,200.0,0.5,,0.4433962404727936,,,,,,0.5,0.44285714626312256,,pretrained | model_ResEncTimeConditioned | mod_t1gd | timestamped
7245884535.96003-3b46fc02-8ac0,resenc_pretrained_t1gd_2025-08-02_06-22-41,july_stratified_upenn_gbm_survival_2year_single_t1gd,T1gd,ResEncoder_Classifier,6e-05,4.0,200.0,200.0,0.5,,0.4433962404727936,,,,,,0.5,0.44285714626312256,,pretrained | model_ResEncoder_Classifier | mod_t1gd | timestamped
7245884132.12039-0af3a99b-4b5b,resenc_MDAETrainer_RandomMask_Flow_BS48_2000ep_pretrained_t1gd_2025-08-02_08-19-01,july_stratified_upenn_gbm_survival_2year_single_t1gd,T1gd,ResEncoder_Classifier,6e-05,4.0,200.0,200.0,0.5,,0.4433962404727936,,,,,,0.5194892883300781,0.5128499865531921,,pretrained | model_ResEncoder_Classifier | mod_t1gd | timestamped
7245883736.37965-0fdd7480-a9b9,resenc_time_conditioned_pretrained_t1gd_2025-08-02_09-43-53,july_stratified_upenn_gbm_survival_2year_single_t1gd,T1gd,ResEncTimeConditioned,6e-05,4.0,200.0,200.0,0.5,,0.4433962404727936,,,,,,0.5,0.44285714626312256,,pretrained | model_ResEncTimeConditioned | mod_t1gd | timestamped
7245882950.49991-b405c3eb-d247,dinov2_pretrained_t1gd_2025-08-02_06-49-32,july_stratified_upenn_gbm_survival_2year_single_t1gd,T1gd,dinov2,6e-05,4.0,50.0,200.0,0.5,,0.4433962404727936,,,,,,0.5,0.44285714626312256,,pretrained | mod_t1gd | timestamped
7245882172.08266-1befd46e-8585,brainiac_pretrained_t1gd_2025-08-02_07-05-40,july_stratified_upenn_gbm_survival_2year_single_t1gd,T1gd,brainiac,6e-05,4.0,200.0,200.0,0.5,,0.4433962404727936,,,,,,0.5147849321365356,0.4980136752128601,,pretrained | mod_t1gd | timestamped
7245875180.17974-420fa155-2a02,resenc_time_conditioned_pretrained_t1gd_2025-08-02_08-58-32,july_stratified_upenn_gbm_survival_2year_single_t1gd,T1gd,ResEncTimeConditioned,8e-05,4.0,200.0,200.0,0.5,,0.4433962404727936,,,,,,0.5,0.44285714626312256,,pretrained | model_ResEncTimeConditioned | mod_t1gd | timestamped
7245874270.96510-d8521fab-9607,resenc_pretrained_t1gd_2025-08-02_09-13-52,july_stratified_upenn_gbm_survival_2year_single_t1gd,T1gd,ResEncoder_Classifier,0.0001,4.0,200.0,200.0,0.5,,0.4433962404727936,,,,,,0.5,0.44285714626312256,,pretrained | model_ResEncoder_Classifier | mod_t1gd | timestamped
7245873443.99142-e5130822-f2f0,resenc_MDAETrainer_RandomMask_Flow_BS48_2000ep_pretrained_t1gd_2025-08-02_09-27-38,july_stratified_upenn_gbm_survival_2year_single_t1gd,T1gd,ResEncoder_Classifier,0.0001,4.0,200.0,200.0,0.5,,0.4433962404727936,,,,,,0.5611559152603149,0.5666072368621826,,pretrained | model_ResEncoder_Classifier | mod_t1gd | timestamped
7245828887.52114-8f0af0f8-c34f,resenc_time_conditioned_pretrained_t1gd_2025-08-02_21-50-22,july_stratified_upenn_gbm_survival_2year_single_t1gd,T1gd,ResEncTimeConditioned,0.0001,4.0,200.0,200.0,0.5,,0.4433962404727936,,,,,,0.5,0.44285714626312256,,pretrained | model_ResEncTimeConditioned | mod_t1gd | timestamped
7245826364.63229-c52d40fe-bdef,resenc_time_conditioned_pretrained_t1gd_2025-08-02_22-41-55,july_stratified_upenn_gbm_survival_2year_single_t1gd,T1gd,ResEncTimeConditioned,6e-05,4.0,200.0,200.0,0.5,,0.4433962404727936,,,,,,0.5,0.44285714626312256,,pretrained | model_ResEncTimeConditioned | mod_t1gd | timestamped
7245824141.76908-b799cff4-507e,resenc_time_conditioned_pretrained_t1gd_2025-08-02_23-10-11,july_stratified_upenn_gbm_survival_2year_single_t1gd,T1gd,ResEncTimeConditioned,2e-05,4.0,200.0,200.0,0.5,,0.4433962404727936,,,,,,0.5,0.44285714626312256,,pretrained | model_ResEncTimeConditioned | mod_t1gd | timestamped
7245820039.65966-928340a2-6752,resenc_time_conditioned_pretrained_t1gd_2025-08-03_00-17-55,july_stratified_upenn_gbm_survival_2year_single_t1gd,T1gd,ResEncTimeConditioned,8e-05,4.0,200.0,200.0,0.5,,0.4433962404727936,,,,,,0.5,0.44285714626312256,,pretrained | model_ResEncTimeConditioned | mod_t1gd | timestamped
7245740449.25335-6cd81cda-9b80,dinov2_pretrained_t1gd_2025-08-03_22-31-15,july_stratified_upenn_gbm_survival_2year_single_t1gd,T1gd,dinov2,8e-05,4.0,50.0,200.0,0.5,,0.4433962404727936,,,,,,0.5,0.44285714626312256,,pretrained | mod_t1gd | timestamped
7245738911.67701-2922c84c-8c7c,mri_core_pretrained_t1gd_2025-08-03_22-56-28,july_stratified_upenn_gbm_survival_2year_single_t1gd,T1gd,MRICore,0.0001,1.0,100.0,100.0,0.5,,0.4433962404727936,,,,,,0.5,0.44285714626312256,,pretrained | model_MRICore | mod_t1gd | timestamped
7245738615.46300-7b8c35ac-942a,resenc_pretrained_t1gd_2025-08-03_23-02-40,july_stratified_upenn_gbm_survival_2year_single_t1gd,T1gd,ResEncoder_Classifier,8e-05,1.0,200.0,200.0,0.5,,0.4433962404727936,,,,,,0.5,0.44285714626312256,,pretrained | model_ResEncoder_Classifier | mod_t1gd | timestamped
7245718244.71260-60135221-fc44,brainiac_pretrained_t1gd_2025-08-04_04-38-20,july_stratified_upenn_gbm_survival_2year_single_t1gd,T1gd,brainiac,6e-05,1.0,200.0,200.0,0.5,,0.4433962404727936,,,,,,0.5,0.44285714626312256,,pretrained | mod_t1gd | timestamped
7245718187.74623-01c80bf7-1636,brainiac_scratch_t1gd_2025-08-04_04-41-23,july_stratified_upenn_gbm_survival_2year_single_t1gd,T1gd,brainiac,6e-05,1.0,200.0,200.0,0.5,,0.4433962404727936,,,,,,0.4818548262119293,0.4776785671710968,,scratch | mod_t1gd | timestamped
7245717412.11210-3b908e5b-0c3a,brainmvp_pretrained_t1gd_2025-08-04_04-48-42,july_stratified_upenn_gbm_survival_2year_single_t1gd,T1gd,brainmvp,6e-05,1.0,200.0,200.0,0.5,,0.4433962404727936,,,,,,0.5,0.44285714626312256,,pretrained | mod_t1gd | timestamped
7245696564.20114-61be48f7-5f52,resenc_SwinUNETR_pretrained_t1gd_2025-08-04_10-35-37,july_stratified_upenn_gbm_survival_2year_single_t1gd,T1gd,ResEncoder_Classifier,8e-05,4.0,200.0,200.0,0.5,,0.4433962404727936,,,,,,0.5389784574508667,0.5400092601776123,,pretrained | model_ResEncoder_Classifier | mod_t1gd | timestamped
7245695813.57790-b09c7bf9-a873,resenc_VoCo_pretrained_t1gd_2025-08-04_10-55-57,july_stratified_upenn_gbm_survival_2year_single_t1gd,T1gd,ResEncoder_Classifier,8e-05,4.0,200.0,200.0,0.5,,0.4433962404727936,,,,,,0.5,0.44285714626312256,,pretrained | model_ResEncoder_Classifier | mod_t1gd | timestamped
7245695038.58774-b976bb98-d292,resenc_SimCLR_pretrained_t1gd_2025-08-04_11-07-39,july_stratified_upenn_gbm_survival_2year_single_t1gd,T1gd,ResEncoder_Classifier,8e-05,4.0,200.0,200.0,0.5,,0.4433962404727936,,,,,,0.5,0.44285714626312256,,pretrained | model_ResEncoder_Classifier | mod_t1gd | timestamped
7245694238.89025-f2339556-9790,resenc_MG_pretrained_t1gd_2025-08-04_11-20-48,july_stratified_upenn_gbm_survival_2year_single_t1gd,T1gd,ResEncoder_Classifier,8e-05,4.0,200.0,200.0,0.5,,0.4433962404727936,,,,,,0.5288978815078735,0.5298916697502136,,pretrained | model_ResEncoder_Classifier | mod_t1gd | timestamped
7245693462.32510-75354001-2a0c,resenc_S3D_pretrained_t1gd_2025-08-04_11-28-14,july_stratified_upenn_gbm_survival_2year_single_t1gd,T1gd,ResEncoder_Classifier,8e-05,4.0,200.0,200.0,0.5,,0.4433962404727936,,,,,,0.5,0.44285714626312256,,pretrained | model_ResEncoder_Classifier | mod_t1gd | timestamped
7245692655.41877-c27d39d6-b163,resenc_VF_pretrained_t1gd_2025-08-04_14-50-12,july_stratified_upenn_gbm_survival_2year_single_t1gd,T1gd,ResEncoder_Classifier,8e-05,4.0,200.0,200.0,0.5,,0.4433962404727936,,,,,,0.5235214829444885,0.5241626501083374,,pretrained | model_ResEncoder_Classifier | mod_t1gd | timestamped
7245608681.89765-e6db605e-fcea,resenc_pretrained_t1gd_2025-08-05_11-01-33,july_stratified_upenn_gbm_survival_2year_single_t1gd,T1gd,ResEncoder_Classifier,3e-05,1.0,200.0,200.0,0.5,,0.4433962404727936,,,,,,0.5,0.44285714626312256,,pretrained | model_ResEncoder_Classifier | mod_t1gd | timestamped
7245607040.17729-84bc03fd-e292,resenc_multimodal_mm_mdae_pretrained_pretrained_t1gd_2025-08-05_11-34-44,july_stratified_upenn_gbm_survival_2year_single_t1gd,T1gd,ResEncoderMultiModal_Classifier,3e-05,4.0,200.0,200.0,0.5,,0.4433962404727936,,,,,,0.5564516186714172,0.5590230822563171,,pretrained | model_ResEncoderMultiModal_Classifier | mod_t1gd | timestamped
7245606218.96269-990ec75c-000b,resenc_time_conditioned_pretrained_t1gd_2025-08-05_14-54-11,july_stratified_upenn_gbm_survival_2year_single_t1gd,T1gd,ResEncTimeConditioned,3e-05,4.0,200.0,200.0,0.5,,0.4433962404727936,,,,,,0.5,0.44285714626312256,,pretrained | model_ResEncTimeConditioned | mod_t1gd | timestamped
7245521826.71239-a307ebd2-b5cb,eva_mdae_pretrained_t1gd_2025-08-06_11-08-03,july_stratified_upenn_gbm_survival_2year_single_t1gd,T1gd,Eva_MAE,5e-05,2.0,200.0,200.0,0.5,,0.4433962404727936,,,,,,0.5,0.44285714626312256,,pretrained | model_Eva_MAE | mod_t1gd | timestamped
7245464803.07370-f7d458a8-6b74,eva_mdae_pretrained_t1gd_2025-08-07_02-58-56,july_stratified_upenn_gbm_survival_2year_single_t1gd,T1gd,Eva_MAE,0.0001,2.0,200.0,200.0,0.5,,0.4433962404727936,,,,,,0.48924732208251953,0.4375,,pretrained | model_Eva_MAE | mod_t1gd | timestamped
7245464796.90294-f184b553-6a19,eva_simmim_pretrained_t1gd_2025-08-07_15-22-23,july_stratified_upenn_gbm_survival_2year_single_t1gd,T1gd,Eva_MAE,0.0001,2.0,200.0,200.0,0.5,,0.4433962404727936,,,,,,0.5,0.44285714626312256,,pretrained | model_Eva_MAE | mod_t1gd | timestamped
7245463517.90529-8ab97445-7c93,eva_mae_pretrained_t1gd_2025-08-07_03-25-38,july_stratified_upenn_gbm_survival_2year_single_t1gd,T1gd,Eva_MAE,0.0001,2.0,200.0,200.0,0.5,,0.4433962404727936,,,,,,0.4731182754039765,0.4292683005332947,,pretrained | mod_t1gd | timestamped
7245463546.82971-b221376c-f140,eva_swinunetr_pretrained_t1gd_2025-08-07_15-21-33,july_stratified_upenn_gbm_survival_2year_single_t1gd,T1gd,Eva_MAE,0.0001,2.0,200.0,200.0,0.5,,0.4433962404727936,,,,,,0.5201612710952759,0.5029411911964417,,pretrained | model_Eva_MAE | mod_t1gd | timestamped
7245462232.91942-9969c6f9-f0a7,eva_mg_pretrained_t1gd_2025-08-07_03-48-22,july_stratified_upenn_gbm_survival_2year_single_t1gd,T1gd,Eva_MAE,0.0001,2.0,200.0,200.0,0.5,,0.4433962404727936,,,,,,0.5208333134651184,0.4849760830402374,,pretrained | model_Eva_MAE | mod_t1gd | timestamped
7245460957.56638-ffb9ee80-9134,eva_simclr_pretrained_t1gd_2025-08-07_04-11-55,july_stratified_upenn_gbm_survival_2year_single_t1gd,T1gd,Eva_MAE,0.0001,2.0,200.0,200.0,0.5,,0.4433962404727936,,,,,,0.4831989407539368,0.4569925665855408,,pretrained | model_Eva_MAE | mod_t1gd | timestamped
7245460986.33061-44e09785-288c,eva_voco_pretrained_t1gd_2025-08-07_04-14-42,july_stratified_upenn_gbm_survival_2year_single_t1gd,T1gd,Eva_MAE,0.0001,2.0,200.0,200.0,0.5,,0.4433962404727936,,,,,,0.5194892883300781,0.5128499865531921,,pretrained | model_Eva_MAE | mod_t1gd | timestamped
7245319541.42632-bc8e4bc8-22ca,resenc_MDAE_pretrained_t1gd_2025-08-08_19-19-48,july_stratified_upenn_gbm_survival_2year_single_t1gd,T1gd,ResEncoder_Classifier,6e-05,4.0,200.0,200.0,0.5,,0.4433962404727936,,,,,,0.5,0.44285714626312256,,pretrained | model_ResEncoder_Classifier | mod_t1gd | timestamped
7245318738.96233-fd2d4364-5f19,resenc_MDAE_pretrained_t1gd_2025-08-08_19-33-57,july_stratified_upenn_gbm_survival_2year_single_t1gd,T1gd,ResEncoder_Classifier,6e-05,4.0,200.0,200.0,0.5,,0.4433962404727936,,,,,,0.5194892883300781,0.5128499865531921,,pretrained | model_ResEncoder_Classifier | mod_t1gd | timestamped
7245317922.22004-7084f0ab-8588,resenc_MDAE_pretrained_t1gd_2025-08-08_19-47-41,july_stratified_upenn_gbm_survival_2year_single_t1gd,T1gd,ResEncoder_Classifier,6e-05,4.0,200.0,200.0,0.5,,0.4433962404727936,,,,,,0.5309140086174011,0.5131761431694031,,pretrained | model_ResEncoder_Classifier | mod_t1gd | timestamped
7246044539.75228-ff74b59e-6f7d,brainiac_pretrained_t2_2025-07-31_09-58-55,july_stratified_upenn_gbm_survival_2year_single_t2,T2,brainiac,2e-05,1.0,100.0,100.0,0.5873227119445801,,0.5945017337799072,,,,,,0.5913978815078735,0.5941258072853088,,pretrained | mod_t2 | timestamped
7246044486.13388-e622715c-7795,brainiac_scratch_t2_2025-07-31_10-03-09,july_stratified_upenn_gbm_survival_2year_single_t2,T2,brainiac,2e-05,1.0,100.0,100.0,0.5,,0.4433962404727936,,,,,,0.49462366104125977,0.440191388130188,,scratch | mod_t2 | timestamped
7246044381.00315-e9eae832-f760,dinov2_frozen_t2_2025-07-31_10-06-50,july_stratified_upenn_gbm_survival_2year_single_t2,T2,dinov2,2e-05,4.0,50.0,100.0,0.5,,0.4433962404727936,,,,,,0.5,0.44285714626312256,,frozen | mod_t2 | timestamped
7246044326.97933-3395a982-7eb6,dinov2_pretrained_t2_2025-07-31_10-07-27,july_stratified_upenn_gbm_survival_2year_single_t2,T2,dinov2,2e-05,1.0,50.0,100.0,0.5,,0.4433962404727936,,,,,,0.5,0.44285714626312256,,pretrained | mod_t2 | timestamped
7246044221.15985-c1b2919b-b225,mri_core_pretrained_t2_2025-07-31_10-07-43,july_stratified_upenn_gbm_survival_2year_single_t2,T2,MRICore,2e-05,1.0,100.0,100.0,0.5,,0.4433962404727936,,,,,,0.5,0.44285714626312256,,pretrained | model_MRICore | mod_t2 | timestamped
7246044163.86576-cfdc2647-22c3,resenc_pretrained_t2_2025-07-31_10-08-39,july_stratified_upenn_gbm_survival_2year_single_t2,T2,ResEncoder_Classifier,2e-05,1.0,100.0,100.0,0.5,,0.4433962404727936,,,,,,0.5,0.44285714626312256,,pretrained | model_ResEncoder_Classifier | mod_t2 | timestamped
7246044109.54545-a909ec63-ff0c,resenc_MDAETrainer_RandomMask_Flow_BS48_2000ep_pretrained_t2_2025-07-31_10-08-41,july_stratified_upenn_gbm_survival_2year_single_t2,T2,ResEncoder_Classifier,2e-05,1.0,200.0,200.0,0.5,,0.4433962404727936,,,,,,0.5819892883300781,0.5915682315826416,,pretrained | model_ResEncoder_Classifier | mod_t2 | timestamped
7246044274.49454-bc02b9e6-056d,mri_core_frozen_t2_2025-07-31_10-08-56,july_stratified_upenn_gbm_survival_2year_single_t2,T2,MRICore,2e-05,4.0,100.0,100.0,0.5,,0.4433962404727936,,,,,,0.5,0.44285714626312256,,frozen | model_MRICore | mod_t2 | timestamped
7246044434.34128-e16a84a5-ab10,brainmvp_pretrained_t2_2025-07-31_10-09-18,july_stratified_upenn_gbm_survival_2year_single_t2,T2,brainmvp,2e-05,1.0,100.0,100.0,0.5,,0.4433962404727936,,,,,,0.5,0.44285714626312256,,pretrained | mod_t2 | timestamped
7246043999.38344-c27fba8d-e3bd,resenc_time_conditioned_pretrained_t2_2025-07-31_10-12-34,july_stratified_upenn_gbm_survival_2year_single_t2,T2,ResEncTimeConditioned,2e-05,1.0,200.0,200.0,0.5,,0.4433962404727936,,,,,,0.5,0.44285714626312256,,pretrained | model_ResEncTimeConditioned | mod_t2 | timestamped
7246007428.69023-46b8fa20-19ee,resenc_time_conditioned_pretrained_t2_2025-07-31_20-20-35,july_stratified_upenn_gbm_survival_2year_single_t2,T2,ResEncTimeConditioned,2e-05,1.0,200.0,200.0,0.5,,0.4433962404727936,,,,,,0.5,0.44285714626312256,,pretrained | model_ResEncTimeConditioned | mod_t2 | timestamped
7245976978.43036-d7c54bc5-61b7,resenc_MDAETrainer_RandomMask_Flow_BS48_2000ep_pretrained_t2_2025-08-01_05-55-12,july_stratified_upenn_gbm_survival_2year_single_t2,T2,ResEncoder_Classifier,2e-05,4.0,200.0,200.0,0.5155141949653625,,0.4813186824321747,,,,,,0.539650559425354,0.5416403412818909,,pretrained | model_ResEncoder_Classifier | mod_t2 | timestamped
7245976180.83354-17c8b70b-bf0b,resenc_time_conditioned_pretrained_t2_2025-08-01_06-19-17,july_stratified_upenn_gbm_survival_2year_single_t2,T2,ResEncTimeConditioned,2e-05,4.0,200.0,200.0,0.5,,0.4433962404727936,,,,,,0.5141128897666931,0.5075757503509521,,pretrained | model_ResEncTimeConditioned | mod_t2 | timestamped
7245974385.99242-602bc31a-06fb,resenc_MDAETrainer_RandomMask_Flow_BS48_2000ep_pretrained_t2_2025-08-01_05-29-05,july_stratified_upenn_gbm_survival_2year_single_t2,T2,ResEncoder_Classifier,2e-05,1.0,200.0,200.0,0.5,,0.4433962404727936,,,,,,0.5154569745063782,0.48076921701431274,,pretrained | model_ResEncoder_Classifier | mod_t2 | timestamped
7245973516.99144-a06343fb-0597,resenc_time_conditioned_pretrained_t2_2025-08-01_05-40-10,july_stratified_upenn_gbm_survival_2year_single_t2,T2,ResEncTimeConditioned,2e-05,1.0,200.0,200.0,0.5,,0.4433962404727936,,,,,,0.5,0.44285714626312256,,pretrained | model_ResEncTimeConditioned | mod_t2 | timestamped
7245972668.60612-ae41a703-46cd,brainiac_pretrained_t2_2025-08-01_06-06-31,july_stratified_upenn_gbm_survival_2year_single_t2,T2,brainiac,0.0001,1.0,100.0,100.0,0.5,,0.4433962404727936,,,,,,0.5,0.44285714626312256,,pretrained | mod_t2 | timestamped
7245971854.23372-4b3ca763-f144,mri_core_pretrained_t2_2025-08-01_06-17-55,july_stratified_upenn_gbm_survival_2year_single_t2,T2,MRICore,0.0001,1.0,100.0,100.0,0.5,,0.4433962404727936,,,,,,0.5,0.44285714626312256,,pretrained | model_MRICore | mod_t2 | timestamped
7245971039.03941-09962609-8b0e,brainmvp_pretrained_t2_2025-08-01_06-22-48,july_stratified_upenn_gbm_survival_2year_single_t2,T2,brainmvp,0.0001,1.0,100.0,100.0,0.5,,0.4433962404727936,,,,,,0.5,0.44285714626312256,,pretrained | mod_t2 | timestamped
7245970245.85273-8d2c65e4-9979,resenc_time_conditioned_pretrained_t2_2025-08-01_06-35-20,july_stratified_upenn_gbm_survival_2year_single_t2,T2,ResEncTimeConditioned,0.0001,4.0,200.0,200.0,0.5,,0.4433962404727936,,,,,,0.5,0.44285714626312256,,pretrained | model_ResEncTimeConditioned | mod_t2 | timestamped
7245969411.77329-972c0f7f-e838,dinov2_pretrained_t2_2025-08-01_06-53-17,july_stratified_upenn_gbm_survival_2year_single_t2,T2,dinov2,0.0001,1.0,50.0,100.0,0.5,,0.4433962404727936,,,,,,0.5,0.44285714626312256,,pretrained | mod_t2 | timestamped
7245968589.61854-c7c2c1a9-3713,resenc_MDAETrainer_RandomMask_Flow_BS48_2000ep_pretrained_t2_2025-08-01_08-29-43,july_stratified_upenn_gbm_survival_2year_single_t2,T2,ResEncoder_Classifier,0.0001,4.0,200.0,200.0,0.5,,0.4433962404727936,,,,,,0.4993279576301574,0.4686290919780731,,pretrained | model_ResEncoder_Classifier | mod_t2 | timestamped
7245918196.07811-b89b8c34-2dd8,resenc_pretrained_t2_2025-08-01_21-02-22,july_stratified_upenn_gbm_survival_2year_single_t2,T2,ResEncoder_Classifier,6e-05,1.0,200.0,200.0,0.5,,0.4433962404727936,,,,,,0.5450268983840942,0.5476803779602051,,pretrained | model_ResEncoder_Classifier | mod_t2 | timestamped
7245917353.92109-39f3fb13-4894,resenc_MDAETrainer_RandomMask_Flow_BS48_2000ep_pretrained_t2_2025-08-01_21-22-09,july_stratified_upenn_gbm_survival_2year_single_t2,T2,ResEncoder_Classifier,6e-05,4.0,200.0,200.0,0.5,,0.4433962404727936,,,,,,0.5208333134651184,0.4849760830402374,,pretrained | model_ResEncoder_Classifier | mod_t2 | timestamped
7245916524.46407-dfbafb47-8b79,resenc_time_conditioned_pretrained_t2_2025-08-01_21-29-43,july_stratified_upenn_gbm_survival_2year_single_t2,T2,ResEncTimeConditioned,6e-05,4.0,200.0,200.0,0.5,,0.4433962404727936,,,,,,0.5,0.44285714626312256,,pretrained | model_ResEncTimeConditioned | mod_t2 | timestamped
7245884513.63292-e33ff013-93cd,resenc_pretrained_t2_2025-08-02_06-25-09,july_stratified_upenn_gbm_survival_2year_single_t2,T2,ResEncoder_Classifier,6e-05,4.0,200.0,200.0,0.5,,0.4433962404727936,,,,,,0.5,0.44285714626312256,,pretrained | model_ResEncoder_Classifier | mod_t2 | timestamped
7245884117.41269-d8a62b92-809f,resenc_MDAETrainer_RandomMask_Flow_BS48_2000ep_pretrained_t2_2025-08-02_08-23-14,july_stratified_upenn_gbm_survival_2year_single_t2,T2,ResEncoder_Classifier,6e-05,4.0,200.0,200.0,0.5,,0.4433962404727936,,,,,,0.5100806355476379,0.4766505658626557,,pretrained | model_ResEncoder_Classifier | mod_t2 | timestamped
7245883722.63198-75e9ec45-b4f4,resenc_time_conditioned_pretrained_t2_2025-08-02_09-43-15,july_stratified_upenn_gbm_survival_2year_single_t2,T2,ResEncTimeConditioned,6e-05,4.0,200.0,200.0,0.5,,0.4433962404727936,,,,,,0.5,0.44285714626312256,,pretrained | model_ResEncTimeConditioned | mod_t2 | timestamped
7245882937.06124-61d134ef-30da,dinov2_pretrained_t2_2025-08-02_06-49-59,july_stratified_upenn_gbm_survival_2year_single_t2,T2,dinov2,6e-05,4.0,50.0,200.0,0.5,,0.4433962404727936,,,,,,0.5,0.44285714626312256,,pretrained | mod_t2 | timestamped
7245882539.78584-a9e6b638-0009,brainmvp_pretrained_t2_2025-08-02_07-03-16,july_stratified_upenn_gbm_survival_2year_single_t2,T2,brainmvp,6e-05,4.0,200.0,200.0,0.5,,0.4433962404727936,,,,,,0.5,0.44285714626312256,,pretrained | mod_t2 | timestamped
7245882159.78314-7e5bda5a-4ec6,brainiac_pretrained_t2_2025-08-02_07-05-39,july_stratified_upenn_gbm_survival_2year_single_t2,T2,brainiac,6e-05,4.0,200.0,200.0,0.6077127456665039,,0.6077127456665039,,,,,,0.6176075339317322,0.6211841106414795,,pretrained | mod_t2 | timestamped
7245875886.00703-bdc4790d-6c18,resenc_MDAETrainer_RandomMask_Flow_BS48_2000ep_pretrained_t2_2025-08-02_10-16-58,july_stratified_upenn_gbm_survival_2year_single_t2,T2,ResEncoder_Classifier,0.0001,4.0,200.0,200.0,0.5,,0.4433962404727936,,,,,,0.5047042965888977,0.4726074934005738,,pretrained | model_ResEncoder_Classifier | mod_t2 | timestamped
7245875166.85971-575a2ab1-0195,resenc_time_conditioned_pretrained_t2_2025-08-02_08-58-58,july_stratified_upenn_gbm_survival_2year_single_t2,T2,ResEncTimeConditioned,8e-05,4.0,200.0,200.0,0.5,,0.4433962404727936,,,,,,0.5,0.44285714626312256,,pretrained | model_ResEncTimeConditioned | mod_t2 | timestamped
7245874255.28920-4d66ba8c-4e87,resenc_pretrained_t2_2025-08-02_09-14-13,july_stratified_upenn_gbm_survival_2year_single_t2,T2,ResEncoder_Classifier,0.0001,4.0,200.0,200.0,0.5,,0.4433962404727936,,,,,,0.5,0.44285714626312256,,pretrained | model_ResEncoder_Classifier | mod_t2 | timestamped
7245873431.25753-601f73d9-8fde,resenc_MDAETrainer_RandomMask_Flow_BS48_2000ep_pretrained_t2_2025-08-02_09-27-56,july_stratified_upenn_gbm_survival_2year_single_t2,T2,ResEncoder_Classifier,0.0001,4.0,200.0,200.0,0.5,,0.4433962404727936,,,,,,0.5,0.44285714626312256,,pretrained | model_ResEncoder_Classifier | mod_t2 | timestamped
7245828875.46969-0be3f176-889b,resenc_time_conditioned_pretrained_t2_2025-08-02_21-50-35,july_stratified_upenn_gbm_survival_2year_single_t2,T2,ResEncTimeConditioned,0.0001,4.0,200.0,200.0,0.5,,0.4433962404727936,,,,,,0.5,0.44285714626312256,,pretrained | model_ResEncTimeConditioned | mod_t2 | timestamped
7245826351.72342-8cfa4d53-d31d,resenc_time_conditioned_pretrained_t2_2025-08-02_22-32-31,july_stratified_upenn_gbm_survival_2year_single_t2,T2,ResEncTimeConditioned,6e-05,4.0,200.0,200.0,0.5,,0.4433962404727936,,,,,,0.5,0.44285714626312256,,pretrained | model_ResEncTimeConditioned | mod_t2 | timestamped
7245824128.21235-3539874f-d9b3,resenc_time_conditioned_pretrained_t2_2025-08-02_23-10-13,july_stratified_upenn_gbm_survival_2year_single_t2,T2,ResEncTimeConditioned,2e-05,4.0,200.0,200.0,0.5,,0.4433962404727936,,,,,,0.5,0.44285714626312256,,pretrained | model_ResEncTimeConditioned | mod_t2 | timestamped
7245820026.59432-6b542827-be28,resenc_time_conditioned_pretrained_t2_2025-08-03_00-18-24,july_stratified_upenn_gbm_survival_2year_single_t2,T2,ResEncTimeConditioned,8e-05,4.0,200.0,200.0,0.5,,0.4433962404727936,,,,,,0.5,0.44285714626312256,,pretrained | model_ResEncTimeConditioned | mod_t2 | timestamped
7245740435.21245-eeca20c0-5014,dinov2_pretrained_t2_2025-08-03_22-31-20,july_stratified_upenn_gbm_survival_2year_single_t2,T2,dinov2,8e-05,4.0,50.0,200.0,0.5,,0.4433962404727936,,,,,,0.5,0.44285714626312256,,pretrained | mod_t2 | timestamped
7245738899.09106-c3376b65-2021,mri_core_pretrained_t2_2025-08-03_22-56-40,july_stratified_upenn_gbm_survival_2year_single_t2,T2,MRICore,0.0001,1.0,100.0,100.0,0.5,,0.4433962404727936,,,,,,0.5,0.44285714626312256,,pretrained | model_MRICore | mod_t2 | timestamped
7245738602.41223-3ae2a577-f9dc,resenc_pretrained_t2_2025-08-03_23-02-40,july_stratified_upenn_gbm_survival_2year_single_t2,T2,ResEncoder_Classifier,8e-05,1.0,200.0,200.0,0.5,,0.4433962404727936,,,,,,0.5,0.44285714626312256,,pretrained | model_ResEncoder_Classifier | mod_t2 | timestamped
7245718174.00230-6123cfe8-a680,brainiac_scratch_t2_2025-08-04_04-41-40,july_stratified_upenn_gbm_survival_2year_single_t2,T2,brainiac,6e-05,1.0,200.0,200.0,0.5,,0.4433962404727936,,,,,,0.5047042965888977,0.4726074934005738,,scratch | mod_t2 | timestamped
7245717391.23882-e8cf67bf-2c53,brainmvp_pretrained_t2_2025-08-04_04-48-40,july_stratified_upenn_gbm_survival_2year_single_t2,T2,brainmvp,6e-05,1.0,200.0,200.0,0.5,,0.4433962404727936,,,,,,0.5,0.44285714626312256,,pretrained | mod_t2 | timestamped
7245696551.07234-b1053ecb-d85e,resenc_SwinUNETR_pretrained_t2_2025-08-04_10-36-04,july_stratified_upenn_gbm_survival_2year_single_t2,T2,ResEncoder_Classifier,8e-05,4.0,200.0,200.0,0.554964542388916,,0.5498504638671875,,,,,,0.5094085931777954,0.4931930601596832,,pretrained | model_ResEncoder_Classifier | mod_t2 | timestamped
7245695800.84888-70d9e89c-ee22,resenc_VoCo_pretrained_t2_2025-08-04_10-48-26,july_stratified_upenn_gbm_survival_2year_single_t2,T2,ResEncoder_Classifier,8e-05,4.0,200.0,200.0,0.5,,0.4433962404727936,,,,,,0.5927419662475586,0.6060606241226196,,pretrained | model_ResEncoder_Classifier | mod_t2 | timestamped
7245695016.75208-d717d3be-cae9,resenc_SimCLR_pretrained_t2_2025-08-04_11-07-48,july_stratified_upenn_gbm_survival_2year_single_t2,T2,ResEncoder_Classifier,8e-05,4.0,200.0,200.0,0.5,,0.4433962404727936,,,,,,0.5,0.44285714626312256,,pretrained | model_ResEncoder_Classifier | mod_t2 | timestamped
7245694225.54527-fd821326-d8a9,resenc_MG_pretrained_t2_2025-08-04_11-20-23,july_stratified_upenn_gbm_survival_2year_single_t2,T2,ResEncoder_Classifier,8e-05,4.0,200.0,200.0,0.5,,0.4433962404727936,,,,,,0.5040322542190552,0.4884667694568634,,pretrained | model_ResEncoder_Classifier | mod_t2 | timestamped
7245693449.01301-107706b7-7370,resenc_S3D_pretrained_t2_2025-08-04_11-30-11,july_stratified_upenn_gbm_survival_2year_single_t2,T2,ResEncoder_Classifier,8e-05,4.0,200.0,200.0,0.5,,0.4433962404727936,,,,,,0.5255376100540161,0.5079898834228516,,pretrained | model_ResEncoder_Classifier | mod_t2 | timestamped
7245692641.69018-3c3b6c31-ea09,resenc_VF_pretrained_t2_2025-08-04_14-52-31,july_stratified_upenn_gbm_survival_2year_single_t2,T2,ResEncoder_Classifier,8e-05,4.0,200.0,200.0,0.5,,0.4433962404727936,,,,,,0.4831989407539368,0.4569925665855408,,pretrained | model_ResEncoder_Classifier | mod_t2 | timestamped
7245607027.12357-8154e567-3511,resenc_multimodal_mm_mdae_pretrained_pretrained_t2_2025-08-05_11-34-43,july_stratified_upenn_gbm_survival_2year_single_t2,T2,ResEncoderMultiModal_Classifier,3e-05,4.0,200.0,200.0,0.5,,0.4433962404727936,,,,,,0.5719085931777954,0.5800430774688721,,pretrained | model_ResEncoderMultiModal_Classifier | mod_t2 | timestamped
7245606206.31616-9885b25a-055d,resenc_time_conditioned_pretrained_t2_2025-08-05_15-04-11,july_stratified_upenn_gbm_survival_2year_single_t2,T2,ResEncTimeConditioned,3e-05,4.0,200.0,200.0,0.5,,0.4433962404727936,,,,,,0.5,0.44285714626312256,,pretrained | model_ResEncTimeConditioned | mod_t2 | timestamped
7245521802.59501-2f9da1b9-a183,eva_mdae_pretrained_t2_2025-08-06_11-08-37,july_stratified_upenn_gbm_survival_2year_single_t2,T2,Eva_MAE,5e-05,2.0,200.0,200.0,0.504875898361206,,0.4732142984867096,,,,,,0.5147849321365356,0.4980136752128601,,pretrained | model_Eva_MAE | mod_t2 | timestamped
7245464779.98184-63c98c7c-1aa3,eva_mdae_pretrained_t2_2025-08-07_02-59-19,july_stratified_upenn_gbm_survival_2year_single_t2,T2,Eva_MAE,0.0001,2.0,200.0,200.0,0.5,,0.4433962404727936,,,,,,0.5208333134651184,0.4849760830402374,,pretrained | model_Eva_MAE | mod_t2 | timestamped
7245464773.89501-b028d8d7-1244,eva_simmim_pretrained_t2_2025-08-07_15-22-20,july_stratified_upenn_gbm_survival_2year_single_t2,T2,Eva_MAE,0.0001,2.0,200.0,200.0,0.5,,0.4433962404727936,,,,,,0.5,0.44285714626312256,,pretrained | model_Eva_MAE | mod_t2 | timestamped
7245463494.45670-418a3f7b-c97d,eva_mae_pretrained_t2_2025-08-07_03-20-45,july_stratified_upenn_gbm_survival_2year_single_t2,T2,Eva_MAE,0.0001,2.0,200.0,200.0,0.5,,0.4433962404727936,,,,,,0.5208333134651184,0.4849760830402374,,pretrained | mod_t2 | timestamped
7245462201.37908-e740f298-9e6b,eva_mg_pretrained_t2_2025-08-07_03-48-26,july_stratified_upenn_gbm_survival_2year_single_t2,T2,Eva_MAE,0.0001,2.0,200.0,200.0,0.5,,0.4433962404727936,,,,,,0.524193525314331,0.5230769515037537,,pretrained | model_Eva_MAE | mod_t2 | timestamped
7245462251.88408-67be600c-6eee,eva_vf_pretrained_t2_2025-08-07_03-52-32,july_stratified_upenn_gbm_survival_2year_single_t2,T2,Eva_MAE,0.0001,2.0,200.0,200.0,0.5,,0.4433962404727936,,,,,,0.5208333134651184,0.4849760830402374,,pretrained | model_Eva_MAE | mod_t2 | timestamped
7245460927.74412-7be698b0-e0c5,eva_simclr_pretrained_t2_2025-08-07_04-12-59,july_stratified_upenn_gbm_survival_2year_single_t2,T2,Eva_MAE,0.0001,2.0,200.0,200.0,0.5,,0.4433962404727936,,,,,,0.4677419364452362,0.4264705777168274,,pretrained | model_Eva_MAE | mod_t2 | timestamped
7245460963.79640-2428aa3a-7d41,eva_voco_pretrained_t2_2025-08-07_04-14-52,july_stratified_upenn_gbm_survival_2year_single_t2,T2,Eva_MAE,0.0001,2.0,200.0,200.0,0.5,,0.4433962404727936,,,,,,0.5047042965888977,0.4726074934005738,,pretrained | model_Eva_MAE | mod_t2 | timestamped
7245319527.15257-173223dc-b6b1,resenc_MDAE_pretrained_t2_2025-08-08_19-19-50,july_stratified_upenn_gbm_survival_2year_single_t2,T2,ResEncoder_Classifier,6e-05,4.0,200.0,200.0,0.4995567500591278,,0.469265341758728,,,,,,0.5201612710952759,0.5029411911964417,,pretrained | model_ResEncoder_Classifier | mod_t2 | timestamped
7245318718.09633-094e4cff-e58b,resenc_MDAE_pretrained_t2_2025-08-08_19-40-04,july_stratified_upenn_gbm_survival_2year_single_t2,T2,ResEncoder_Classifier,6e-05,4.0,200.0,200.0,0.5,,0.4433962404727936,,,,,,0.5517473220825195,0.5473507046699524,,pretrained | model_ResEncoder_Classifier | mod_t2 | timestamped
7245317909.83497-4acf4b02-c2e9,resenc_MDAE_pretrained_t2_2025-08-08_19-47-17,july_stratified_upenn_gbm_survival_2year_single_t2,T2,ResEncoder_Classifier,6e-05,4.0,200.0,200.0,0.5,,0.4433962404727936,,,,,,0.5047042965888977,0.4726074934005738,,pretrained | model_ResEncoder_Classifier | mod_t2 | timestamped
7246044526.03734-bce93ac2-ed06,brainiac_pretrained_flair_2025-07-31_10-02-21,july_stratified_upenn_gbm_survival_2year_single_flair,FLAIR,brainiac,2e-05,1.0,100.0,100.0,0.4893617033958435,,0.43809524178504944,,,,,,0.4838709533214569,0.4347825944423675,,pretrained | mod_flair | timestamped
7246044367.84108-89dbf57c-547a,dinov2_frozen_flair_2025-07-31_10-04-41,july_stratified_upenn_gbm_survival_2year_single_flair,FLAIR,dinov2,2e-05,4.0,50.0,100.0,0.5,,0.4433962404727936,,,,,,0.5,0.44285714626312256,,frozen | mod_flair | timestamped
7246044421.47760-2b2c4eb9-2fb7,brainmvp_pretrained_flair_2025-07-31_10-06-06,july_stratified_upenn_gbm_survival_2year_single_flair,FLAIR,brainmvp,2e-05,1.0,100.0,100.0,0.5,,0.4433962404727936,,,,,,0.5,0.44285714626312256,,pretrained | mod_flair | timestamped
7246044472.57000-087573e4-8048,brainiac_scratch_flair_2025-07-31_10-06-24,july_stratified_upenn_gbm_survival_2year_single_flair,FLAIR,brainiac,2e-05,1.0,100.0,100.0,0.5,,0.4433962404727936,,,,,,0.5,0.44285714626312256,,scratch | mod_flair | timestamped
7246044313.78955-5ae51178-e2cb,dinov2_pretrained_flair_2025-07-31_10-06-35,july_stratified_upenn_gbm_survival_2year_single_flair,FLAIR,dinov2,2e-05,1.0,50.0,100.0,0.5,,0.4433962404727936,,,,,,0.5,0.44285714626312256,,pretrained | mod_flair | timestamped
7246044260.99412-060ef382-3e74,mri_core_frozen_flair_2025-07-31_10-55-38,july_stratified_upenn_gbm_survival_2year_single_flair,FLAIR,MRICore,2e-05,4.0,100.0,100.0,0.5,,0.4433962404727936,,,,,,0.5,0.44285714626312256,,frozen | model_MRICore | mod_flair | timestamped
7246044091.40982-621b1ee3-71b7,resenc_MDAETrainer_RandomMask_Flow_BS48_2000ep_pretrained_flair_2025-07-31_10-08-38,july_stratified_upenn_gbm_survival_2year_single_flair,FLAIR,ResEncoder_Classifier,2e-05,1.0,200.0,200.0,0.5,,0.4433962404727936,,,,,,0.522849440574646,0.5224490165710449,,pretrained | model_ResEncoder_Classifier | mod_flair | timestamped
7246007422.48847-ede22ba7-2d76,resenc_time_conditioned_pretrained_flair_2025-07-31_20-26-24,july_stratified_upenn_gbm_survival_2year_single_flair,FLAIR,ResEncTimeConditioned,2e-05,1.0,200.0,200.0,0.5,,0.4433962404727936,,,,,,0.4771505296230316,0.4658969044685364,,pretrained | model_ResEncTimeConditioned | mod_flair | timestamped
7245976964.08609-a57cca92-962a,resenc_MDAETrainer_RandomMask_Flow_BS48_2000ep_pretrained_flair_2025-08-01_06-03-06,july_stratified_upenn_gbm_survival_2year_single_flair,FLAIR,ResEncoder_Classifier,2e-05,4.0,200.0,200.0,0.48404255509376526,,0.4354066848754883,,,,,,0.6075268983840942,0.6153658628463745,,pretrained | model_ResEncoder_Classifier | mod_flair | timestamped
7245976167.71502-c618007f-3ad5,resenc_time_conditioned_pretrained_flair_2025-08-01_06-12-44,july_stratified_upenn_gbm_survival_2year_single_flair,FLAIR,ResEncTimeConditioned,2e-05,4.0,200.0,200.0,0.5,,0.4433962404727936,,,,,,0.5,0.44285714626312256,,pretrained | model_ResEncTimeConditioned | mod_flair | timestamped
7245974371.93120-fc2bfff9-51af,resenc_MDAETrainer_RandomMask_Flow_BS48_2000ep_pretrained_flair_2025-08-01_05-28-45,july_stratified_upenn_gbm_survival_2year_single_flair,FLAIR,ResEncoder_Classifier,2e-05,1.0,200.0,200.0,0.5,,0.4433962404727936,,,,,,0.5026881694793701,0.5014002323150635,,pretrained | model_ResEncoder_Classifier | mod_flair | timestamped
7245973503.67128-37e9be5e-6bdc,resenc_time_conditioned_pretrained_flair_2025-08-01_05-40-32,july_stratified_upenn_gbm_survival_2year_single_flair,FLAIR,ResEncTimeConditioned,2e-05,1.0,200.0,,,,,,,,,,,,,pretrained | model_ResEncTimeConditioned | mod_flair | timestamped
7245972655.08904-b06ba1c5-8954,brainiac_pretrained_flair_2025-08-01_06-07-46,july_stratified_upenn_gbm_survival_2year_single_flair,FLAIR,brainiac,0.0001,1.0,100.0,100.0,0.5,,0.4433962404727936,,,,,,0.5,0.44285714626312256,,pretrained | mod_flair | timestamped
7245971835.51814-f72a5b6b-01aa,mri_core_pretrained_flair_2025-08-01_06-09-58,july_stratified_upenn_gbm_survival_2year_single_flair,FLAIR,MRICore,0.0001,1.0,100.0,100.0,0.5,,0.4433962404727936,,,,,,0.5,0.44285714626312256,,pretrained | model_MRICore | mod_flair | timestamped
7245971025.24495-48fce509-e6d3,brainmvp_pretrained_flair_2025-08-01_06-28-05,july_stratified_upenn_gbm_survival_2year_single_flair,FLAIR,brainmvp,0.0001,1.0,100.0,100.0,0.5,,0.4433962404727936,,,,,,0.5,0.44285714626312256,,pretrained | mod_flair | timestamped
7245970232.91546-89de8ea9-19e3,resenc_time_conditioned_pretrained_flair_2025-08-01_06-41-42,july_stratified_upenn_gbm_survival_2year_single_flair,FLAIR,ResEncTimeConditioned,0.0001,4.0,200.0,200.0,0.5,,0.4433962404727936,,,,,,0.5,0.44285714626312256,,pretrained | model_ResEncTimeConditioned | mod_flair | timestamped
7245969395.10005-40876796-f5e3,dinov2_pretrained_flair_2025-08-01_06-53-34,july_stratified_upenn_gbm_survival_2year_single_flair,FLAIR,dinov2,0.0001,1.0,50.0,100.0,0.5,,0.4433962404727936,,,,,,0.5,0.44285714626312256,,pretrained | mod_flair | timestamped
7245968576.79910-5d192cb3-1cd4,resenc_MDAETrainer_RandomMask_Flow_BS48_2000ep_pretrained_flair_2025-08-01_08-35-13,july_stratified_upenn_gbm_survival_2year_single_flair,FLAIR,ResEncoder_Classifier,0.0001,4.0,200.0,200.0,0.5,,0.4433962404727936,,,,,,0.5201612710952759,0.5029411911964417,,pretrained | model_ResEncoder_Classifier | mod_flair | timestamped
7245918183.54113-5f7bb4f7-6f18,resenc_pretrained_flair_2025-08-01_21-02-48,july_stratified_upenn_gbm_survival_2year_single_flair,FLAIR,ResEncoder_Classifier,6e-05,1.0,200.0,200.0,0.5,,0.4433962404727936,,,,,,0.5,0.44285714626312256,,pretrained | model_ResEncoder_Classifier | mod_flair | timestamped
7245917333.17651-8f1ae8c8-f98e,resenc_MDAETrainer_RandomMask_Flow_BS48_2000ep_pretrained_flair_2025-08-01_21-24-45,july_stratified_upenn_gbm_survival_2year_single_flair,FLAIR,ResEncoder_Classifier,6e-05,4.0,200.0,200.0,0.5,,0.4433962404727936,,,,,,0.48723119497299194,0.4824971556663513,,pretrained | model_ResEncoder_Classifier | mod_flair | timestamped
7245916510.98031-617b4649-dc11,resenc_time_conditioned_pretrained_flair_2025-08-01_21-32-53,july_stratified_upenn_gbm_survival_2year_single_flair,FLAIR,ResEncTimeConditioned,6e-05,4.0,200.0,200.0,0.5,,0.4433962404727936,,,,,,0.5,0.44285714626312256,,pretrained | model_ResEncTimeConditioned | mod_flair | timestamped
7245884500.51601-60a0a02c-823a,resenc_pretrained_flair_2025-08-02_06-25-27,july_stratified_upenn_gbm_survival_2year_single_flair,FLAIR,ResEncoder_Classifier,6e-05,4.0,200.0,200.0,0.5,,0.4433962404727936,,,,,,0.5,0.44285714626312256,,pretrained | model_ResEncoder_Classifier | mod_flair | timestamped
7245884104.07453-16cca442-6c5e,resenc_MDAETrainer_RandomMask_Flow_BS48_2000ep_pretrained_flair_2025-08-02_08-22-58,july_stratified_upenn_gbm_survival_2year_single_flair,FLAIR,ResEncoder_Classifier,6e-05,4.0,200.0,200.0,0.5,,0.4433962404727936,,,,,,0.4771505296230316,0.4658969044685364,,pretrained | model_ResEncoder_Classifier | mod_flair | timestamped
7245883708.10229-2697de22-5dda,resenc_time_conditioned_pretrained_flair_2025-08-02_09-43-24,july_stratified_upenn_gbm_survival_2year_single_flair,FLAIR,ResEncTimeConditioned,6e-05,4.0,200.0,200.0,0.5,,0.4433962404727936,,,,,,0.5,0.44285714626312256,,pretrained | model_ResEncTimeConditioned | mod_flair | timestamped
7245882923.81175-e38bb018-31c3,dinov2_pretrained_flair_2025-08-02_06-49-38,july_stratified_upenn_gbm_survival_2year_single_flair,FLAIR,dinov2,6e-05,4.0,50.0,200.0,0.5,,0.4433962404727936,,,,,,0.5,0.44285714626312256,,pretrained | mod_flair | timestamped
7245883317.19801-b7680be5-6dbd,mri_core_pretrained_flair_2025-08-02_06-56-04,july_stratified_upenn_gbm_survival_2year_single_flair,FLAIR,MRICore,6e-05,4.0,200.0,200.0,0.5,,0.4433962404727936,,,,,,0.5,0.44285714626312256,,pretrained | model_MRICore | mod_flair | timestamped
7245882526.97121-cad95bda-bc81,brainmvp_pretrained_flair_2025-08-02_07-03-19,july_stratified_upenn_gbm_survival_2year_single_flair,FLAIR,brainmvp,6e-05,4.0,200.0,200.0,0.5,,0.4433962404727936,,,,,,0.48924732208251953,0.4781064987182617,,pretrained | mod_flair | timestamped
7245882146.97294-2519c910-b60e,brainiac_pretrained_flair_2025-08-02_07-05-52,july_stratified_upenn_gbm_survival_2year_single_flair,FLAIR,brainiac,6e-05,4.0,200.0,200.0,0.4942376017570496,,0.4653721749782562,,,,,,0.4771505296230316,0.4658969044685364,,pretrained | mod_flair | timestamped
7245875871.66356-9c1659a3-6e41,resenc_MDAETrainer_RandomMask_Flow_BS48_2000ep_pretrained_flair_2025-08-02_10-15-40,july_stratified_upenn_gbm_survival_2year_single_flair,FLAIR,ResEncoder_Classifier,0.0001,4.0,200.0,200.0,0.5,,0.4433962404727936,,,,,,0.5147849321365356,0.4980136752128601,,pretrained | model_ResEncoder_Classifier | mod_flair | timestamped
7245875154.49223-667ecf25-4815,resenc_time_conditioned_pretrained_flair_2025-08-02_08-58-58,july_stratified_upenn_gbm_survival_2year_single_flair,FLAIR,ResEncTimeConditioned,8e-05,4.0,200.0,200.0,0.5,,0.4433962404727936,,,,,,0.5,0.44285714626312256,,pretrained | model_ResEncTimeConditioned | mod_flair | timestamped
7245874242.25127-2da20bf3-0f59,resenc_pretrained_flair_2025-08-02_09-14-19,july_stratified_upenn_gbm_survival_2year_single_flair,FLAIR,ResEncoder_Classifier,0.0001,4.0,200.0,200.0,0.5,,0.4433962404727936,,,,,,0.5,0.44285714626312256,,pretrained | model_ResEncoder_Classifier | mod_flair | timestamped
7245873418.69229-8170f445-988e,resenc_MDAETrainer_RandomMask_Flow_BS48_2000ep_pretrained_flair_2025-08-02_09-28-27,july_stratified_upenn_gbm_survival_2year_single_flair,FLAIR,ResEncoder_Classifier,0.0001,4.0,200.0,200.0,0.5,,0.4433962404727936,,,,,,0.5,0.44285714626312256,,pretrained | model_ResEncoder_Classifier | mod_flair | timestamped
7245828859.22109-2e18913b-9047,resenc_time_conditioned_pretrained_flair_2025-08-02_21-50-52,july_stratified_upenn_gbm_survival_2year_single_flair,FLAIR,ResEncTimeConditioned,0.0001,4.0,200.0,200.0,0.5,,0.4433962404727936,,,,,,0.5,0.44285714626312256,,pretrained | model_ResEncTimeConditioned | mod_flair | timestamped
7245826338.27317-6590081a-ca0b,resenc_time_conditioned_pretrained_flair_2025-08-02_22-33-05,july_stratified_upenn_gbm_survival_2year_single_flair,FLAIR,ResEncTimeConditioned,6e-05,4.0,200.0,200.0,0.5,,0.4433962404727936,,,,,,0.5,0.44285714626312256,,pretrained | model_ResEncTimeConditioned | mod_flair | timestamped
7245824113.98743-a7eaa051-d01b,resenc_time_conditioned_pretrained_flair_2025-08-02_23-10-22,july_stratified_upenn_gbm_survival_2year_single_flair,FLAIR,ResEncTimeConditioned,2e-05,4.0,200.0,200.0,0.5,,0.4433962404727936,,,,,,0.5,0.44285714626312256,,pretrained | model_ResEncTimeConditioned | mod_flair | timestamped
7245820012.36272-3b2472e4-568a,resenc_time_conditioned_pretrained_flair_2025-08-03_00-18-26,july_stratified_upenn_gbm_survival_2year_single_flair,FLAIR,ResEncTimeConditioned,8e-05,4.0,200.0,200.0,0.5,,0.4433962404727936,,,,,,0.5,0.44285714626312256,,pretrained | model_ResEncTimeConditioned | mod_flair | timestamped
7245740422.12759-7f749cee-d9de,dinov2_pretrained_flair_2025-08-03_22-32-25,july_stratified_upenn_gbm_survival_2year_single_flair,FLAIR,dinov2,8e-05,4.0,50.0,200.0,0.5,,0.4433962404727936,,,,,,0.5,0.44285714626312256,,pretrained | mod_flair | timestamped
7245738885.81020-5af9957b-647d,mri_core_pretrained_flair_2025-08-03_22-56-33,july_stratified_upenn_gbm_survival_2year_single_flair,FLAIR,MRICore,0.0001,1.0,100.0,100.0,0.5,,0.4433962404727936,,,,,,0.5,0.44285714626312256,,pretrained | model_MRICore | mod_flair | timestamped
7245738588.96568-926aad83-2ed8,resenc_pretrained_flair_2025-08-03_23-04-14,july_stratified_upenn_gbm_survival_2year_single_flair,FLAIR,ResEncoder_Classifier,8e-05,1.0,200.0,200.0,0.5,,0.4433962404727936,,,,,,0.5208333134651184,0.4849760830402374,,pretrained | model_ResEncoder_Classifier | mod_flair | timestamped
7245718154.88140-a1c7bba9-9d11,brainiac_scratch_flair_2025-08-04_04-42-05,july_stratified_upenn_gbm_survival_2year_single_flair,FLAIR,brainiac,6e-05,1.0,200.0,200.0,0.5,,0.4433962404727936,,,,,,0.5,0.44285714626312256,,scratch | mod_flair | timestamped
7245717378.22767-55fe21ae-c51a,brainmvp_pretrained_flair_2025-08-04_04-56-23,july_stratified_upenn_gbm_survival_2year_single_flair,FLAIR,brainmvp,6e-05,1.0,200.0,200.0,0.5,,0.4433962404727936,,,,,,0.4798387289047241,0.20336699485778809,,pretrained | mod_flair | timestamped
7245696538.37438-2cafc4fb-a25b,resenc_SwinUNETR_pretrained_flair_2025-08-04_10-36-15,july_stratified_upenn_gbm_survival_2year_single_flair,FLAIR,ResEncoder_Classifier,8e-05,4.0,200.0,200.0,0.5,,0.4433962404727936,,,,,,0.5094085931777954,0.4931930601596832,,pretrained | model_ResEncoder_Classifier | mod_flair | timestamped
7245695787.75890-2508af59-50a2,resenc_VoCo_pretrained_flair_2025-08-04_10-57-55,july_stratified_upenn_gbm_survival_2year_single_flair,FLAIR,ResEncoder_Classifier,8e-05,4.0,200.0,200.0,0.5,,0.4433962404727936,,,,,,0.5,0.44285714626312256,,pretrained | model_ResEncoder_Classifier | mod_flair | timestamped
7245695003.81805-aadf722b-a7af,resenc_SimCLR_pretrained_flair_2025-08-04_11-07-54,july_stratified_upenn_gbm_survival_2year_single_flair,FLAIR,ResEncoder_Classifier,8e-05,4.0,200.0,200.0,0.5,,0.4433962404727936,,,,,,0.5,0.44285714626312256,,pretrained | model_ResEncoder_Classifier | mod_flair | timestamped
7245694212.49175-ba0db0fe-815f,resenc_MG_pretrained_flair_2025-08-04_11-20-42,july_stratified_upenn_gbm_survival_2year_single_flair,FLAIR,ResEncoder_Classifier,8e-05,4.0,200.0,200.0,0.5,,0.4433962404727936,,,,,,0.5564516186714172,0.5590230822563171,,pretrained | model_ResEncoder_Classifier | mod_flair | timestamped
7245693435.05866-1fdc040c-3a77,resenc_S3D_pretrained_flair_2025-08-04_11-32-46,july_stratified_upenn_gbm_survival_2year_single_flair,FLAIR,ResEncoder_Classifier,8e-05,4.0,200.0,200.0,0.5,,0.4433962404727936,,,,,,0.5,0.44285714626312256,,pretrained | model_ResEncoder_Classifier | mod_flair | timestamped
7245692628.21475-01c9e00f-1829,resenc_VF_pretrained_flair_2025-08-04_14-55-14,july_stratified_upenn_gbm_survival_2year_single_flair,FLAIR,ResEncoder_Classifier,8e-05,4.0,200.0,200.0,0.5,,0.4433962404727936,,,,,,0.5349462032318115,0.5345040559768677,,pretrained | model_ResEncoder_Classifier | mod_flair | timestamped
7245607839.49887-090548c0-51b5,resenc_MDAETrainer_RandomMask_Flow_BS48_2000ep_pretrained_flair_2025-08-05_11-22-39,july_stratified_upenn_gbm_survival_2year_single_flair,FLAIR,ResEncoder_Classifier,3e-05,4.0,200.0,200.0,0.5,,0.4433962404727936,,,,,,0.4717741906642914,0.4615384638309479,,pretrained | model_ResEncoder_Classifier | mod_flair | timestamped
7245607013.30924-ade68b60-42dc,resenc_multimodal_mm_mdae_pretrained_pretrained_flair_2025-08-05_11-28-18,july_stratified_upenn_gbm_survival_2year_single_flair,FLAIR,ResEncoderMultiModal_Classifier,3e-05,4.0,200.0,200.0,0.5,,0.4433962404727936,,,,,,0.4717741906642914,0.4615384638309479,,pretrained | model_ResEncoderMultiModal_Classifier | mod_flair | timestamped
7245606192.10468-97dcb965-01af,resenc_time_conditioned_pretrained_flair_2025-08-05_15-12-09,july_stratified_upenn_gbm_survival_2year_single_flair,FLAIR,ResEncTimeConditioned,3e-05,4.0,200.0,200.0,0.5,,0.4433962404727936,,,,,,0.5,0.44285714626312256,,pretrained | model_ResEncTimeConditioned | mod_flair | timestamped
7245521778.26434-714f50ac-0dd9,eva_mdae_pretrained_flair_2025-08-06_11-08-53,july_stratified_upenn_gbm_survival_2year_single_flair,FLAIR,Eva_MAE,5e-05,2.0,200.0,200.0,0.5,,0.4433962404727936,,,,,,0.488575279712677,0.460829496383667,,pretrained | model_Eva_MAE | mod_flair | timestamped
7245464751.01500-5e36edbc-6f10,eva_simmim_pretrained_flair_2025-08-07_15-22-26,july_stratified_upenn_gbm_survival_2year_single_flair,FLAIR,Eva_MAE,0.0001,2.0,200.0,200.0,0.5,,0.4433962404727936,,,,,,0.5,0.44285714626312256,,pretrained | model_Eva_MAE | mod_flair | timestamped
7245464756.69460-416cea6b-ff92,eva_mdae_pretrained_flair_2025-08-07_02-59-55,july_stratified_upenn_gbm_survival_2year_single_flair,FLAIR,Eva_MAE,0.0001,2.0,200.0,200.0,0.5,,0.4433962404727936,,,,,,0.5,0.44285714626312256,,pretrained | model_Eva_MAE | mod_flair | timestamped
7245463500.39501-5144c019-5daa,eva_swinunetr_pretrained_flair_2025-08-07_15-21-46,july_stratified_upenn_gbm_survival_2year_single_flair,FLAIR,Eva_MAE,0.0001,2.0,200.0,200.0,0.5,,0.4433962404727936,,,,,,0.48723119497299194,0.4824971556663513,,pretrained | model_Eva_MAE | mod_flair | timestamped
7245463470.79742-fe237e71-fad2,eva_mae_pretrained_flair_2025-08-07_03-28-55,july_stratified_upenn_gbm_survival_2year_single_flair,FLAIR,Eva_MAE,0.0001,2.0,200.0,200.0,0.5,,0.4433962404727936,,,,,,0.5047042965888977,0.4726074934005738,,pretrained | mod_flair | timestamped
7245462177.86074-ced17b39-3816,eva_mg_pretrained_flair_2025-08-07_03-49-43,july_stratified_upenn_gbm_survival_2year_single_flair,FLAIR,Eva_MAE,0.0001,2.0,200.0,200.0,0.5,,0.4433962404727936,,,,,,0.5618279576301575,0.5655940771102905,,pretrained | model_Eva_MAE | mod_flair | timestamped
7245460895.82357-6647d185-f0d7,eva_simclr_pretrained_flair_2025-08-07_04-11-26,july_stratified_upenn_gbm_survival_2year_single_flair,FLAIR,Eva_MAE,0.0001,2.0,200.0,200.0,0.5,,0.4433962404727936,,,,,,0.5409946441650391,0.5351978540420532,,pretrained | model_Eva_MAE | mod_flair | timestamped
7245460939.88880-a5b9efcf-228d,eva_voco_pretrained_flair_2025-08-07_04-14-43,july_stratified_upenn_gbm_survival_2year_single_flair,FLAIR,Eva_MAE,0.0001,2.0,200.0,200.0,0.5,,0.4433962404727936,,,,,,0.5134408473968506,0.5120687484741211,,pretrained | model_Eva_MAE | mod_flair | timestamped
7245319513.63391-4210fd62-3990,resenc_MDAE_pretrained_flair_2025-08-08_19-24-15,july_stratified_upenn_gbm_survival_2year_single_flair,FLAIR,ResEncoder_Classifier,6e-05,4.0,200.0,200.0,0.5,,0.4433962404727936,,,,,,0.5,0.44285714626312256,,pretrained | model_ResEncoder_Classifier | mod_flair | timestamped
7245318691.34211-8369fed5-0845,resenc_MDAE_pretrained_flair_2025-08-08_19-40-18,july_stratified_upenn_gbm_survival_2year_single_flair,FLAIR,ResEncoder_Classifier,6e-05,4.0,200.0,200.0,0.5,,0.4433962404727936,,,,,,0.4939516186714173,0.4647058844566345,,pretrained | model_ResEncoder_Classifier | mod_flair | timestamped
7245317896.37836-ba3964fd-9d4f,resenc_MDAE_pretrained_flair_2025-08-08_19-47-54,july_stratified_upenn_gbm_survival_2year_single_flair,FLAIR,ResEncoder_Classifier,6e-05,4.0,200.0,200.0,0.5,,0.4433962404727936,,,,,,0.4993279576301574,0.4686290919780731,,pretrained | model_ResEncoder_Classifier | mod_flair | timestamped
