run_id,run_name,state,created_at,url,tags,group,user,config_sam,config_fold,config_task,config_T_max,config_mixup,config_model,config_epochs,config_compile,config_devices,config_subtask,config_nesterov,config_strategy,config_benchmark,config_input_dim,config_optimizer,config_precision,config_scheduler,config_warmstart,config_batch_size,config_cifar_size,config_max_epochs,config_pretrained,config_save_preds,config_warmstart2,config_accelerator,config_mixup_alpha,config_num_classes,config_num_workers,config_result_plot,config_adaptive_sam,config_dropout_prob,config_modality_idx,config_undecay_norm,config_weight_decay,config_data_root_dir,config_deterministic,config_learning_rate,config_input_channels,config_random_batches,config_resnet_dropout,config_sync_batchnorm,config_apply_shakedrop,config_finetune_method,config_freeze_backbone,config_label_smoothing,config_final_batch_size,config_stochastic_depth,config_train_transforms,config_log_every_n_steps,config_squeeze_excitation,config_zero_init_residual,config_classification_task,config_use_single_modality,config_auto_batch_size_mode,config_auto_batch_size_steps,config_prepare_data_per_node,config_accumulate_grad_batches,config_auto_batch_size_enabled,config_metric_computation_mode,config_token_aggregation_method,config_pretrained_checkpoint_path,config_use_brainiac_preprocessing,config_classification_head_dropout,metric_Test/AP,metric_Test/AUROC,metric_Test/Balanced_Accuracy,metric_Test/F1,metric_Test/loss,metric_Train/AP,metric_Train/AUROC,metric_Train/Balanced_Accuracy,metric_Train/F1,metric_Train/loss,metric_Val/AP,metric_Val/AUROC,metric_Val/Balanced_Accuracy,metric_Val/F1,metric_Val/loss,metric__runtime,metric__step,metric__timestamp,metric_epoch,metric_lr-AdamW,metric_trainer/global_step,config_dinov2_model_name,config_slice_aggregation,config_depth,config_embed_dim,config_mlp_ratio,config_num_heads,config_hidden_dim,config_image_size,config_patch_size,config_freeze_encoder,config_time_dim,config_dropout_rate,config_learned_sinusoidal_dim
7245191876.49333-f449c4f4-8f9e,brainiac_pretrained_multi_flair_t1_t1ce_t2_2025-08-10_06-44-29,finished,2025-08-10T06:44:50Z,https://microsoft-research.wandb.io/t-jiachentu/july_stratified_brats18_lgg_vs_hgg_multi_flair_t1_t1ce_t2/runs/7245191876.49333-f449c4f4-8f9e,,68d49d58-66d9-4792-99b5-5ab99f3da0bc,t-jiachentu,False,0,Classification,200.0,False,brainiac,200.0,False,1.0,multiclass,False,auto,False,3.0,AdamW,16-mixed,CosineAnneal,20.0,1.0,False,200.0,True,True,0.0,gpu,0.2,2.0,16.0,val,False,0.2,0.0,False,0.01,/mnt/hanoverlimitedwus2/scratch/t-jiachentu/nnssl_data/nnssl_preprocessed/Dataset006_BraTS18,False,6e-05,4.0,False,0.0,True,False,full,False,0.2,1.0,False,batchgenerators.get_training_transforms,60.0,False,False,lgg_vs_hgg,False,power,3.0,False,1.0,True,epochwise,cls_token,/mnt/hanoverlimitedwus2/scratch/t-jiachentu/nnssl_data/pretrained_ckpts/BrainIAC/BrainIAC.ckpt,True,0.0,0.6065446734428406,0.6015872955322266,0.561904788017273,0.5644943714141846,0.6547350883483887,1.0,1.0,1.0,1.0,0.33868473768234253,0.6310054659843445,0.6396825313568115,0.49761903285980225,0.4631578922271729,0.6588234901428223,61281.0,1000.0,1754869569.7412524,200.0,4.5691453082619125e-09,34200.0,,,,,,,,,,,,,
7245191850.02639-736dd1a0-af85,brainiac_scratch_multi_flair_t1_t1ce_t2_2025-08-10_06-51-28,finished,2025-08-10T06:51:52Z,https://microsoft-research.wandb.io/t-jiachentu/july_stratified_brats18_lgg_vs_hgg_multi_flair_t1_t1ce_t2/runs/7245191850.02639-736dd1a0-af85,,c744d01e-1be5-4c2b-8da3-783358b3e14d,t-jiachentu,False,0,Classification,200.0,False,brainiac,200.0,False,1.0,multiclass,False,auto,False,3.0,AdamW,16-mixed,CosineAnneal,20.0,1.0,False,200.0,False,True,0.0,gpu,0.2,2.0,16.0,val,False,0.2,0.0,False,0.01,/mnt/hanoverlimitedwus2/scratch/t-jiachentu/nnssl_data/nnssl_preprocessed/Dataset006_BraTS18,False,6e-05,4.0,False,0.0,True,False,full,False,0.2,1.0,False,batchgenerators.get_training_transforms,60.0,False,False,lgg_vs_hgg,False,power,3.0,False,1.0,True,epochwise,cls_token,,True,0.0,0.6867483854293823,0.7317460179328918,0.5,0.42424243688583374,0.9407139420509338,0.9953807592391968,0.9970017075538636,0.9547618627548218,0.9547618627548218,0.3673754930496216,0.5418731570243835,0.5111110806465149,0.5214285850524902,0.4815039336681366,5.2756171226501465,61051.0,1000.0,1754869764.4341729,200.0,4.5691453082619125e-09,34200.0,,,,,,,,,,,,,
7245191105.20592-22c735a6-d92a,brainmvp_pretrained_multi_flair_t1_t1ce_t2_2025-08-10_07-03-25,finished,2025-08-10T07:03:46Z,https://microsoft-research.wandb.io/t-jiachentu/july_stratified_brats18_lgg_vs_hgg_multi_flair_t1_t1ce_t2/runs/7245191105.20592-22c735a6-d92a,,2500f004-8225-4593-8ece-814f1091e524,t-jiachentu,False,0,Classification,200.0,False,brainmvp,200.0,False,1.0,multiclass,False,auto,False,3.0,AdamW,16-mixed,CosineAnneal,20.0,1.0,False,200.0,True,True,0.0,gpu,0.2,2.0,16.0,val,False,0.2,0.0,False,0.01,/mnt/hanoverlimitedwus2/scratch/t-jiachentu/nnssl_data/nnssl_preprocessed/Dataset006_BraTS18,False,6e-05,4.0,False,0.0,True,False,full,False,0.2,4.0,False,batchgenerators.get_training_transforms,60.0,False,False,lgg_vs_hgg,False,power,3.0,False,1.0,True,epochwise,cls_token,/mnt/hanoverlimitedwus2/scratch/t-jiachentu/nnssl_data/pretrained_ckpts/BrainMVP/BrainMVP_unet.pt,True,0.0,0.8361515998840332,0.8523809909820557,0.7523809671401978,0.7632890343666077,0.5146957635879517,0.983473777770996,0.98430335521698,0.9515873193740844,0.9614604711532592,0.3737627863883972,0.720134437084198,0.7976190447807312,0.7785714268684387,0.7143334150314331,0.602451741695404,16992.0,1000.0,1754826417.5383673,200.0,4.5691453082619125e-09,8600.0,,,,,,,,,,,,,
7245190694.83084-47e082a3-3351,dinov2_frozen_multi_flair_t1_t1ce_t2_2025-08-10_07-04-16,failed,2025-08-10T07:04:37Z,https://microsoft-research.wandb.io/t-jiachentu/july_stratified_brats18_lgg_vs_hgg_multi_flair_t1_t1ce_t2/runs/7245190694.83084-47e082a3-3351,,bf7bcd5d-7dba-4209-bc9f-bbdef8ea2497,t-jiachentu,False,0,Classification,100.0,False,dinov2,50.0,False,1.0,multiclass,False,auto,False,3.0,AdamW,16-mixed,CosineAnneal,20.0,4.0,False,100.0,True,True,0.0,gpu,0.2,2.0,16.0,val,False,,0.0,False,0.01,/mnt/hanoverlimitedwus2/scratch/t-jiachentu/nnssl_data/nnssl_preprocessed/Dataset006_BraTS18,False,0.0001,4.0,False,0.0,True,False,full,True,0.2,4.0,False,batchgenerators.get_training_transforms,60.0,False,False,lgg_vs_hgg,False,power,3.0,False,1.0,True,epochwise,mean,,True,0.5,,,,,,,,,,,,,,,,637.0,,,,,,facebook/dinov2-base,mean,,,,,,,,,,,
7245190665.61954-c0925638-ce09,dinov2_pretrained_multi_flair_t1_t1ce_t2_2025-08-10_07-04-41,failed,2025-08-10T07:05:01Z,https://microsoft-research.wandb.io/t-jiachentu/july_stratified_brats18_lgg_vs_hgg_multi_flair_t1_t1ce_t2/runs/7245190665.61954-c0925638-ce09,,37a2276a-1119-48a8-a6d1-9c37c602611d,t-jiachentu,,,,,,,,,,,,,,,,,,,,,,,,,,,,,,,,,,,,,,,,,,,,,,,,,,,,,,,,,,,,,,,,,,,,,,,,,,,,,,,74.0,,,,,,,,,,,,,,,,,,
7245189895.22308-344591af-73cc,mri_core_frozen_multi_flair_t1_t1ce_t2_2025-08-10_07-17-18,failed,2025-08-10T07:18:19Z,https://microsoft-research.wandb.io/t-jiachentu/july_stratified_brats18_lgg_vs_hgg_multi_flair_t1_t1ce_t2/runs/7245189895.22308-344591af-73cc,,123a09a3-b109-4613-b15b-3848f88a7bff,t-jiachentu,False,0,Classification,100.0,False,MRICore,100.0,False,1.0,multiclass,False,auto,False,3.0,AdamW,16-mixed,CosineAnneal,20.0,4.0,False,100.0,False,True,0.0,gpu,0.2,2.0,16.0,val,False,,0.0,False,0.01,/mnt/hanoverlimitedwus2/scratch/t-jiachentu/nnssl_data/nnssl_preprocessed/Dataset006_BraTS18,False,0.0001,4.0,False,0.0,True,False,full,,0.2,4.0,False,batchgenerators.get_training_transforms,60.0,False,False,lgg_vs_hgg,False,power,3.0,False,1.0,True,epochwise,mean,/mnt/hanoverlimitedwus2/scratch/t-jiachentu/nnssl_data/pretrained_ckpts/mri_core/mri_core_checkpoint.pth,,0.5,,,,,,,,,,,,,,,,636.0,,,,,,,mean,12.0,768.0,4.0,12.0,512.0,224.0,16.0,True,,,
7245189869.22432-c498f1c7-a112,mri_core_pretrained_multi_flair_t1_t1ce_t2_2025-08-10_07-17-48,failed,2025-08-10T07:18:37Z,https://microsoft-research.wandb.io/t-jiachentu/july_stratified_brats18_lgg_vs_hgg_multi_flair_t1_t1ce_t2/runs/7245189869.22432-c498f1c7-a112,,5bd0a92d-2987-43f7-a496-1e2970a75ea6,t-jiachentu,,,,,,,,,,,,,,,,,,,,,,,,,,,,,,,,,,,,,,,,,,,,,,,,,,,,,,,,,,,,,,,,,,,,,,,,,,,,,,,70.0,,,,,,,,,,,,,,,,,,
7245189115.75042-21bd73c9-5c8e,resenc_pretrained_multi_flair_t1_t1ce_t2_2025-08-10_07-36-22,finished,2025-08-10T07:36:57Z,https://microsoft-research.wandb.io/t-jiachentu/july_stratified_brats18_lgg_vs_hgg_multi_flair_t1_t1ce_t2/runs/7245189115.75042-21bd73c9-5c8e,,0766af7a-dba2-486c-9394-7c0bcdacac84,t-jiachentu,False,0,Classification,180.0,False,ResEncoder_Classifier,180.0,False,1.0,multiclass,False,auto,False,3.0,AdamW,16-mixed,CosineAnneal,20.0,1.0,False,180.0,True,True,0.0,gpu,0.2,2.0,16.0,val,False,,0.0,False,0.01,/mnt/hanoverlimitedwus2/scratch/t-jiachentu/nnssl_data/nnssl_preprocessed/Dataset006_BraTS18,False,7e-05,4.0,False,0.0,True,False,full,False,0.2,8.0,False,batchgenerators.get_training_transforms,60.0,False,False,lgg_vs_hgg,False,power,3.0,False,1.0,True,epochwise,,/mnt/hanoverlimitedwus2/mri/scratch/t-jiachentu/pretrained_ckpts/ResEncL-OpenMind-MAE/checkpoint_final.pth,,0.2,0.8279103636741638,0.8063491582870483,0.7309523820877075,0.7508741617202759,0.5358428359031677,1.0,1.0,1.0,1.0,0.3282271921634674,0.7092618942260742,0.7246031761169434,0.6428571939468384,0.6000668406486511,0.8655077219009399,16975.0,900.0,1754828393.5101032,180.0,6.746583127731344e-09,3960.0,,,,,,,,,,,,,
7245188728.66569-6ecaea2f-7bf2,resenc_MDAETrainer_RandomMask_Flow_BS48_2000ep_pretrained_multi_flair_t1_t1ce_t2_2025-08-10_07-36-57,finished,2025-08-10T07:37:31Z,https://microsoft-research.wandb.io/t-jiachentu/july_stratified_brats18_lgg_vs_hgg_multi_flair_t1_t1ce_t2/runs/7245188728.66569-6ecaea2f-7bf2,,9f90e785-9dd9-4657-ab5a-321080c26ef1,t-jiachentu,False,0,Classification,180.0,False,ResEncoder_Classifier,180.0,False,1.0,multiclass,False,auto,False,3.0,AdamW,16-mixed,CosineAnneal,20.0,2.0,False,180.0,True,True,0.0,gpu,0.2,2.0,16.0,val,False,,0.0,False,0.01,/mnt/hanoverlimitedwus2/scratch/t-jiachentu/nnssl_data/nnssl_preprocessed/Dataset006_BraTS18,False,7e-05,4.0,False,0.0,True,False,full,False,0.2,8.0,False,batchgenerators.get_training_transforms,60.0,False,False,lgg_vs_hgg,False,power,3.0,False,1.0,True,epochwise,,/mnt/hanoverlimitedwus2/mri/scratch/t-jiachentu/nnssl_data/nnssl_results/MDAE/Openmind/0705/Dataset005_OpenMind/BaseMDAETrainer_RandomMask_Flow_BS48_2000ep__nnsslPlans__onemmiso/fold_all/checkpoint_best.pth,,0.2,0.7324542999267578,0.7825396656990051,0.6380952596664429,0.6380952596664429,0.6285294890403748,0.9968637228012084,0.9980599880218506,0.9920635223388672,0.9851304292678832,0.35490527749061584,0.5923997163772583,0.6563491821289062,0.5904762148857117,0.5808823704719543,0.8071326613426208,19879.0,900.0,1754831328.3821447,180.0,6.746583127731344e-09,3960.0,,,,,,,,,,,,,
7245188245.39772-68f57b50-eb1b,resenc_time_conditioned_pretrained_multi_flair_t1_t1ce_t2_2025-08-10_07-45-05,finished,2025-08-10T07:47:33Z,https://microsoft-research.wandb.io/t-jiachentu/july_stratified_brats18_lgg_vs_hgg_multi_flair_t1_t1ce_t2/runs/7245188245.39772-68f57b50-eb1b,,34c563e3-b99b-4442-bd2f-8ed4435da0da,t-jiachentu,False,0,Classification,180.0,False,ResEncTimeConditioned,180.0,False,1.0,multiclass,False,auto,False,3.0,AdamW,16-mixed,CosineAnneal,20.0,2.0,False,180.0,True,True,0.0,gpu,0.2,2.0,16.0,val,False,,0.0,False,0.01,/mnt/hanoverlimitedwus2/scratch/t-jiachentu/nnssl_data/nnssl_preprocessed/Dataset006_BraTS18,False,7e-05,4.0,False,0.0,True,False,full,False,0.2,4.0,False,batchgenerators.get_training_transforms,60.0,False,False,lgg_vs_hgg,False,power,3.0,False,1.0,True,epochwise,cls_token,/mnt/hanoverlimitedwus2/mri/scratch/t-jiachentu/nnssl_data/nnssl_results/MDAE/Openmind/0705/Dataset005_OpenMind/NoiseConditionedMDAETrainer_RandomMask_BS32_2000ep__nnsslPlans__onemmiso/fold_all/checkpoint_best.pth,,0.5,0.7847371101379395,0.8507936596870422,0.6428571343421936,0.6620553135871887,0.5444973707199097,0.994943618774414,0.9962962865829468,0.947619080543518,0.954098105430603,0.36045077443122864,0.6739907264709473,0.7190476655960083,0.6214286088943481,0.5907692313194275,0.8105940818786621,19697.0,900.0,1754831749.1162398,180.0,6.746583127731344e-09,7740.0,,,,,,,,,,False,256.0,0.5,64.0
7245182353.66114-94de096d-a505,resenc_pretrained_multi_flair_t1_t1ce_t2_2025-08-10_09-23-42,finished,2025-08-10T09:24:17Z,https://microsoft-research.wandb.io/t-jiachentu/july_stratified_brats18_lgg_vs_hgg_multi_flair_t1_t1ce_t2/runs/7245182353.66114-94de096d-a505,,b9cbc291-4bc5-47b3-aca7-385443b1f7ae,t-jiachentu,False,0,Classification,180.0,False,ResEncoder_Classifier,180.0,False,1.0,multiclass,False,auto,False,3.0,AdamW,16-mixed,CosineAnneal,20.0,1.0,False,180.0,True,True,0.0,gpu,0.2,2.0,16.0,val,False,,0.0,False,0.01,/mnt/hanoverlimitedwus2/scratch/t-jiachentu/nnssl_data/nnssl_preprocessed/Dataset006_BraTS18,False,7e-05,4.0,False,0.0,True,False,full,False,0.2,8.0,False,batchgenerators.get_training_transforms,30.0,False,False,lgg_vs_hgg,False,power,3.0,False,1.0,True,epochwise,,/mnt/hanoverlimitedwus2/mri/scratch/t-jiachentu/pretrained_ckpts/ResEncL-OpenMind-MAE/checkpoint_final.pth,,0.2,0.8844053745269775,0.9007936716079712,0.7214285731315613,0.7548972368240356,0.5291032791137695,0.9979279041290284,0.998589038848877,0.9777777791023254,0.9846993684768676,0.34720391035079956,0.6314535140991211,0.6992063522338867,0.688095211982727,0.6381556987762451,0.8324761390686035,24634.0,900.0,1754842489.864624,180.0,6.746583127731344e-09,3960.0,,,,,,,,,,,,,
7245181983.64334-c7496e30-9247,resenc_multimodal_mm_mdae_pretrained_pretrained_multi_flair_t1_t1ce_t2_2025-08-10_09-29-15,finished,2025-08-10T09:29:41Z,https://microsoft-research.wandb.io/t-jiachentu/july_stratified_brats18_lgg_vs_hgg_multi_flair_t1_t1ce_t2/runs/7245181983.64334-c7496e30-9247,,49879665-47e0-4f17-99a8-1a7464ef6399,t-jiachentu,False,0,Classification,180.0,False,ResEncoderMultiModal_Classifier,180.0,False,1.0,multiclass,False,auto,False,3.0,AdamW,16-mixed,CosineAnneal,20.0,4.0,False,180.0,True,True,0.0,gpu,0.2,2.0,16.0,val,False,,0.0,False,0.01,/mnt/hanoverlimitedwus2/scratch/t-jiachentu/nnssl_data/nnssl_preprocessed/Dataset006_BraTS18,False,7e-05,4.0,False,0.0,True,False,full,False,0.2,8.0,False,batchgenerators.get_training_transforms,30.0,False,False,lgg_vs_hgg,False,power,3.0,False,1.0,True,epochwise,,/mnt/hanoverlimitedwus2/mri/scratch/t-jiachentu/nnssl_data/nnssl_results/MDAE/Openmind/0705/Dataset005_OpenMind/BaseMDAETrainer_RandomMask_Flow_BS48_2000ep__nnsslPlans__onemmiso/fold_all/checkpoint_best.pth,,0.2,0.8950235247612,0.920634925365448,0.8523809909820557,0.8449280858039856,0.5132445096969604,1.0,1.0,1.0,1.0,0.3392738401889801,0.6972763538360596,0.7888888716697693,0.8023809194564819,0.746666669845581,0.6651831269264221,18315.0,900.0,1754836494.4927728,180.0,6.746583127731344e-09,3960.0,,,,,,,,,,,,,
7245181771.89479-fbea1097-c4c4,resenc_time_conditioned_pretrained_multi_flair_t1_t1ce_t2_2025-08-10_09-39-10,finished,2025-08-10T09:39:57Z,https://microsoft-research.wandb.io/t-jiachentu/july_stratified_brats18_lgg_vs_hgg_multi_flair_t1_t1ce_t2/runs/7245181771.89479-fbea1097-c4c4,,608deb05-1516-44f6-8179-9c287f6e7160,t-jiachentu,False,0,Classification,200.0,False,ResEncTimeConditioned,200.0,False,1.0,multiclass,False,auto,False,3.0,AdamW,16-mixed,CosineAnneal,20.0,2.0,False,200.0,True,True,0.0,gpu,0.2,2.0,16.0,val,False,,0.0,False,0.01,/mnt/hanoverlimitedwus2/scratch/t-jiachentu/nnssl_data/nnssl_preprocessed/Dataset006_BraTS18,False,5e-05,4.0,False,0.0,True,False,full,False,0.2,4.0,False,batchgenerators.get_training_transforms,30.0,False,False,lgg_vs_hgg,False,power,3.0,False,1.0,True,epochwise,cls_token,/mnt/hanoverlimitedwus2/mri/scratch/t-jiachentu/nnssl_data/nnssl_results/MDAE/Openmind/0705/Dataset005_OpenMind/NoiseConditionedMDAETrainer_RandomMask_BS32_2000ep__nnsslPlans__onemmiso/fold_all/checkpoint_best.pth,,0.5,0.7174127697944641,0.7626984119415283,0.6380952596664429,0.5525902509689331,0.7654947638511658,0.9962669610977172,0.997707188129425,0.9809523820877076,0.9775403738021852,0.3480733036994934,0.6387170553207397,0.6984126567840576,0.6285714507102966,0.5626598596572876,0.8557621240615845,22724.0,1000.0,1754841519.2091572,200.0,3.8076210902182585e-09,8600.0,,,,,,,,,,False,256.0,0.5,64.0
7245181789.08253-ac843ea0-3408,resenc_pretrained_multi_flair_t1_t1ce_t2_2025-08-10_09-39-33,finished,2025-08-10T09:40:11Z,https://microsoft-research.wandb.io/t-jiachentu/july_stratified_brats18_lgg_vs_hgg_multi_flair_t1_t1ce_t2/runs/7245181789.08253-ac843ea0-3408,,0ea52288-8a38-41fd-990c-f1b5297c7382,t-jiachentu,False,0,Classification,180.0,False,ResEncoder_Classifier,180.0,False,1.0,multiclass,False,auto,False,3.0,AdamW,16-mixed,CosineAnneal,20.0,1.0,False,180.0,True,True,0.0,gpu,0.2,2.0,16.0,val,False,,0.0,False,0.01,/mnt/hanoverlimitedwus2/scratch/t-jiachentu/nnssl_data/nnssl_preprocessed/Dataset006_BraTS18,False,7e-05,4.0,False,0.0,True,False,full,False,0.2,8.0,False,batchgenerators.get_training_transforms,30.0,False,False,lgg_vs_hgg,False,power,3.0,False,1.0,True,epochwise,,/mnt/hanoverlimitedwus2/mri/scratch/t-jiachentu/pretrained_ckpts/ResEncL-OpenMind-MAE/checkpoint_final.pth,,0.2,0.7276318073272705,0.7730158567428589,0.6499999761581421,0.6531440019607544,0.5914901494979858,0.9997272491455078,0.9998235702514648,0.9888888597488404,0.9924057722091676,0.3334490954875946,0.7399015426635742,0.7539682388305664,0.6904761791229248,0.6598806381225586,0.741657018661499,16730.0,900.0,1754835542.041406,180.0,6.746583127731344e-09,3960.0,,,,,,,,,,,,,
7245181678.66569-54a3886c-b361,resenc_pretrained_multi_flair_t1_t1ce_t2_2025-08-10_09-41-18,finished,2025-08-10T09:41:52Z,https://microsoft-research.wandb.io/t-jiachentu/july_stratified_brats18_lgg_vs_hgg_multi_flair_t1_t1ce_t2/runs/7245181678.66569-54a3886c-b361,,330fe602-191d-44c4-a3be-25a9a3e078d4,t-jiachentu,False,0,Classification,180.0,False,ResEncoder_Classifier,180.0,False,1.0,multiclass,False,auto,False,3.0,AdamW,16-mixed,CosineAnneal,20.0,1.0,False,180.0,True,True,0.0,gpu,0.2,2.0,16.0,val,False,,0.0,False,0.01,/mnt/hanoverlimitedwus2/scratch/t-jiachentu/nnssl_data/nnssl_preprocessed/Dataset006_BraTS18,False,7e-05,4.0,False,0.0,True,False,full,False,0.2,8.0,False,batchgenerators.get_training_transforms,30.0,False,False,lgg_vs_hgg,False,power,3.0,False,1.0,True,epochwise,,/mnt/hanoverlimitedwus2/mri/scratch/t-jiachentu/pretrained_ckpts/ResEncL-OpenMind-MAE/checkpoint_final.pth,,0.2,0.6712235808372498,0.738095223903656,0.5761904716491699,0.5755319595336914,0.6860340237617493,0.9987301826477052,0.999118149280548,0.984920620918274,0.984920620918274,0.33752381801605225,0.7457491159439087,0.7833333015441895,0.7333333492279053,0.6762445569038391,0.8156110048294067,21266.0,900.0,1754840178.3436546,180.0,6.746583127731344e-09,3960.0,,,,,,,,,,,,,
7245181307.15904-0b5ac731-630b,resenc_MDAE_pretrained_multi_flair_t1_t1ce_t2_2025-08-10_09-48-02,crashed,2025-08-10T09:48:32Z,https://microsoft-research.wandb.io/t-jiachentu/july_stratified_brats18_lgg_vs_hgg_multi_flair_t1_t1ce_t2/runs/7245181307.15904-0b5ac731-630b,,55dfaf47-3b43-4e18-afff-61e54e042799,t-jiachentu,False,0,Classification,180.0,False,ResEncoder_Classifier,180.0,False,1.0,multiclass,False,auto,False,3.0,AdamW,16-mixed,CosineAnneal,20.0,2.0,False,180.0,True,True,0.0,gpu,0.2,2.0,16.0,val,False,,0.0,False,0.01,/mnt/hanoverlimitedwus2/scratch/t-jiachentu/nnssl_data/nnssl_preprocessed/Dataset006_BraTS18,False,7e-05,4.0,False,0.0,True,False,full,False,0.2,8.0,False,batchgenerators.get_training_transforms,30.0,False,False,lgg_vs_hgg,False,power,3.0,False,1.0,True,epochwise,,/mnt/hanoverlimitedwus2/mri/scratch/t-jiachentu/nnssl_data/nnssl_results/EMDAE/Openmind/0711/Dataset005_OpenMind/BaseEMDAETrainer_RandomMask_BottleneckCorruption_Flow_BS48_2000ep__nnsslPlans__onemmiso/fold_all/checkpoint_best.pth,,0.2,,,,,,0.7046616077423096,0.6952381134033203,0.6373015642166138,0.6498876214027405,0.6184384226799011,0.6470041275024414,0.7269841432571411,0.6476190686225891,0.6374859809875488,0.6802776455879211,1476.623672397,40.0,1754820789.6066394,7.0,2.9999999999999997e-05,176.0,,,,,,,,,,,,,
7245180965.32424-89af9d01-fa21,resenc_MDAETrainer_RandomMask_Flow_BS48_2000ep_pretrained_multi_flair_t1_t1ce_t2_2025-08-10_09-53-51,crashed,2025-08-10T09:54:21Z,https://microsoft-research.wandb.io/t-jiachentu/july_stratified_brats18_lgg_vs_hgg_multi_flair_t1_t1ce_t2/runs/7245180965.32424-89af9d01-fa21,,94ea7fa0-318e-409e-82ee-aadd1d296c09,t-jiachentu,False,0,Classification,200.0,False,ResEncoder_Classifier,200.0,False,1.0,multiclass,False,auto,False,3.0,AdamW,16-mixed,CosineAnneal,20.0,2.0,False,200.0,True,True,0.0,gpu,0.2,2.0,16.0,val,False,,0.0,False,0.01,/mnt/hanoverlimitedwus2/scratch/t-jiachentu/nnssl_data/nnssl_preprocessed/Dataset006_BraTS18,False,5e-05,4.0,False,0.0,True,False,full,False,0.2,8.0,False,batchgenerators.get_training_transforms,30.0,False,False,lgg_vs_hgg,False,power,3.0,False,1.0,True,epochwise,,/mnt/hanoverlimitedwus2/mri/scratch/t-jiachentu/nnssl_data/nnssl_results/MDAE/Openmind/0705/Dataset005_OpenMind/BaseMDAETrainer_RandomMask_Flow_BS48_2000ep__nnsslPlans__onemmiso/fold_all/checkpoint_best.pth,,0.2,,,,,,0.7418099045753479,0.7961199283599854,0.6134920716285706,0.6198382377624512,0.5751329660415649,0.6606255769729614,0.6746032238006592,0.6357142925262451,0.6227940917015076,0.6872552633285522,3229.294770617,115.0,1754822891.3215716,22.0,4.996573836886435e-05,506.0,,,,,,,,,,,,,
7245180662.53367-bb5a52c4-0f64,resenc_MG_pretrained_multi_flair_t1_t1ce_t2_2025-08-10_09-56-44,crashed,2025-08-10T09:57:16Z,https://microsoft-research.wandb.io/t-jiachentu/july_stratified_brats18_lgg_vs_hgg_multi_flair_t1_t1ce_t2/runs/7245180662.53367-bb5a52c4-0f64,,dcbb97c1-1759-4af8-b56e-0dd21ee21384,t-jiachentu,False,0,Classification,180.0,False,ResEncoder_Classifier,180.0,False,1.0,multiclass,False,auto,False,3.0,AdamW,16-mixed,CosineAnneal,20.0,2.0,False,180.0,True,True,0.0,gpu,0.2,2.0,16.0,val,False,,0.0,False,0.01,/mnt/hanoverlimitedwus2/scratch/t-jiachentu/nnssl_data/nnssl_preprocessed/Dataset006_BraTS18,False,7e-05,4.0,False,0.0,True,False,full,False,0.2,8.0,False,batchgenerators.get_training_transforms,30.0,False,False,lgg_vs_hgg,False,power,3.0,False,1.0,True,epochwise,,/mnt/hanoverlimitedwus2/mri/scratch/t-jiachentu/pretrained_ckpts/ResEncL_ckpts/ResEncL-OpenMind-MG/checkpoint_final.pth,,0.2,,,,,,0.6836718320846558,0.7023809552192688,0.5111111402511597,0.4474148154258728,0.6014930009841919,0.527660071849823,0.5174603462219238,0.488095223903656,0.4183673560619354,0.6319422125816345,1498.920392089,35.0,1754821336.131837,6.0,2.6666666666666663e-05,154.0,,,,,,,,,,,,,
7245180355.94861-332f8056-607d,resenc_multimodal_mm_mdae_pretrained_pretrained_multi_flair_t1_t1ce_t2_2025-08-10_10-02-10,crashed,2025-08-10T10:02:34Z,https://microsoft-research.wandb.io/t-jiachentu/july_stratified_brats18_lgg_vs_hgg_multi_flair_t1_t1ce_t2/runs/7245180355.94861-332f8056-607d,,9fb9624f-2972-4ff0-9b43-869912a8a911,t-jiachentu,False,0,Classification,180.0,False,ResEncoderMultiModal_Classifier,180.0,False,1.0,multiclass,False,auto,False,3.0,AdamW,16-mixed,CosineAnneal,20.0,4.0,False,180.0,True,True,0.0,gpu,0.2,2.0,16.0,val,False,,0.0,False,0.01,/mnt/hanoverlimitedwus2/scratch/t-jiachentu/nnssl_data/nnssl_preprocessed/Dataset006_BraTS18,False,7e-05,4.0,False,0.0,True,False,full,False,0.2,8.0,False,batchgenerators.get_training_transforms,30.0,False,False,lgg_vs_hgg,False,power,3.0,False,1.0,True,epochwise,,/mnt/hanoverlimitedwus2/mri/scratch/t-jiachentu/nnssl_data/nnssl_results/MDAE/Openmind/0705/Dataset005_OpenMind/BaseMDAETrainer_RandomMask_Flow_BS48_2000ep__nnsslPlans__onemmiso/fold_all/checkpoint_best.pth,,0.2,,,,,,0.9907161593437196,0.9899470806121826,0.9809523820877076,0.9775403738021852,0.3712623417377472,0.7357819676399231,0.7682539224624634,0.6190476417541504,0.6305555701255798,0.6044715642929077,16213.02891357,545.0,1754836367.2458825,108.0,2.884713020229757e-05,2398.0,,,,,,,,,,,,,
7245179650.95458-6113ac7b-3e6f,resenc_SimCLR_pretrained_multi_flair_t1_t1ce_t2_2025-08-10_10-12-53,crashed,2025-08-10T10:13:22Z,https://microsoft-research.wandb.io/t-jiachentu/july_stratified_brats18_lgg_vs_hgg_multi_flair_t1_t1ce_t2/runs/7245179650.95458-6113ac7b-3e6f,,b08bcc71-b882-4369-8b90-efdeab51a673,t-jiachentu,False,0,Classification,180.0,False,ResEncoder_Classifier,180.0,False,1.0,multiclass,False,auto,False,3.0,AdamW,16-mixed,CosineAnneal,20.0,2.0,False,180.0,True,True,0.0,gpu,0.2,2.0,16.0,val,False,,0.0,False,0.01,/mnt/hanoverlimitedwus2/scratch/t-jiachentu/nnssl_data/nnssl_preprocessed/Dataset006_BraTS18,False,7e-05,4.0,False,0.0,True,False,full,False,0.2,8.0,False,batchgenerators.get_training_transforms,30.0,False,False,lgg_vs_hgg,False,power,3.0,False,1.0,True,epochwise,,/mnt/hanoverlimitedwus2/mri/scratch/t-jiachentu/pretrained_ckpts/ResEncL_ckpts/ResEncL-OpenMind-SimCLR/checkpoint_final.pth,,0.2,,,,,,0.9866015911102296,0.9908288717269896,0.961904764175415,0.95539128780365,0.3699080348014831,0.8058347105979919,0.8460317254066467,0.7928571701049805,0.7564102411270142,0.6311753988265991,11436.624320129,475.0,1754832240.117761,94.0,3.843059991153459e-05,2090.0,,,,,,,,,,,,,
7245179295.31599-2e0cf35c-878d,resenc_SwinUNETR_pretrained_multi_flair_t1_t1ce_t2_2025-08-10_10-14-13,finished,2025-08-10T10:14:48Z,https://microsoft-research.wandb.io/t-jiachentu/july_stratified_brats18_lgg_vs_hgg_multi_flair_t1_t1ce_t2/runs/7245179295.31599-2e0cf35c-878d,,1be43936-4bba-47f7-a61e-33377904d217,t-jiachentu,False,0,Classification,180.0,False,ResEncoder_Classifier,180.0,False,1.0,multiclass,False,auto,False,3.0,AdamW,16-mixed,CosineAnneal,20.0,2.0,False,180.0,True,True,0.0,gpu,0.2,2.0,16.0,val,False,,0.0,False,0.01,/mnt/hanoverlimitedwus2/scratch/t-jiachentu/nnssl_data/nnssl_preprocessed/Dataset006_BraTS18,False,7e-05,4.0,False,0.0,True,False,full,False,0.2,8.0,False,batchgenerators.get_training_transforms,30.0,False,False,lgg_vs_hgg,False,power,3.0,False,1.0,True,epochwise,,/mnt/hanoverlimitedwus2/mri/scratch/t-jiachentu/pretrained_ckpts/ResEncL_ckpts/ResEncL-OpenMind-SwinUNETR/checkpoint_final.pth,,0.2,0.7517668008804321,0.8269841074943542,0.7690476179122925,0.7236841917037964,0.6198169589042664,1.0,1.0,1.0,1.0,0.32639893889427185,0.7476742267608643,0.8126983642578125,0.7571429014205933,0.7076923251152039,0.713895320892334,17625.0,900.0,1754838512.7032993,180.0,6.746583127731344e-09,3960.0,,,,,,,,,,,,,
7245178584.44977-1945e1cb-d630,resenc_VF_pretrained_multi_flair_t1_t1ce_t2_2025-08-10_10-30-59,finished,2025-08-10T10:31:28Z,https://microsoft-research.wandb.io/t-jiachentu/july_stratified_brats18_lgg_vs_hgg_multi_flair_t1_t1ce_t2/runs/7245178584.44977-1945e1cb-d630,,a4320b20-2b00-41ae-ac97-55cc80b19688,t-jiachentu,False,0,Classification,180.0,False,ResEncoder_Classifier,180.0,False,1.0,multiclass,False,auto,False,3.0,AdamW,16-mixed,CosineAnneal,20.0,2.0,False,180.0,True,True,0.0,gpu,0.2,2.0,16.0,val,False,,0.0,False,0.01,/mnt/hanoverlimitedwus2/scratch/t-jiachentu/nnssl_data/nnssl_preprocessed/Dataset006_BraTS18,False,7e-05,4.0,False,0.0,True,False,full,False,0.2,8.0,False,batchgenerators.get_training_transforms,30.0,False,False,lgg_vs_hgg,False,power,3.0,False,1.0,True,epochwise,,/mnt/hanoverlimitedwus2/mri/scratch/t-jiachentu/pretrained_ckpts/ResEncL_ckpts/ResEncL-OpenMind-VF/checkpoint_final.pth,,0.2,0.7130342721939087,0.7841269969940186,0.7428571581840515,0.666883111000061,0.6843934059143066,1.0,1.0,1.0,1.0,0.33653774857521057,0.5301552414894104,0.5111110806465149,0.4928571581840515,0.30204081535339355,1.2989115715026855,13107.0,900.0,1754834996.2949586,180.0,6.746583127731344e-09,3960.0,,,,,,,,,,,,,
7245178225.39486-0ffb451f-3fce,resenc_VoCo_pretrained_multi_flair_t1_t1ce_t2_2025-08-10_10-36-41,finished,2025-08-10T10:37:09Z,https://microsoft-research.wandb.io/t-jiachentu/july_stratified_brats18_lgg_vs_hgg_multi_flair_t1_t1ce_t2/runs/7245178225.39486-0ffb451f-3fce,,ebf7dfd9-48ca-46a5-bc3b-ce724ef2d700,t-jiachentu,False,0,Classification,180.0,False,ResEncoder_Classifier,180.0,False,1.0,multiclass,False,auto,False,3.0,AdamW,16-mixed,CosineAnneal,20.0,2.0,False,180.0,True,True,0.0,gpu,0.2,2.0,16.0,val,False,,0.0,False,0.01,/mnt/hanoverlimitedwus2/scratch/t-jiachentu/nnssl_data/nnssl_preprocessed/Dataset006_BraTS18,False,7e-05,4.0,False,0.0,True,False,full,False,0.2,8.0,False,batchgenerators.get_training_transforms,30.0,False,False,lgg_vs_hgg,False,power,3.0,False,1.0,True,epochwise,,/mnt/hanoverlimitedwus2/mri/scratch/t-jiachentu/pretrained_ckpts/ResEncL_ckpts/ResEncL-OpenMind-VoCo/checkpoint_final.pth,,0.2,0.817467212677002,0.8476190567016602,0.8285714387893677,0.808080792427063,0.5352253913879395,0.9994495511054992,0.9996472597122192,0.9960317611694336,0.9925134778022766,0.33499282598495483,0.7265597581863403,0.7325396537780762,0.6309523582458496,0.5853174328804016,0.9279581904411316,13093.0,900.0,1754835324.1133308,180.0,6.746583127731344e-09,3960.0,,,,,,,,,,,,,
7245178926.60021-8b9e659c-173a,resenc_time_conditioned_pretrained_multi_flair_t1_t1ce_t2_2025-08-10_10-44-47,finished,2025-08-10T10:45:42Z,https://microsoft-research.wandb.io/t-jiachentu/july_stratified_brats18_lgg_vs_hgg_multi_flair_t1_t1ce_t2/runs/7245178926.60021-8b9e659c-173a,,47798b04-0d51-410b-ac3a-b075edb2c6b0,t-jiachentu,False,0,Classification,200.0,False,ResEncTimeConditioned,200.0,False,1.0,multiclass,False,auto,False,3.0,AdamW,16-mixed,CosineAnneal,20.0,2.0,False,200.0,True,True,0.0,gpu,0.2,2.0,16.0,val,False,,0.0,False,0.01,/mnt/hanoverlimitedwus2/scratch/t-jiachentu/nnssl_data/nnssl_preprocessed/Dataset006_BraTS18,False,5e-05,4.0,False,0.0,True,False,full,False,0.2,4.0,False,batchgenerators.get_training_transforms,30.0,False,False,lgg_vs_hgg,False,power,3.0,False,1.0,True,epochwise,cls_token,/mnt/hanoverlimitedwus2/mri/scratch/t-jiachentu/nnssl_data/nnssl_results/MDAE/Openmind/0705/Dataset005_OpenMind/NoiseConditionedMDAETrainer_RandomMask_BS32_2000ep__nnsslPlans__onemmiso/fold_all/checkpoint_best.pth,,0.5,0.5871322154998779,0.6015872955322266,0.5571428537368774,0.4696029722690582,0.837528645992279,0.9820781350135804,0.9932980537414552,0.9626984000205994,0.9693987369537354,0.3566778302192688,0.5769243240356445,0.5984126329421997,0.6119047403335571,0.49060094356536865,1.0574910640716553,13538.0,1000.0,1754836279.0642283,200.0,3.8076210902182585e-09,8600.0,,,,,,,,,,False,256.0,0.5,64.0
7244959833.35790-33a40ea9-bba0,brainiac_pretrained_multi_flair_t1_t1ce_t2_2025-08-12_23-11-26,finished,2025-08-12T23:11:43Z,https://microsoft-research.wandb.io/t-jiachentu/july_stratified_brats18_lgg_vs_hgg_multi_flair_t1_t1ce_t2/runs/7244959833.35790-33a40ea9-bba0,,e57e65af-e298-4ec8-b3df-b072c1902d37,t-jiachentu,False,0,Classification,200.0,False,brainiac,200.0,False,1.0,multiclass,False,auto,False,3.0,AdamW,16-mixed,CosineAnneal,20.0,1.0,False,200.0,True,True,0.0,gpu,0.2,2.0,16.0,val,False,0.2,0.0,False,0.01,/mnt/hanoverlimitedwus2/scratch/t-jiachentu/nnssl_data/nnssl_preprocessed/Dataset006_BraTS18,False,5e-05,4.0,False,0.0,True,False,full,False,0.2,1.0,False,batchgenerators.get_training_transforms,30.0,False,False,lgg_vs_hgg,False,power,3.0,False,1.0,True,epochwise,cls_token,/mnt/hanoverlimitedwus2/scratch/t-jiachentu/nnssl_data/pretrained_ckpts/BrainIAC/BrainIAC.ckpt,True,0.0,0.7003953456878662,0.7523809671401978,0.5476190447807312,0.3075447678565979,0.7828090786933899,1.0,1.0,1.0,1.0,0.3422934114933014,0.5928512215614319,0.5777777433395386,0.5142857432365417,0.5144016146659851,0.6766980886459351,63478.0,1000.0,1755103781.6120448,200.0,3.8076210902182585e-09,34200.0,,,,,,,,,,,,,
7244959808.47352-4d8aa1e5-0f2e,brainiac_scratch_multi_flair_t1_t1ce_t2_2025-08-12_23-11-59,finished,2025-08-12T23:12:25Z,https://microsoft-research.wandb.io/t-jiachentu/july_stratified_brats18_lgg_vs_hgg_multi_flair_t1_t1ce_t2/runs/7244959808.47352-4d8aa1e5-0f2e,,6dde8e17-02f4-48d9-bb0a-4487933cc5a4,t-jiachentu,False,0,Classification,200.0,False,brainiac,200.0,False,1.0,multiclass,False,auto,False,3.0,AdamW,16-mixed,CosineAnneal,20.0,1.0,False,200.0,False,True,0.0,gpu,0.2,2.0,16.0,val,False,0.2,0.0,False,0.01,/mnt/hanoverlimitedwus2/scratch/t-jiachentu/nnssl_data/nnssl_preprocessed/Dataset006_BraTS18,False,5e-05,4.0,False,0.0,True,False,full,False,0.2,1.0,False,batchgenerators.get_training_transforms,30.0,False,False,lgg_vs_hgg,False,power,3.0,False,1.0,True,epochwise,cls_token,,True,0.0,0.7540825605392456,0.8142857551574707,0.811904788017273,0.7361111640930176,0.6059010028839111,0.997854232788086,0.998589038848877,0.9658730030059814,0.9625673294067384,0.3648117184638977,0.5554957389831543,0.5523809194564819,0.5071428418159485,0.4858002066612244,0.716888964176178,63162.0,1000.0,1755103506.658994,200.0,3.8076210902182585e-09,34200.0,,,,,,,,,,,,,
7244959783.59846-136b371c-e5a2,brainmvp_pretrained_multi_flair_t1_t1ce_t2_2025-08-12_23-12-23,finished,2025-08-12T23:12:44Z,https://microsoft-research.wandb.io/t-jiachentu/july_stratified_brats18_lgg_vs_hgg_multi_flair_t1_t1ce_t2/runs/7244959783.59846-136b371c-e5a2,,f29346e4-5cb1-4cfb-9bf4-f9721b3ed3ab,t-jiachentu,False,0,Classification,200.0,False,brainmvp,200.0,False,1.0,multiclass,False,auto,False,3.0,AdamW,16-mixed,CosineAnneal,20.0,1.0,False,200.0,True,True,0.0,gpu,0.2,2.0,16.0,val,False,0.2,0.0,False,0.01,/mnt/hanoverlimitedwus2/scratch/t-jiachentu/nnssl_data/nnssl_preprocessed/Dataset006_BraTS18,False,5e-05,4.0,False,0.0,True,False,full,False,0.2,4.0,False,batchgenerators.get_training_transforms,30.0,False,False,lgg_vs_hgg,False,power,3.0,False,1.0,True,epochwise,cls_token,/mnt/hanoverlimitedwus2/scratch/t-jiachentu/nnssl_data/pretrained_ckpts/BrainMVP/BrainMVP_unet.pt,True,0.0,0.6865993142127991,0.7269841432571411,0.5095238089561462,0.4722222089767456,0.5898542404174805,0.985676646232605,0.987477958202362,0.9404761791229248,0.9533975124359132,0.3743198812007904,0.6277514696121216,0.673015832901001,0.7047619223594666,0.5919701457023621,0.8343889713287354,8189.0,1000.0,1755048553.854856,200.0,3.8076210902182585e-09,8600.0,,,,,,,,,,,,,
7244959759.06284-7e51a67a-7f7a,dinov2_pretrained_multi_flair_t1_t1ce_t2_2025-08-12_23-12-44,failed,2025-08-12T23:13:08Z,https://microsoft-research.wandb.io/t-jiachentu/july_stratified_brats18_lgg_vs_hgg_multi_flair_t1_t1ce_t2/runs/7244959759.06284-7e51a67a-7f7a,,b88b4ce2-f1f4-4614-a89f-820eeeb7d6b9,t-jiachentu,,,,,,,,,,,,,,,,,,,,,,,,,,,,,,,,,,,,,,,,,,,,,,,,,,,,,,,,,,,,,,,,,,,,,,,,,,,,,,,52.0,,,,,,,,,,,,,,,,,,
7244959734.46737-1a5dcf9d-414f,mri_core_pretrained_multi_flair_t1_t1ce_t2_2025-08-12_23-13-12,failed,2025-08-12T23:13:33Z,https://microsoft-research.wandb.io/t-jiachentu/july_stratified_brats18_lgg_vs_hgg_multi_flair_t1_t1ce_t2/runs/7244959734.46737-1a5dcf9d-414f,,02479716-0a40-4574-8be2-52e834ef06a9,t-jiachentu,,,,,,,,,,,,,,,,,,,,,,,,,,,,,,,,,,,,,,,,,,,,,,,,,,,,,,,,,,,,,,,,,,,,,,,,,,,,,,,45.0,,,,,,,,,,,,,,,,,,
7244959608.46279-1a583edd-4404,resenc_time_conditioned_pretrained_multi_flair_t1_t1ce_t2_2025-08-12_23-15-31,crashed,2025-08-12T23:16:19Z,https://microsoft-research.wandb.io/t-jiachentu/july_stratified_brats18_lgg_vs_hgg_multi_flair_t1_t1ce_t2/runs/7244959608.46279-1a583edd-4404,,19c5f5d0-9645-40ea-b263-af4fea30f266,t-jiachentu,False,0,Classification,200.0,False,ResEncTimeConditioned,200.0,False,1.0,multiclass,False,auto,False,3.0,AdamW,16-mixed,CosineAnneal,20.0,1.0,False,200.0,True,True,0.0,gpu,0.2,2.0,16.0,val,False,,0.0,False,0.01,/mnt/hanoverlimitedwus2/scratch/t-jiachentu/nnssl_data/nnssl_preprocessed/Dataset006_BraTS18,False,5e-05,4.0,False,0.0,True,False,full,False,0.2,4.0,False,batchgenerators.get_training_transforms,30.0,False,False,lgg_vs_hgg,False,power,3.0,False,1.0,True,epochwise,cls_token,/mnt/hanoverlimitedwus2/mri/scratch/t-jiachentu/nnssl_data/nnssl_results/MDAE/Openmind/0705/Dataset005_OpenMind/NoiseConditionedMDAETrainer_RandomMask_BS32_2000ep__nnsslPlans__onemmiso/fold_all/checkpoint_best.pth,,0.5,,,,,,0.9269672632217408,0.9456789493560792,0.8912698030471802,0.8997972011566162,0.43495607376098633,0.6482398509979248,0.7031745910644531,0.6857143044471741,0.6144927740097046,0.8325016498565674,15993.0,665.0,1755056469.0950515,132.0,1.5231721787768154e-05,5719.0,,,,,,,,,,False,256.0,0.5,64.0
7244959583.56005-c0041e0b-baa0,resenc_VoCo_pretrained_multi_flair_t1_t1ce_t2_2025-08-12_23-15-58,crashed,2025-08-12T23:16:28Z,https://microsoft-research.wandb.io/t-jiachentu/july_stratified_brats18_lgg_vs_hgg_multi_flair_t1_t1ce_t2/runs/7244959583.56005-c0041e0b-baa0,,7dc1b0b5-25b8-4ae0-be53-117601a46d19,t-jiachentu,False,0,Classification,200.0,False,ResEncoder_Classifier,200.0,False,1.0,multiclass,False,auto,False,3.0,AdamW,16-mixed,CosineAnneal,20.0,1.0,False,200.0,True,True,0.0,gpu,0.2,2.0,16.0,val,False,,0.0,False,0.01,/mnt/hanoverlimitedwus2/scratch/t-jiachentu/nnssl_data/nnssl_preprocessed/Dataset006_BraTS18,False,5e-05,4.0,False,0.0,True,False,full,False,0.2,8.0,False,batchgenerators.get_training_transforms,30.0,False,False,lgg_vs_hgg,False,power,3.0,False,1.0,True,epochwise,,/mnt/hanoverlimitedwus2/mri/scratch/t-jiachentu/pretrained_ckpts/ResEncL_ckpts/ResEncL-OpenMind-VoCo/checkpoint_final.pth,,0.2,,,,,,0.9981696605682372,0.998765468597412,0.9626984000205994,0.9693987369537354,0.3515993654727936,0.5263301134109497,0.5031746029853821,0.4952380955219269,0.3476647138595581,1.2185254096984863,6149.905994739,240.0,1755046739.891902,47.0,4.7073689821473165e-05,1056.0,,,,,,,,,,,,,
7244959517.46074-08dba345-6474,resenc_SwinUNETR_pretrained_multi_flair_t1_t1ce_t2_2025-08-12_23-16-46,crashed,2025-08-12T23:17:19Z,https://microsoft-research.wandb.io/t-jiachentu/july_stratified_brats18_lgg_vs_hgg_multi_flair_t1_t1ce_t2/runs/7244959517.46074-08dba345-6474,,a9049c9f-e7fe-44bf-9cb7-4b7a945ea479,t-jiachentu,False,0,Classification,200.0,False,ResEncoder_Classifier,200.0,False,1.0,multiclass,False,auto,False,3.0,AdamW,16-mixed,CosineAnneal,20.0,1.0,False,200.0,True,True,0.0,gpu,0.2,2.0,16.0,val,False,,0.0,False,0.01,/mnt/hanoverlimitedwus2/scratch/t-jiachentu/nnssl_data/nnssl_preprocessed/Dataset006_BraTS18,False,5e-05,4.0,False,0.0,True,False,full,False,0.2,8.0,False,batchgenerators.get_training_transforms,30.0,False,False,lgg_vs_hgg,False,power,3.0,False,1.0,True,epochwise,,/mnt/hanoverlimitedwus2/mri/scratch/t-jiachentu/pretrained_ckpts/ResEncL_ckpts/ResEncL-OpenMind-SwinUNETR/checkpoint_final.pth,,0.2,,,,,,0.9729079008102416,0.9818341732025146,0.9277777671813964,0.9187718629837036,0.40610721707344055,0.6920875310897827,0.7238094806671143,0.6857143044471741,0.6144927740097046,0.7087447643280029,4312.680859484,155.0,1755044952.8769352,30.0,4.9540679586191585e-05,682.0,,,,,,,,,,,,,
7244959632.99409-625c205a-8b4d,resenc_multimodal_mm_mdae_pretrained_pretrained_multi_flair_t1_t1ce_t2_2025-08-12_23-19-46,finished,2025-08-12T23:20:07Z,https://microsoft-research.wandb.io/t-jiachentu/july_stratified_brats18_lgg_vs_hgg_multi_flair_t1_t1ce_t2/runs/7244959632.99409-625c205a-8b4d,,62023d36-82aa-48ec-9ab2-713b012c6e38,t-jiachentu,False,0,Classification,200.0,False,ResEncoderMultiModal_Classifier,200.0,False,1.0,multiclass,False,auto,False,3.0,AdamW,16-mixed,CosineAnneal,20.0,1.0,False,200.0,True,True,0.0,gpu,0.2,2.0,16.0,val,False,,0.0,False,0.01,/mnt/hanoverlimitedwus2/scratch/t-jiachentu/nnssl_data/nnssl_preprocessed/Dataset006_BraTS18,False,5e-05,4.0,False,0.0,True,False,full,False,0.2,8.0,False,batchgenerators.get_training_transforms,30.0,False,False,lgg_vs_hgg,False,power,3.0,False,1.0,True,epochwise,,/mnt/hanoverlimitedwus2/mri/scratch/t-jiachentu/nnssl_data/nnssl_results/MDAE/Openmind/0705/Dataset005_OpenMind/BaseMDAETrainer_RandomMask_Flow_BS48_2000ep__nnsslPlans__onemmiso/fold_all/checkpoint_best.pth,,0.2,0.7676011323928833,0.8142857551574707,0.6214285492897034,0.6361702084541321,0.6161020994186401,1.0,1.0,1.0,1.0,0.33975061774253845,0.7941920757293701,0.8714285492897034,0.7071428298950195,0.7159468531608582,0.5496377348899841,14279.0,1000.0,1755055085.7901008,200.0,3.8076210902182585e-09,4400.0,,,,,,,,,,,,,
7244959657.20414-e0d8735a-d6f6,resenc_MDAE_pretrained_multi_flair_t1_t1ce_t2_2025-08-12_23-19-38,finished,2025-08-12T23:20:07Z,https://microsoft-research.wandb.io/t-jiachentu/july_stratified_brats18_lgg_vs_hgg_multi_flair_t1_t1ce_t2/runs/7244959657.20414-e0d8735a-d6f6,,97b26af5-c1ce-4264-98b3-72ea4bfe40c4,t-jiachentu,False,0,Classification,200.0,False,ResEncoder_Classifier,200.0,False,1.0,multiclass,False,auto,False,3.0,AdamW,16-mixed,CosineAnneal,20.0,1.0,False,200.0,True,True,0.0,gpu,0.2,2.0,16.0,val,False,,0.0,False,0.01,/mnt/hanoverlimitedwus2/scratch/t-jiachentu/nnssl_data/nnssl_preprocessed/Dataset006_BraTS18,False,5e-05,4.0,False,0.0,True,False,full,False,0.2,8.0,False,batchgenerators.get_training_transforms,30.0,False,False,lgg_vs_hgg,False,power,3.0,False,1.0,True,epochwise,,/mnt/hanoverlimitedwus2/mri/scratch/t-jiachentu/nnssl_data/nnssl_results/EMDAE/Openmind/0711/Dataset005_OpenMind/BaseEMDAETrainer_RandomMask_BottleneckCorruption_Flow_BS48_2000ep__nnsslPlans__onemmiso/fold_all/checkpoint_best.pth,,0.2,0.9140987992286682,0.9190475940704346,0.8642857074737549,0.8642857074737549,0.46779683232307434,1.0,1.0,0.9888888597488404,0.9924057722091676,0.342259019613266,0.7612861394882202,0.8444444537162781,0.7380952835083008,0.7227833867073059,0.5886146426200867,14373.0,1000.0,1755055179.4278576,200.0,3.8076210902182585e-09,4400.0,,,,,,,,,,,,,
7244959559.65646-7491d173-f77a,resenc_SimCLR_pretrained_multi_flair_t1_t1ce_t2_2025-08-12_23-21-55,finished,2025-08-12T23:22:24Z,https://microsoft-research.wandb.io/t-jiachentu/july_stratified_brats18_lgg_vs_hgg_multi_flair_t1_t1ce_t2/runs/7244959559.65646-7491d173-f77a,,3dd04d60-fee8-42f5-9139-753f8a0b4367,t-jiachentu,False,0,Classification,200.0,False,ResEncoder_Classifier,200.0,False,1.0,multiclass,False,auto,False,3.0,AdamW,16-mixed,CosineAnneal,20.0,1.0,False,200.0,True,True,0.0,gpu,0.2,2.0,16.0,val,False,,0.0,False,0.01,/mnt/hanoverlimitedwus2/scratch/t-jiachentu/nnssl_data/nnssl_preprocessed/Dataset006_BraTS18,False,5e-05,4.0,False,0.0,True,False,full,False,0.2,8.0,False,batchgenerators.get_training_transforms,30.0,False,False,lgg_vs_hgg,False,power,3.0,False,1.0,True,epochwise,,/mnt/hanoverlimitedwus2/mri/scratch/t-jiachentu/pretrained_ckpts/ResEncL_ckpts/ResEncL-OpenMind-SimCLR/checkpoint_final.pth,,0.2,0.7504017353057861,0.7873015403747559,0.723809540271759,0.6842105388641357,0.6566333174705505,1.0,1.0,1.0,1.0,0.3271072804927826,0.8046817779541016,0.8658729791641235,0.8023809194564819,0.746666669845581,0.658185601234436,23645.0,1000.0,1755064587.5360131,200.0,3.8076210902182585e-09,4400.0,,,,,,,,,,,,,
7244958580.04351-c54e225d-79a1,resenc_S3D_pretrained_multi_flair_t1_t1ce_t2_2025-08-12_23-32-37,finished,2025-08-12T23:33:06Z,https://microsoft-research.wandb.io/t-jiachentu/july_stratified_brats18_lgg_vs_hgg_multi_flair_t1_t1ce_t2/runs/7244958580.04351-c54e225d-79a1,,cc2893cd-4a0f-42ef-ae65-8ef9349f1d59,t-jiachentu,False,0,Classification,200.0,False,ResEncoder_Classifier,200.0,False,1.0,multiclass,False,auto,False,3.0,AdamW,16-mixed,CosineAnneal,20.0,1.0,False,200.0,True,True,0.0,gpu,0.2,2.0,16.0,val,False,,0.0,False,0.01,/mnt/hanoverlimitedwus2/scratch/t-jiachentu/nnssl_data/nnssl_preprocessed/Dataset006_BraTS18,False,5e-05,4.0,False,0.0,True,False,full,False,0.2,8.0,False,batchgenerators.get_training_transforms,30.0,False,False,lgg_vs_hgg,False,power,3.0,False,1.0,True,epochwise,,/mnt/hanoverlimitedwus2/mri/scratch/t-jiachentu/pretrained_ckpts/ResEncL_ckpts/ResEncL-OpenMind-S3D/checkpoint_final.pth,,0.2,0.8359763622283936,0.8936507701873779,0.7857142686843872,0.7918864488601685,0.508578360080719,0.9976654648780824,0.998589038848877,0.9960317611694336,0.9925134778022766,0.3385807275772095,0.7210836410522461,0.788095235824585,0.735714316368103,0.6998946666717529,0.7174981236457825,21270.0,1000.0,1755062856.1724885,200.0,3.8076210902182585e-09,4400.0,,,,,,,,,,,,,
7244959468.40286-38924994-0742,resenc_MG_pretrained_multi_flair_t1_t1ce_t2_2025-08-13_00-09-45,crashed,2025-08-13T00:10:16Z,https://microsoft-research.wandb.io/t-jiachentu/july_stratified_brats18_lgg_vs_hgg_multi_flair_t1_t1ce_t2/runs/7244959468.40286-38924994-0742,,9c0515a5-9fb7-4690-840b-2c2ae1bed0b8,t-jiachentu,False,0,Classification,200.0,False,ResEncoder_Classifier,200.0,False,1.0,multiclass,False,auto,False,3.0,AdamW,16-mixed,CosineAnneal,20.0,1.0,False,200.0,True,True,0.0,gpu,0.2,2.0,16.0,val,False,,0.0,False,0.01,/mnt/hanoverlimitedwus2/scratch/t-jiachentu/nnssl_data/nnssl_preprocessed/Dataset006_BraTS18,False,5e-05,4.0,False,0.0,True,False,full,False,0.2,8.0,False,batchgenerators.get_training_transforms,30.0,False,False,lgg_vs_hgg,False,power,3.0,False,1.0,True,epochwise,,/mnt/hanoverlimitedwus2/mri/scratch/t-jiachentu/pretrained_ckpts/ResEncL_ckpts/ResEncL-OpenMind-MG/checkpoint_final.pth,,0.2,,,,,,0.9981698989868164,0.9987654089927672,0.9738094806671144,0.9772171974182128,0.3480468988418579,0.8198705911636353,0.8349206447601318,0.735714316368103,0.6998946666717529,0.6786186695098877,8276.365810218,330.0,1755052095.5044537,65.0,4.2366459261474933e-05,1452.0,,,,,,,,,,,,,
7244955688.30815-cfef7f4a-182e,brainiac_pretrained_multi_flair_t1_t1ce_t2_2025-08-13_00-20-45,failed,2025-08-13T00:21:04Z,https://microsoft-research.wandb.io/t-jiachentu/july_stratified_brats18_lgg_vs_hgg_multi_flair_t1_t1ce_t2/runs/7244955688.30815-cfef7f4a-182e,,d547d43c-9508-455f-adb0-8efc5a671c0c,t-jiachentu,False,0,Classification,200.0,False,brainiac,200.0,False,1.0,multiclass,False,auto,False,3.0,AdamW,16-mixed,CosineAnneal,20.0,4.0,False,200.0,True,True,0.0,gpu,0.2,2.0,16.0,val,False,0.2,0.0,False,0.01,/mnt/hanoverlimitedwus2/scratch/t-jiachentu/nnssl_data/nnssl_preprocessed/Dataset006_BraTS18,False,5e-05,4.0,False,0.0,True,False,full,False,0.2,4.0,False,batchgenerators.get_training_transforms,10.0,False,False,lgg_vs_hgg,False,power,3.0,False,1.0,False,epochwise,cls_token,/mnt/hanoverlimitedwus2/scratch/t-jiachentu/nnssl_data/pretrained_ckpts/BrainIAC/BrainIAC.ckpt,True,0.0,,,,,,,,,,,,,,,,80.0,0.0,1755044486.626767,,2.380952380952381e-06,0.0,,,,,,,,,,,,,
7244955662.83893-f9844fb7-c104,brainiac_scratch_multi_flair_t1_t1ce_t2_2025-08-13_00-21-11,failed,2025-08-13T00:21:30Z,https://microsoft-research.wandb.io/t-jiachentu/july_stratified_brats18_lgg_vs_hgg_multi_flair_t1_t1ce_t2/runs/7244955662.83893-f9844fb7-c104,,3cf3ab39-4796-4494-bda9-8b055f6a7deb,t-jiachentu,False,0,Classification,200.0,False,brainiac,200.0,False,1.0,multiclass,False,auto,False,3.0,AdamW,16-mixed,CosineAnneal,20.0,4.0,False,200.0,False,True,0.0,gpu,0.2,2.0,16.0,val,False,0.2,0.0,False,0.01,/mnt/hanoverlimitedwus2/scratch/t-jiachentu/nnssl_data/nnssl_preprocessed/Dataset006_BraTS18,False,5e-05,4.0,False,0.0,True,False,full,False,0.2,4.0,False,batchgenerators.get_training_transforms,10.0,False,False,lgg_vs_hgg,False,power,3.0,False,1.0,False,epochwise,cls_token,,True,0.0,,,,,,,,,,,,,,,,110.0,0.0,1755044514.4459543,,2.380952380952381e-06,0.0,,,,,,,,,,,,,
7244955637.43138-ae923b9e-eaab,brainmvp_pretrained_multi_flair_t1_t1ce_t2_2025-08-13_00-21-43,finished,2025-08-13T00:22:05Z,https://microsoft-research.wandb.io/t-jiachentu/july_stratified_brats18_lgg_vs_hgg_multi_flair_t1_t1ce_t2/runs/7244955637.43138-ae923b9e-eaab,,7cc37cf3-941d-4522-aaab-6f24b587fa81,t-jiachentu,False,0,Classification,200.0,False,brainmvp,200.0,False,1.0,multiclass,False,auto,False,3.0,AdamW,16-mixed,CosineAnneal,20.0,4.0,False,200.0,True,True,0.0,gpu,0.2,2.0,16.0,val,False,0.2,0.0,False,0.01,/mnt/hanoverlimitedwus2/scratch/t-jiachentu/nnssl_data/nnssl_preprocessed/Dataset006_BraTS18,False,5e-05,4.0,False,0.0,True,False,full,False,0.2,4.0,False,batchgenerators.get_training_transforms,10.0,False,False,lgg_vs_hgg,False,power,3.0,False,1.0,True,epochwise,cls_token,/mnt/hanoverlimitedwus2/scratch/t-jiachentu/nnssl_data/pretrained_ckpts/BrainMVP/BrainMVP_unet.pt,True,0.0,0.6247488260269165,0.682539701461792,0.5,0.42424243688583374,0.6665575504302979,0.9734874963760376,0.9837743043899536,0.9317460060119628,0.9256521463394164,0.39065253734588623,0.5650277137756348,0.5936508178710938,0.6023809909820557,0.5049628019332886,0.8411539196968079,17566.0,1000.0,1755062092.7215466,200.0,3.8076210902182585e-09,8600.0,,,,,,,,,,,,,
7244955612.09805-ebab0e20-0634,dinov2_pretrained_multi_flair_t1_t1ce_t2_2025-08-13_00-22-16,failed,2025-08-13T00:22:43Z,https://microsoft-research.wandb.io/t-jiachentu/july_stratified_brats18_lgg_vs_hgg_multi_flair_t1_t1ce_t2/runs/7244955612.09805-ebab0e20-0634,,4300161a-3f7c-4765-9880-da8be413f382,t-jiachentu,False,0,Classification,200.0,False,dinov2,50.0,False,1.0,multiclass,False,auto,False,3.0,AdamW,16-mixed,CosineAnneal,20.0,4.0,False,200.0,True,True,0.0,gpu,0.2,2.0,16.0,val,False,,0.0,False,0.01,/mnt/hanoverlimitedwus2/scratch/t-jiachentu/nnssl_data/nnssl_preprocessed/Dataset006_BraTS18,False,5e-05,4.0,False,0.0,True,False,full,False,0.2,4.0,False,batchgenerators.get_training_transforms,10.0,False,False,lgg_vs_hgg,False,power,3.0,False,1.0,False,epochwise,mean,,True,0.5,,,,,,,,,,,,,,,,113.0,0.0,1755044589.21472,,2.380952380952381e-06,0.0,facebook/dinov2-base,mean,,,,,,,,,,,
7244955560.94048-c3947c6f-f43e,resenc_pretrained_multi_flair_t1_t1ce_t2_2025-08-13_00-22-53,crashed,2025-08-13T00:23:21Z,https://microsoft-research.wandb.io/t-jiachentu/july_stratified_brats18_lgg_vs_hgg_multi_flair_t1_t1ce_t2/runs/7244955560.94048-c3947c6f-f43e,,fcee9b8b-93a9-4eae-8e99-2475dda7a6b2,t-jiachentu,False,0,Classification,200.0,False,ResEncoder_Classifier,200.0,False,1.0,multiclass,False,auto,False,3.0,AdamW,16-mixed,CosineAnneal,20.0,4.0,False,200.0,True,True,0.0,gpu,0.2,2.0,16.0,val,False,,0.0,False,0.01,/mnt/hanoverlimitedwus2/scratch/t-jiachentu/nnssl_data/nnssl_preprocessed/Dataset006_BraTS18,False,5e-05,4.0,False,0.0,True,False,full,False,0.2,8.0,False,batchgenerators.get_training_transforms,10.0,False,False,lgg_vs_hgg,False,power,3.0,False,1.0,True,epochwise,,/mnt/hanoverlimitedwus2/mri/scratch/t-jiachentu/pretrained_ckpts/ResEncL-OpenMind-MAE/checkpoint_final.pth,,0.2,,,,,,0.9956175088882446,0.9970017671585084,0.9809523820877076,0.9775403738021852,0.3619884252548218,0.7868967056274414,0.7944444417953491,0.7404761910438538,0.7456389665603638,0.6098278760910034,17322.249286932,560.0,1755061925.123807,111.0,2.412751258243747e-05,2464.0,,,,,,,,,,,,,
7244955536.91132-828e1f71-0a9b,resenc_MDAETrainer_RandomMask_Flow_BS48_2000ep_pretrained_multi_flair_t1_t1ce_t2_2025-08-13_00-23-27,finished,2025-08-13T00:23:59Z,https://microsoft-research.wandb.io/t-jiachentu/july_stratified_brats18_lgg_vs_hgg_multi_flair_t1_t1ce_t2/runs/7244955536.91132-828e1f71-0a9b,,01d0d8c2-d27e-432a-a84b-6cdfbbee3235,t-jiachentu,False,0,Classification,200.0,False,ResEncoder_Classifier,200.0,False,1.0,multiclass,False,auto,False,3.0,AdamW,16-mixed,CosineAnneal,20.0,4.0,False,200.0,True,True,0.0,gpu,0.2,2.0,16.0,val,False,,0.0,False,0.01,/mnt/hanoverlimitedwus2/scratch/t-jiachentu/nnssl_data/nnssl_preprocessed/Dataset006_BraTS18,False,5e-05,4.0,False,0.0,True,False,full,False,0.2,4.0,False,batchgenerators.get_training_transforms,10.0,False,False,lgg_vs_hgg,False,power,3.0,False,1.0,False,epochwise,,/mnt/hanoverlimitedwus2/mri/scratch/t-jiachentu/nnssl_data/nnssl_results/MDAE/Openmind/0705/Dataset005_OpenMind/BaseMDAETrainer_RandomMask_Flow_BS48_2000ep__nnsslPlans__onemmiso/fold_all/checkpoint_best.pth,,0.2,0.7850611209869385,0.8317460417747498,0.75,0.7393292784690857,0.6036809682846069,0.998636782169342,0.9991182088851928,0.9809523820877076,0.9775403738021852,0.34807100892066956,0.756048321723938,0.8111110925674438,0.6809524297714233,0.6647058725357056,0.633399486541748,22202.0,1000.0,1755066840.174207,200.0,3.8076210902182585e-09,8600.0,,,,,,,,,,,,,
7244955488.68311-56a1d041-c100,resenc_multimodal_mm_mdae_pretrained_pretrained_multi_flair_t1_t1ce_t2_2025-08-13_00-24-00,finished,2025-08-13T00:24:23Z,https://microsoft-research.wandb.io/t-jiachentu/july_stratified_brats18_lgg_vs_hgg_multi_flair_t1_t1ce_t2/runs/7244955488.68311-56a1d041-c100,,3bef12b5-2a99-4bd2-9d14-245ea6c2fff3,t-jiachentu,False,0,Classification,200.0,False,ResEncoderMultiModal_Classifier,200.0,False,1.0,multiclass,False,auto,False,3.0,AdamW,16-mixed,CosineAnneal,20.0,4.0,False,200.0,True,True,0.0,gpu,0.2,2.0,16.0,val,False,,0.0,False,0.01,/mnt/hanoverlimitedwus2/scratch/t-jiachentu/nnssl_data/nnssl_preprocessed/Dataset006_BraTS18,False,5e-05,4.0,False,0.0,True,False,full,False,0.2,4.0,False,batchgenerators.get_training_transforms,10.0,False,False,lgg_vs_hgg,False,power,3.0,False,1.0,False,epochwise,,/mnt/hanoverlimitedwus2/mri/scratch/t-jiachentu/nnssl_data/nnssl_results/MDAE/Openmind/0705/Dataset005_OpenMind/BaseMDAETrainer_RandomMask_Flow_BS48_2000ep__nnsslPlans__onemmiso/fold_all/checkpoint_best.pth,,0.2,0.8737280368804932,0.8738094568252563,0.8404761552810669,0.8262194991111755,0.5259150266647339,0.9987301230430604,0.9991180896759032,0.9888888597488404,0.9924057722091676,0.34755223989486694,0.717479944229126,0.8087301254272461,0.5928571224212646,0.5928571224212646,0.6533668041229248,22526.0,1000.0,1755067187.706295,200.0,3.8076210902182585e-09,8600.0,,,,,,,,,,,,,
7244955440.57893-76798758-a651,resenc_VoCo_pretrained_multi_flair_t1_t1ce_t2_2025-08-13_00-24-51,finished,2025-08-13T00:25:19Z,https://microsoft-research.wandb.io/t-jiachentu/july_stratified_brats18_lgg_vs_hgg_multi_flair_t1_t1ce_t2/runs/7244955440.57893-76798758-a651,,986e2aec-3362-447a-9cad-2a03bca80574,t-jiachentu,False,0,Classification,200.0,False,ResEncoder_Classifier,200.0,False,1.0,multiclass,False,auto,False,3.0,AdamW,16-mixed,CosineAnneal,20.0,4.0,False,200.0,True,True,0.0,gpu,0.2,2.0,16.0,val,False,,0.0,False,0.01,/mnt/hanoverlimitedwus2/scratch/t-jiachentu/nnssl_data/nnssl_preprocessed/Dataset006_BraTS18,False,5e-05,4.0,False,0.0,True,False,full,False,0.2,4.0,False,batchgenerators.get_training_transforms,10.0,False,False,lgg_vs_hgg,False,power,3.0,False,1.0,False,epochwise,,/mnt/hanoverlimitedwus2/mri/scratch/t-jiachentu/pretrained_ckpts/ResEncL_ckpts/ResEncL-OpenMind-VoCo/checkpoint_final.pth,,0.2,0.744386613368988,0.7801587581634521,0.7380952835083008,0.7227833867073059,0.6970163583755493,1.0,1.0,1.0,1.0,0.32569366693496704,0.724506139755249,0.7349206209182739,0.6452381014823914,0.6198666095733643,0.8533065915107727,21369.0,1000.0,1755066088.1921835,200.0,3.8076210902182585e-09,8600.0,,,,,,,,,,,,,
7244955464.71431-7324ccb1-48da,resenc_time_conditioned_pretrained_multi_flair_t1_t1ce_t2_2025-08-13_00-24-36,finished,2025-08-13T00:25:25Z,https://microsoft-research.wandb.io/t-jiachentu/july_stratified_brats18_lgg_vs_hgg_multi_flair_t1_t1ce_t2/runs/7244955464.71431-7324ccb1-48da,,4dfc771a-a7cc-4648-9006-1da37dcf95f9,t-jiachentu,False,0,Classification,200.0,False,ResEncTimeConditioned,200.0,False,1.0,multiclass,False,auto,False,3.0,AdamW,16-mixed,CosineAnneal,20.0,4.0,False,200.0,True,True,0.0,gpu,0.2,2.0,16.0,val,False,,0.0,False,0.01,/mnt/hanoverlimitedwus2/scratch/t-jiachentu/nnssl_data/nnssl_preprocessed/Dataset006_BraTS18,False,5e-05,4.0,False,0.0,True,False,full,False,0.2,4.0,False,batchgenerators.get_training_transforms,10.0,False,False,lgg_vs_hgg,False,power,3.0,False,1.0,False,epochwise,cls_token,/mnt/hanoverlimitedwus2/mri/scratch/t-jiachentu/nnssl_data/nnssl_results/MDAE/Openmind/0705/Dataset005_OpenMind/NoiseConditionedMDAETrainer_RandomMask_BS32_2000ep__nnsslPlans__onemmiso/fold_all/checkpoint_best.pth,,0.5,0.6910881400108337,0.6984126567840576,0.6095238327980042,0.620583713054657,0.6438423991203308,0.9827843308448792,0.983068823814392,0.9333333373069764,0.9526578187942504,0.3772400915622711,0.6247196793556213,0.673015832901001,0.5880952477455139,0.5657894611358643,0.9185770750045776,22777.0,1000.0,1755067500.7740943,200.0,3.8076210902182585e-09,8600.0,,,,,,,,,,False,256.0,0.5,64.0
7244955416.20944-62abc4d5-5383,resenc_SimCLR_pretrained_multi_flair_t1_t1ce_t2_2025-08-13_00-25-32,finished,2025-08-13T00:26:01Z,https://microsoft-research.wandb.io/t-jiachentu/july_stratified_brats18_lgg_vs_hgg_multi_flair_t1_t1ce_t2/runs/7244955416.20944-62abc4d5-5383,,d0a0e0ee-b5cd-4fa2-b75c-76030a7bbde6,t-jiachentu,False,0,Classification,200.0,False,ResEncoder_Classifier,200.0,False,1.0,multiclass,False,auto,False,3.0,AdamW,16-mixed,CosineAnneal,20.0,4.0,False,200.0,True,True,0.0,gpu,0.2,2.0,16.0,val,False,,0.0,False,0.01,/mnt/hanoverlimitedwus2/scratch/t-jiachentu/nnssl_data/nnssl_preprocessed/Dataset006_BraTS18,False,5e-05,4.0,False,0.0,True,False,full,False,0.2,4.0,False,batchgenerators.get_training_transforms,10.0,False,False,lgg_vs_hgg,False,power,3.0,False,1.0,False,epochwise,,/mnt/hanoverlimitedwus2/mri/scratch/t-jiachentu/pretrained_ckpts/ResEncL_ckpts/ResEncL-OpenMind-SimCLR/checkpoint_final.pth,,0.2,0.6870244741439819,0.7507936358451843,0.5976190567016602,0.6057312488555908,0.6766335964202881,1.0,1.0,0.9888888597488404,0.9924057722091676,0.3333829343318939,0.8275336027145386,0.8571428060531616,0.7571429014205933,0.7076923251152039,0.6761777400970459,23451.0,1000.0,1755068210.6805737,200.0,3.8076210902182585e-09,8600.0,,,,,,,,,,,,,
7244955392.29902-deeea7c8-1862,resenc_VF_pretrained_multi_flair_t1_t1ce_t2_2025-08-13_00-25-39,finished,2025-08-13T00:26:11Z,https://microsoft-research.wandb.io/t-jiachentu/july_stratified_brats18_lgg_vs_hgg_multi_flair_t1_t1ce_t2/runs/7244955392.29902-deeea7c8-1862,,5409986c-115d-4b8c-9301-7029cbf07245,t-jiachentu,False,0,Classification,200.0,False,ResEncoder_Classifier,200.0,False,1.0,multiclass,False,auto,False,3.0,AdamW,16-mixed,CosineAnneal,20.0,4.0,False,200.0,True,True,0.0,gpu,0.2,2.0,16.0,val,False,,0.0,False,0.01,/mnt/hanoverlimitedwus2/scratch/t-jiachentu/nnssl_data/nnssl_preprocessed/Dataset006_BraTS18,False,5e-05,4.0,False,0.0,True,False,full,False,0.2,4.0,False,batchgenerators.get_training_transforms,10.0,False,False,lgg_vs_hgg,False,power,3.0,False,1.0,False,epochwise,,/mnt/hanoverlimitedwus2/mri/scratch/t-jiachentu/pretrained_ckpts/ResEncL_ckpts/ResEncL-OpenMind-VF/checkpoint_final.pth,,0.2,0.8513386249542236,0.8365079164505005,0.5166666507720947,0.34360411763191223,0.9191250801086426,0.9994494915008544,0.9996472597122192,0.9960317611694336,0.9925134778022766,0.3375951051712036,0.4957304894924164,0.3920634984970093,0.4595238268375397,0.2874999940395355,1.5171494483947754,22586.0,1000.0,1755067355.707372,200.0,3.8076210902182585e-09,8600.0,,,,,,,,,,,,,
7244955368.91003-0ea958c9-4c4c,resenc_SwinUNETR_pretrained_multi_flair_t1_t1ce_t2_2025-08-13_00-26-13,finished,2025-08-13T00:26:41Z,https://microsoft-research.wandb.io/t-jiachentu/july_stratified_brats18_lgg_vs_hgg_multi_flair_t1_t1ce_t2/runs/7244955368.91003-0ea958c9-4c4c,,b82b6df5-cc96-4ac2-b544-dfaa961b0e47,t-jiachentu,False,0,Classification,200.0,False,ResEncoder_Classifier,200.0,False,1.0,multiclass,False,auto,False,3.0,AdamW,16-mixed,CosineAnneal,20.0,4.0,False,200.0,True,True,0.0,gpu,0.2,2.0,16.0,val,False,,0.0,False,0.01,/mnt/hanoverlimitedwus2/scratch/t-jiachentu/nnssl_data/nnssl_preprocessed/Dataset006_BraTS18,False,5e-05,4.0,False,0.0,True,False,full,False,0.2,4.0,False,batchgenerators.get_training_transforms,10.0,False,False,lgg_vs_hgg,False,power,3.0,False,1.0,False,epochwise,,/mnt/hanoverlimitedwus2/mri/scratch/t-jiachentu/pretrained_ckpts/ResEncL_ckpts/ResEncL-OpenMind-SwinUNETR/checkpoint_final.pth,,0.2,0.734909176826477,0.817460298538208,0.7714285850524902,0.7485294342041016,0.5659512877464294,1.0,1.0,0.9960317611694336,0.9925134778022766,0.3333855867385864,0.699456512928009,0.7603174448013306,0.711904764175415,0.6687179803848267,0.7709411382675171,22732.0,1000.0,1755067532.330159,200.0,3.8076210902182585e-09,8600.0,,,,,,,,,,,,,
7244955345.47495-bb62c2f8-2781,resenc_S3D_pretrained_multi_flair_t1_t1ce_t2_2025-08-13_00-32-33,finished,2025-08-13T00:33:04Z,https://microsoft-research.wandb.io/t-jiachentu/july_stratified_brats18_lgg_vs_hgg_multi_flair_t1_t1ce_t2/runs/7244955345.47495-bb62c2f8-2781,,949b1418-2984-4897-b00d-ba0355b11a77,t-jiachentu,False,0,Classification,200.0,False,ResEncoder_Classifier,200.0,False,1.0,multiclass,False,auto,False,3.0,AdamW,16-mixed,CosineAnneal,20.0,4.0,False,200.0,True,True,0.0,gpu,0.2,2.0,16.0,val,False,,0.0,False,0.01,/mnt/hanoverlimitedwus2/scratch/t-jiachentu/nnssl_data/nnssl_preprocessed/Dataset006_BraTS18,False,5e-05,4.0,False,0.0,True,False,full,False,0.2,4.0,False,batchgenerators.get_training_transforms,10.0,False,False,lgg_vs_hgg,False,power,3.0,False,1.0,False,epochwise,,/mnt/hanoverlimitedwus2/mri/scratch/t-jiachentu/pretrained_ckpts/ResEncL_ckpts/ResEncL-OpenMind-S3D/checkpoint_final.pth,,0.2,0.7433484196662903,0.8285714387893677,0.6095238327980042,0.620583713054657,0.5848031044006348,1.0,1.0,1.0,1.0,0.3278944194316864,0.7406380772590637,0.7626984119415283,0.6690475940704346,0.6495479345321655,0.8219664692878723,22744.0,1000.0,1755067926.7572088,200.0,3.8076210902182585e-09,8600.0,,,,,,,,,,,,,
7244955321.77394-4a103b64-4405,resenc_MG_pretrained_multi_flair_t1_t1ce_t2_2025-08-13_00-32-44,finished,2025-08-13T00:33:13Z,https://microsoft-research.wandb.io/t-jiachentu/july_stratified_brats18_lgg_vs_hgg_multi_flair_t1_t1ce_t2/runs/7244955321.77394-4a103b64-4405,,eb487ef2-e111-4bba-a0b3-13cdb90e4ec4,t-jiachentu,False,0,Classification,200.0,False,ResEncoder_Classifier,200.0,False,1.0,multiclass,False,auto,False,3.0,AdamW,16-mixed,CosineAnneal,20.0,4.0,False,200.0,True,True,0.0,gpu,0.2,2.0,16.0,val,False,,0.0,False,0.01,/mnt/hanoverlimitedwus2/scratch/t-jiachentu/nnssl_data/nnssl_preprocessed/Dataset006_BraTS18,False,5e-05,4.0,False,0.0,True,False,full,False,0.2,4.0,False,batchgenerators.get_training_transforms,10.0,False,False,lgg_vs_hgg,False,power,3.0,False,1.0,False,epochwise,,/mnt/hanoverlimitedwus2/mri/scratch/t-jiachentu/pretrained_ckpts/ResEncL_ckpts/ResEncL-OpenMind-MG/checkpoint_final.pth,,0.2,0.8246489763259888,0.8492063283920288,0.688095211982727,0.6381556987762451,0.611458957195282,1.0,1.0,0.9888888597488404,0.9924057722091676,0.3297390937805176,0.7042285203933716,0.7674603462219238,0.711904764175415,0.6687179803848267,0.7949580550193787,22702.0,1000.0,1755067893.4380329,200.0,3.8076210902182585e-09,8600.0,,,,,,,,,,,,,
7244955586.26521-64984a39-f776,mri_core_pretrained_multi_flair_t1_t1ce_t2_2025-08-13_01-18-09,failed,2025-08-13T01:18:38Z,https://microsoft-research.wandb.io/t-jiachentu/july_stratified_brats18_lgg_vs_hgg_multi_flair_t1_t1ce_t2/runs/7244955586.26521-64984a39-f776,,9ae828b3-38e5-4980-8a65-dc20ad42d7e0,t-jiachentu,False,0,Classification,200.0,False,MRICore,200.0,False,1.0,multiclass,False,auto,False,3.0,AdamW,16-mixed,CosineAnneal,20.0,4.0,False,200.0,False,True,0.0,gpu,0.2,2.0,16.0,val,False,,0.0,False,0.01,/mnt/hanoverlimitedwus2/scratch/t-jiachentu/nnssl_data/nnssl_preprocessed/Dataset006_BraTS18,False,5e-05,4.0,False,0.0,True,False,full,False,0.2,4.0,False,batchgenerators.get_training_transforms,10.0,False,False,lgg_vs_hgg,False,power,3.0,False,1.0,False,epochwise,mean,/mnt/hanoverlimitedwus2/scratch/t-jiachentu/nnssl_data/pretrained_ckpts/mri_core/mri_core_checkpoint.pth,,0.5,,,,,,,,,,,,,,,,102.0,0.0,1755047943.514688,,2.380952380952381e-06,0.0,,mean,12.0,768.0,4.0,12.0,512.0,224.0,16.0,False,,,
7244955512.37491-e9a276e0-0ae2,resenc_MDAE_pretrained_multi_flair_t1_t1ce_t2_2025-08-13_01-18-11,finished,2025-08-13T01:18:41Z,https://microsoft-research.wandb.io/t-jiachentu/july_stratified_brats18_lgg_vs_hgg_multi_flair_t1_t1ce_t2/runs/7244955512.37491-e9a276e0-0ae2,,140648b2-f9c0-4e62-9d28-6c0d460b3ba6,t-jiachentu,False,0,Classification,200.0,False,ResEncoder_Classifier,200.0,False,1.0,multiclass,False,auto,False,3.0,AdamW,16-mixed,CosineAnneal,20.0,4.0,False,200.0,True,True,0.0,gpu,0.2,2.0,16.0,val,False,,0.0,False,0.01,/mnt/hanoverlimitedwus2/scratch/t-jiachentu/nnssl_data/nnssl_preprocessed/Dataset006_BraTS18,False,5e-05,4.0,False,0.0,True,False,full,False,0.2,4.0,False,batchgenerators.get_training_transforms,10.0,False,False,lgg_vs_hgg,False,power,3.0,False,1.0,False,epochwise,,/mnt/hanoverlimitedwus2/mri/scratch/t-jiachentu/nnssl_data/nnssl_results/EMDAE/Openmind/0711/Dataset005_OpenMind/BaseEMDAETrainer_RandomMask_BottleneckCorruption_Flow_BS48_2000ep__nnsslPlans__onemmiso/fold_all/checkpoint_best.pth,,0.2,0.8405694365501404,0.8714286088943481,0.8285714387893677,0.808080792427063,0.5419546365737915,0.9976556301116944,0.9982362985610962,0.984920620918274,0.984920620918274,0.3471314609050751,0.7531018257141113,0.8253967761993408,0.7404761910438538,0.7456389665603638,0.5901974439620972,21843.0,1000.0,1755069762.3943324,200.0,3.8076210902182585e-09,8600.0,,,,,,,,,,,,,
7244960293.38582-80ca5158-bcd7,mri_core_pretrained_multi_flair_t1_t1ce_t2_2025-08-13_19-57-24,crashed,2025-08-13T19:58:50Z,https://microsoft-research.wandb.io/t-jiachentu/july_stratified_brats18_lgg_vs_hgg_multi_flair_t1_t1ce_t2/runs/7244960293.38582-80ca5158-bcd7,,0b56265d-e453-49cf-afb6-c94a1233f161,t-jiachentu,False,0,Classification,200.0,False,MRICore,200.0,False,1.0,multiclass,False,auto,False,3.0,AdamW,16-mixed,CosineAnneal,20.0,1.0,False,200.0,False,True,0.0,gpu,0.2,2.0,16.0,val,False,,0.0,False,0.01,/mnt/hanoverlimitedwus2/scratch/t-jiachentu/nnssl_data/nnssl_preprocessed/Dataset006_BraTS18,False,5e-05,4.0,False,0.0,True,False,full,False,0.2,1.0,False,batchgenerators.get_training_transforms,30.0,False,False,lgg_vs_hgg,False,power,3.0,False,1.0,True,epochwise,mean,/mnt/hanoverlimitedwus2/scratch/t-jiachentu/nnssl_data/pretrained_ckpts/mri_core/mri_core_checkpoint.pth,,0.5,,,,,,0.743226170539856,0.8358906507492065,0.688095211982727,0.69471275806427,0.5487340092658997,0.6920060515403748,0.7071428298950195,0.5,0.42424243688583374,0.6207236647605896,8177.148414485,223.0,1755123315.406411,44.0,4.7838636441065e-05,7694.0,,mean,12.0,768.0,4.0,12.0,512.0,224.0,16.0,False,,,
7244960340.08685-2eb2b162-661f,dinov2_pretrained_multi_flair_t1_t1ce_t2_2025-08-13_20-24-50,crashed,2025-08-13T20:27:31Z,https://microsoft-research.wandb.io/t-jiachentu/july_stratified_brats18_lgg_vs_hgg_multi_flair_t1_t1ce_t2/runs/7244960340.08685-2eb2b162-661f,,fdc486d5-ce06-44aa-91a1-6d7fe36b940d,t-jiachentu,False,0,Classification,200.0,False,dinov2,50.0,False,1.0,multiclass,False,auto,False,3.0,AdamW,16-mixed,CosineAnneal,20.0,1.0,False,200.0,True,True,0.0,gpu,0.2,2.0,16.0,val,False,,0.0,False,0.01,/mnt/hanoverlimitedwus2/scratch/t-jiachentu/nnssl_data/nnssl_preprocessed/Dataset006_BraTS18,False,5e-05,4.0,False,0.0,True,False,full,False,0.2,2.0,False,batchgenerators.get_training_transforms,30.0,False,False,lgg_vs_hgg,False,power,3.0,False,1.0,True,epochwise,mean,,True,0.5,,,,,,0.4832724332809448,0.4634920656681061,0.511904776096344,0.4912198781967163,0.6812721490859985,0.6216843724250793,0.5571428537368774,0.5,0.42424243688583374,0.6653637290000916,6537.569515068,68.0,1755123397.4190867,13.0,3.3333333333333335e-05,1203.0,facebook/dinov2-base,mean,,,,,,,,,,,
7244837328.09416-d6c65322-3133,resenc_pretrained_multi_flair_t1_t1ce_t2_2025-08-14_09-13-17,finished,2025-08-14T09:14:01Z,https://microsoft-research.wandb.io/t-jiachentu/july_stratified_brats18_lgg_vs_hgg_multi_flair_t1_t1ce_t2/runs/7244837328.09416-d6c65322-3133,,d9050fb7-7bc7-4526-9b04-c492b3daf4dd,t-jiachentu,False,0,Classification,100.0,False,ResEncoder_Classifier,100.0,False,1.0,multiclass,False,auto,False,3.0,AdamW,16-mixed,CosineAnneal,20.0,2.0,False,100.0,True,True,0.0,gpu,0.2,2.0,16.0,val,False,,0.0,False,0.01,/mnt/hanoverlimitedwus2/scratch/t-jiachentu/nnssl_data/nnssl_preprocessed/Dataset006_BraTS18,False,0.0001,4.0,False,0.0,True,False,full,False,0.2,2.0,False,batchgenerators.get_training_transforms,10.0,False,False,lgg_vs_hgg,False,power,3.0,False,1.0,False,epochwise,,/mnt/hanoverlimitedwus2/mri/scratch/t-jiachentu/nnssl_data/nnssl_results/continued_pretraining/Dataset005_OpenMind/MAEContTrainer__nnsslPlans__onemmiso/fold_all/checkpoint_best.pth,,0.2,0.8604300022125244,0.8730158805847168,0.7404761910438538,0.7456389665603638,0.5273319482803345,0.9930589199066162,0.9952380657196044,0.9658730030059814,0.9625673294067384,0.36561882495880127,0.6363205909729004,0.6603174209594727,0.6547619104385376,0.6148648262023926,0.908316433429718,6213.0,500.0,1755169053.7705245,100.0,3.854818796385494e-08,8600.0,,,,,,,,,,,,,
7244837073.75995-c2cd090d-c1ae,resenc_SwinUNETR_pretrained_multi_flair_t1_t1ce_t2_2025-08-14_09-19-12,finished,2025-08-14T09:20:09Z,https://microsoft-research.wandb.io/t-jiachentu/july_stratified_brats18_lgg_vs_hgg_multi_flair_t1_t1ce_t2/runs/7244837073.75995-c2cd090d-c1ae,,c327be68-963d-449e-8b22-90f778d0e6fa,t-jiachentu,False,0,Classification,100.0,False,ResEncoder_Classifier,100.0,False,1.0,multiclass,False,auto,False,3.0,AdamW,16-mixed,CosineAnneal,20.0,2.0,False,100.0,True,True,0.0,gpu,0.2,2.0,16.0,val,False,,0.0,False,0.01,/mnt/hanoverlimitedwus2/scratch/t-jiachentu/nnssl_data/nnssl_preprocessed/Dataset006_BraTS18,False,0.0001,4.0,False,0.0,True,False,full,False,0.2,2.0,False,batchgenerators.get_training_transforms,10.0,False,False,lgg_vs_hgg,False,power,3.0,False,1.0,False,epochwise,,/mnt/hanoverlimitedwus2/mri/scratch/t-jiachentu/nnssl_data/nnssl_results/continued_pretraining/Dataset005_OpenMind/SwinUNETRContTrainer__nnsslPlans__onemmiso/fold_all/checkpoint_best.pth,,0.2,0.6593923568725586,0.7111110687255859,0.6619047522544861,0.6686046123504639,0.697046160697937,0.9828386306762696,0.9845678806304932,0.9293650388717652,0.9452048540115356,0.3842468559741974,0.6716994047164917,0.6952381134033203,0.6238095760345459,0.6083182692527771,0.8160557746887207,6235.0,500.0,1755169442.6952238,100.0,3.854818796385494e-08,8600.0,,,,,,,,,,,,,
7244835566.51814-df6f9915-b8b5,resenc_pretrained_multi_flair_t1_t1ce_t2_2025-08-14_09-42-44,finished,2025-08-14T09:43:17Z,https://microsoft-research.wandb.io/t-jiachentu/july_stratified_brats18_lgg_vs_hgg_multi_flair_t1_t1ce_t2/runs/7244835566.51814-df6f9915-b8b5,,ac46ad4e-2968-4183-b97f-3aa0d8ebe05d,t-jiachentu,False,0,Classification,100.0,False,ResEncoder_Classifier,100.0,False,1.0,multiclass,False,auto,False,3.0,AdamW,16-mixed,CosineAnneal,20.0,2.0,False,100.0,True,True,0.0,gpu,0.2,2.0,16.0,val,False,,0.0,False,0.01,/mnt/hanoverlimitedwus2/scratch/t-jiachentu/nnssl_data/nnssl_preprocessed/Dataset006_BraTS18,False,0.0001,4.0,False,0.0,True,False,full,False,0.2,2.0,False,batchgenerators.get_training_transforms,10.0,False,False,lgg_vs_hgg,False,power,3.0,False,1.0,False,epochwise,,/mnt/hanoverlimitedwus2/mri/scratch/t-jiachentu/nnssl_data/nnssl_results/continued_pretraining/Dataset005_OpenMind/ModelGenesisContTrainer__nnsslPlans__onemmiso/fold_all/checkpoint_best.pth,,0.2,0.7754113674163818,0.7968254089355469,0.7380952835083008,0.7227833867073059,0.6536364555358887,0.9942314028739928,0.9962962865829468,0.958730161190033,0.9620286822319032,0.3709068596363067,0.7042713165283203,0.7412698268890381,0.6809524297714233,0.6647058725357056,0.7064361572265625,10457.0,500.0,1755175053.531597,100.0,3.854818796385494e-08,8600.0,,,,,,,,,,,,,
7244835370.36292-62e24691-b590,resenc_VoCo_pretrained_multi_flair_t1_t1ce_t2_2025-08-14_11-06-04,finished,2025-08-14T09:46:52Z,https://microsoft-research.wandb.io/t-jiachentu/july_stratified_brats18_lgg_vs_hgg_multi_flair_t1_t1ce_t2/runs/7244835370.36292-62e24691-b590,,cb8dd472-d130-4bad-ad6a-e47e78e80f6a,t-jiachentu,False,0,Classification,100.0,False,ResEncoder_Classifier,100.0,False,1.0,multiclass,False,auto,False,3.0,AdamW,16-mixed,CosineAnneal,20.0,2.0,False,100.0,True,True,0.0,gpu,0.2,2.0,16.0,val,False,,0.0,False,0.01,/mnt/hanoverlimitedwus2/scratch/t-jiachentu/nnssl_data/nnssl_preprocessed/Dataset006_BraTS18,False,0.0001,4.0,False,0.0,True,False,full,False,0.2,2.0,False,batchgenerators.get_training_transforms,10.0,False,False,lgg_vs_hgg,False,power,3.0,False,1.0,False,epochwise,,/mnt/hanoverlimitedwus2/mri/scratch/t-jiachentu/nnssl_data/nnssl_results/continued_pretraining/Dataset005_OpenMind/VoCoContTrainer__nnsslPlans__onemmiso/fold_all/checkpoint_best.pth,,0.2,0.8138190507888794,0.8285714387893677,0.5880952477455139,0.5894736647605896,0.5576521158218384,0.9963855743408204,0.9970017671585084,0.9777777791023254,0.9846993684768676,0.3573503792285919,0.7549635171890259,0.8079364895820618,0.6571428775787354,0.634615421295166,0.6950632333755493,12140.0,617.0,1755178887.6565268,100.0,3.854818796385494e-08,8600.0,,,,,,,,,,,,,
7244833456.80040-4568bc10-a4fb,resenc_pretrained_multi_flair_t1_t1ce_t2_2025-08-14_11-06-16,finished,2025-08-14T10:35:16Z,https://microsoft-research.wandb.io/t-jiachentu/july_stratified_brats18_lgg_vs_hgg_multi_flair_t1_t1ce_t2/runs/7244833456.80040-4568bc10-a4fb,,b69effee-3622-41f4-b68a-1dd5b9e26e36,t-jiachentu,False,0,Classification,100.0,False,ResEncoder_Classifier,100.0,False,1.0,multiclass,False,auto,False,3.0,AdamW,16-mixed,CosineAnneal,20.0,2.0,False,100.0,True,True,0.0,gpu,0.2,2.0,16.0,val,False,,0.0,False,0.01,/mnt/hanoverlimitedwus2/scratch/t-jiachentu/nnssl_data/nnssl_preprocessed/Dataset006_BraTS18,False,0.0001,4.0,False,0.0,True,False,full,False,0.2,2.0,False,batchgenerators.get_training_transforms,10.0,False,False,lgg_vs_hgg,False,power,3.0,False,1.0,False,epochwise,,/mnt/hanoverlimitedwus2/mri/scratch/t-jiachentu/nnssl_data/nnssl_results/continued_pretraining/Dataset005_OpenMind/VolumeFusionContTrainer__nnsslPlans__onemmiso/fold_all/checkpoint_best.pth,,0.2,0.7580716609954834,0.7809523344039917,0.5214285850524902,0.4815039336681366,0.6821234226226807,0.9945498704910278,0.9966490268707277,0.9547618627548218,0.9547618627548218,0.36898621916770935,0.6348626613616943,0.6619047522544861,0.6761904954910278,0.6230158805847168,0.9327816367149352,9719.0,511.0,1755178935.436308,100.0,3.854818796385494e-08,8600.0,,,,,,,,,,,,,
7244797109.54083-0bed3b73-9c76,brainiac_pretrained_multi_flair_t1_t1ce_t2_2025-08-14_20-28-55,failed,2025-08-14T20:29:21Z,https://microsoft-research.wandb.io/t-jiachentu/july_stratified_brats18_lgg_vs_hgg_multi_flair_t1_t1ce_t2/runs/7244797109.54083-0bed3b73-9c76,,1e8fffae-5c8e-4990-b75d-ca378a70ad1b,t-jiachentu,False,0,Classification,200.0,False,brainiac,200.0,False,1.0,multiclass,False,auto,False,3.0,AdamW,16-mixed,CosineAnneal,20.0,4.0,False,200.0,True,True,0.0,gpu,0.2,2.0,16.0,val,False,0.2,0.0,False,0.01,/mnt/hanoverlimitedwus2/scratch/t-jiachentu/nnssl_data/nnssl_preprocessed/Dataset006_BraTS18,False,5e-05,4.0,False,0.0,True,False,full,False,0.2,4.0,False,batchgenerators.get_training_transforms,10.0,False,False,lgg_vs_hgg,False,power,3.0,False,1.0,False,epochwise,cls_token,/mnt/hanoverlimitedwus2/scratch/t-jiachentu/nnssl_data/pretrained_ckpts/BrainIAC/BrainIAC.ckpt,True,0.0,,,,,,,,,,,,,,,,53.0,0.0,1755203389.860911,,2.380952380952381e-06,0.0,,,,,,,,,,,,,
7244797255.58018-cc9ce417-5c78,dinov2_pretrained_multi_flair_t1_t1ce_t2_2025-08-14_20-30-56,failed,2025-08-14T20:31:54Z,https://microsoft-research.wandb.io/t-jiachentu/july_stratified_brats18_lgg_vs_hgg_multi_flair_t1_t1ce_t2/runs/7244797255.58018-cc9ce417-5c78,,8dca5933-a3b8-4891-8036-f93c693850c3,t-jiachentu,False,0,Classification,200.0,False,dinov2,50.0,False,1.0,multiclass,False,auto,False,3.0,AdamW,16-mixed,CosineAnneal,20.0,4.0,False,200.0,True,True,0.0,gpu,0.2,2.0,16.0,val,False,,0.0,False,0.01,/mnt/hanoverlimitedwus2/scratch/t-jiachentu/nnssl_data/nnssl_preprocessed/Dataset006_BraTS18,False,5e-05,4.0,False,0.0,True,False,full,False,0.2,4.0,False,batchgenerators.get_training_transforms,10.0,False,False,lgg_vs_hgg,False,power,3.0,False,1.0,False,epochwise,mean,,True,0.5,,,,,,,,,,,,,,,,168.0,0.0,1755203645.719969,,2.380952380952381e-06,0.0,facebook/dinov2-base,mean,,,,,,,,,,,
7244797006.96609-2a1fef6a-761e,brainmvp_pretrained_multi_flair_t1_t1ce_t2_2025-08-14_20-32-14,finished,2025-08-14T20:32:42Z,https://microsoft-research.wandb.io/t-jiachentu/july_stratified_brats18_lgg_vs_hgg_multi_flair_t1_t1ce_t2/runs/7244797006.96609-2a1fef6a-761e,,6af12882-1e85-4e02-acb6-d1f4a25f5c6d,t-jiachentu,False,0,Classification,200.0,False,brainmvp,200.0,False,1.0,multiclass,False,auto,False,3.0,AdamW,16-mixed,CosineAnneal,20.0,4.0,False,200.0,True,True,0.0,gpu,0.2,2.0,16.0,val,False,0.2,0.0,False,0.01,/mnt/hanoverlimitedwus2/scratch/t-jiachentu/nnssl_data/nnssl_preprocessed/Dataset006_BraTS18,False,5e-05,4.0,False,0.0,True,False,full,False,0.2,4.0,False,batchgenerators.get_training_transforms,10.0,False,False,lgg_vs_hgg,False,power,3.0,False,1.0,True,epochwise,cls_token,/mnt/hanoverlimitedwus2/scratch/t-jiachentu/nnssl_data/pretrained_ckpts/BrainMVP/BrainMVP_unet.pt,True,0.0,0.6495076417922974,0.6761904954910278,0.5476190447807312,0.3075447678565979,1.8535802364349363,0.9724627733230592,0.9830687642097472,0.9317460060119628,0.9256521463394164,0.3932621777057648,0.5595351457595825,0.5507936477661133,0.6095238327980042,0.5763513445854187,0.8000145554542542,8152.0,1000.0,1755211715.6614718,200.0,3.8076210902182585e-09,8600.0,,,,,,,,,,,,,
7244797232.48425-106e009a-2901,mri_core_pretrained_multi_flair_t1_t1ce_t2_2025-08-14_20-32-16,failed,2025-08-14T20:33:27Z,https://microsoft-research.wandb.io/t-jiachentu/july_stratified_brats18_lgg_vs_hgg_multi_flair_t1_t1ce_t2/runs/7244797232.48425-106e009a-2901,,bffb1c06-3483-467e-9e31-d388bc936774,t-jiachentu,False,0,Classification,200.0,False,MRICore,200.0,False,1.0,multiclass,False,auto,False,3.0,AdamW,16-mixed,CosineAnneal,20.0,4.0,False,200.0,False,True,0.0,gpu,0.2,2.0,16.0,val,False,,0.0,False,0.01,/mnt/hanoverlimitedwus2/scratch/t-jiachentu/nnssl_data/nnssl_preprocessed/Dataset006_BraTS18,False,5e-05,4.0,False,0.0,True,False,full,False,0.2,4.0,False,batchgenerators.get_training_transforms,10.0,False,False,lgg_vs_hgg,False,power,3.0,False,1.0,False,epochwise,mean,/mnt/hanoverlimitedwus2/scratch/t-jiachentu/nnssl_data/pretrained_ckpts/mri_core/mri_core_checkpoint.pth,,0.5,,,,,,,,,,,,,,,,164.0,0.0,1755203741.7804344,,2.380952380952381e-06,0.0,,mean,12.0,768.0,4.0,12.0,512.0,224.0,16.0,False,,,
7244792777.46903-0d27fd38-ebd3,brainiac_scratch_multi_flair_t1_t1ce_t2_2025-08-14_21-40-00,finished,2025-08-14T21:40:26Z,https://microsoft-research.wandb.io/t-jiachentu/july_stratified_brats18_lgg_vs_hgg_multi_flair_t1_t1ce_t2/runs/7244792777.46903-0d27fd38-ebd3,,07a09fe6-20fb-4b29-a34e-c2a8b0bb4b30,t-jiachentu,False,0,Classification,200.0,False,brainiac,200.0,False,1.0,multiclass,False,auto,False,3.0,AdamW,16-mixed,CosineAnneal,20.0,1.0,False,200.0,False,True,0.0,gpu,0.2,2.0,16.0,val,False,0.2,0.0,False,0.01,/mnt/hanoverlimitedwus2/scratch/t-jiachentu/nnssl_data/nnssl_preprocessed/Dataset006_BraTS18,False,5e-05,4.0,False,0.0,True,False,full,False,0.2,1.0,False,batchgenerators.get_training_transforms,10.0,False,False,lgg_vs_hgg,False,power,3.0,False,1.0,False,epochwise,cls_token,,True,0.0,0.6995344161987305,0.7730158567428589,0.711904764175415,0.6687179803848267,0.6313009858131409,0.9965625405311584,0.9977072477340698,0.969841241836548,0.969841241836548,0.37315690517425537,0.4783209562301636,0.4317460060119629,0.4952380955219269,0.482560932636261,1.0639793872833252,62861.0,1000.0,1755270492.1150267,200.0,3.8076210902182585e-09,34200.0,,,,,,,,,,,,,
7244792731.15143-096a1431-3f4a,brainiac_pretrained_multi_flair_t1_t1ce_t2_2025-08-14_21-41-19,finished,2025-08-14T21:41:44Z,https://microsoft-research.wandb.io/t-jiachentu/july_stratified_brats18_lgg_vs_hgg_multi_flair_t1_t1ce_t2/runs/7244792731.15143-096a1431-3f4a,,2ec895e0-b17f-4929-9be1-2f498bae9b86,t-jiachentu,False,0,Classification,200.0,False,brainiac,200.0,False,1.0,multiclass,False,auto,False,3.0,AdamW,16-mixed,CosineAnneal,20.0,1.0,False,200.0,True,True,0.0,gpu,0.2,2.0,16.0,val,False,0.2,0.0,False,0.01,/mnt/hanoverlimitedwus2/scratch/t-jiachentu/nnssl_data/nnssl_preprocessed/Dataset006_BraTS18,False,5e-05,4.0,False,0.0,True,False,full,False,0.2,1.0,False,batchgenerators.get_training_transforms,10.0,False,False,lgg_vs_hgg,False,power,3.0,False,1.0,False,epochwise,cls_token,/mnt/hanoverlimitedwus2/scratch/t-jiachentu/nnssl_data/pretrained_ckpts/BrainIAC/BrainIAC.ckpt,True,0.0,0.6737238168716431,0.6761904954910278,0.5,0.42424243688583374,1.1163671016693115,1.0,1.0,1.0,1.0,0.33585354685783386,0.6133298873901367,0.620634913444519,0.49761903285980225,0.4631578922271729,0.6940856575965881,63101.0,1000.0,1755270806.7437296,200.0,3.8076210902182585e-09,34200.0,,,,,,,,,,,,,
7244786780.82541-5b80c729-0c54,resenc_scratch_multi_flair_t1_t1ce_t2_2025-08-14_23-20-43,finished,2025-08-14T23:21:10Z,https://microsoft-research.wandb.io/t-jiachentu/july_stratified_brats18_lgg_vs_hgg_multi_flair_t1_t1ce_t2/runs/7244786780.82541-5b80c729-0c54,,8da099c4-bc2d-43a1-bac0-29478eaf786f,t-jiachentu,False,0,Classification,200.0,False,ResEncoder_Classifier,200.0,False,1.0,multiclass,False,auto,False,3.0,AdamW,16-mixed,CosineAnneal,20.0,4.0,False,200.0,False,True,0.0,gpu,0.2,2.0,16.0,val,False,,0.0,False,0.01,/mnt/hanoverlimitedwus2/scratch/t-jiachentu/nnssl_data/nnssl_preprocessed/Dataset006_BraTS18,False,0.0001,4.0,False,0.0,True,False,full,False,0.2,4.0,False,batchgenerators.get_training_transforms,10.0,False,False,lgg_vs_hgg,False,power,3.0,False,1.0,False,epochwise,,,,0.2,0.5635740756988525,0.4801587462425232,0.5,0.42424243688583374,0.6183996200561523,0.997837781906128,0.998589038848877,0.9769841432571412,0.9702608585357666,0.3554750978946686,0.5915518999099731,0.5992063283920288,0.5595238208770752,0.4962121248245239,1.0183192491531372,13740.0,1000.0,1755227412.8067768,200.0,7.615242180436517e-09,8600.0,,,,,,,,,,,,,
7244782787.15651-f3139745-822f,brainmvp_pretrained_multi_flair_t1_t1ce_t2_2025-08-15_00-23-47,finished,2025-08-15T00:24:13Z,https://microsoft-research.wandb.io/t-jiachentu/july_stratified_brats18_lgg_vs_hgg_multi_flair_t1_t1ce_t2/runs/7244782787.15651-f3139745-822f,,9c26693a-d819-4123-864d-b5e95f95ee3b,t-jiachentu,False,0,Classification,200.0,False,brainmvp,200.0,False,1.0,multiclass,False,auto,False,3.0,AdamW,16-mixed,CosineAnneal,20.0,4.0,False,200.0,True,True,0.0,gpu,0.2,2.0,16.0,val,False,0.2,0.0,False,0.01,/mnt/hanoverlimitedwus2/scratch/t-jiachentu/nnssl_data/nnssl_preprocessed/Dataset006_BraTS18,False,0.0001,4.0,False,0.0,True,False,full,False,0.2,4.0,False,batchgenerators.get_training_transforms,10.0,False,False,lgg_vs_hgg,False,power,3.0,False,1.0,True,epochwise,cls_token,/mnt/hanoverlimitedwus2/scratch/t-jiachentu/nnssl_data/pretrained_ckpts/BrainMVP/BrainMVP_unet.pt,True,0.0,0.5288755893707275,0.5182539224624634,0.5,0.42424243688583374,0.7163073420524597,0.9504613280296326,0.971781313419342,0.9246031641960144,0.9246031641960144,0.40615081787109375,0.5080348253250122,0.485714316368103,0.5214285850524902,0.4203389883041382,0.9683996438980104,16026.0,1000.0,1755233479.9441876,200.0,7.615242180436517e-09,8600.0,,,,,,,,,,,,,
7244782367.44742-8ece3946-6577,resenc_time_conditioned_pretrained_multi_flair_t1_t1ce_t2_2025-08-15_03-35-03,finished,2025-08-15T00:30:20Z,https://microsoft-research.wandb.io/t-jiachentu/july_stratified_brats18_lgg_vs_hgg_multi_flair_t1_t1ce_t2/runs/7244782367.44742-8ece3946-6577,,6be4a00f-9c66-47d6-8836-666c8a3fd63c,t-jiachentu,False,0,Classification,200.0,False,ResEncTimeConditioned,200.0,False,1.0,multiclass,False,auto,False,3.0,AdamW,16-mixed,CosineAnneal,20.0,4.0,False,200.0,True,True,0.0,gpu,0.2,2.0,16.0,val,False,,0.0,False,0.01,/mnt/hanoverlimitedwus2/scratch/t-jiachentu/nnssl_data/nnssl_preprocessed/Dataset006_BraTS18,False,0.0001,4.0,False,0.0,True,False,full,False,0.2,4.0,False,batchgenerators.get_training_transforms,10.0,False,False,lgg_vs_hgg,False,power,3.0,False,1.0,False,epochwise,cls_token,/mnt/hanoverlimitedwus2/mri/scratch/t-jiachentu/nnssl_data/nnssl_results/MDAE/Openmind/0705/Dataset005_OpenMind/NoiseConditionedMDAETrainer_RandomMask_BS32_2000ep__nnsslPlans__onemmiso/fold_all/checkpoint_best.pth,,0.5,0.6415437459945679,0.6634920835494995,0.6666666865348816,0.6297435760498047,0.6848430037498474,0.9794562458992004,0.985537886619568,0.947619080543518,0.954098105430603,0.37568727135658264,0.6506080627441406,0.6761904954910278,0.6666666865348816,0.6297435760498047,0.8377109169960022,35867.0,1451.0,1755254187.7444153,200.0,7.615242180436517e-09,8600.0,,,,,,,,,,False,256.0,0.5,64.0
7244782573.15191-96c970e2-cfd4,resenc_MDAETrainer_RandomMask_Flow_BS48_2000ep_pretrained_multi_flair_t1_t1ce_t2_2025-08-15_03-31-10,finished,2025-08-15T00:32:54Z,https://microsoft-research.wandb.io/t-jiachentu/july_stratified_brats18_lgg_vs_hgg_multi_flair_t1_t1ce_t2/runs/7244782573.15191-96c970e2-cfd4,,dc104b94-daea-415e-9a0e-38ee5c46529f,t-jiachentu,False,0,Classification,200.0,False,ResEncoder_Classifier,200.0,False,1.0,multiclass,False,auto,False,3.0,AdamW,16-mixed,CosineAnneal,20.0,4.0,False,200.0,True,True,0.0,gpu,0.2,2.0,16.0,val,False,,0.0,False,0.01,/mnt/hanoverlimitedwus2/scratch/t-jiachentu/nnssl_data/nnssl_preprocessed/Dataset006_BraTS18,False,0.0001,4.0,False,0.0,True,False,full,False,0.2,4.0,False,batchgenerators.get_training_transforms,10.0,False,False,lgg_vs_hgg,False,power,3.0,False,1.0,False,epochwise,,/mnt/hanoverlimitedwus2/mri/scratch/t-jiachentu/nnssl_data/nnssl_results/MDAE/Openmind/0705/Dataset005_OpenMind/BaseMDAETrainer_RandomMask_Flow_BS48_2000ep__nnsslPlans__onemmiso/fold_all/checkpoint_best.pth,,0.2,0.9155197143554688,0.917460322380066,0.688095211982727,0.7183794975280762,0.4991465806961059,0.9967630505561828,0.9978835582733154,0.9738094806671144,0.9772171974182128,0.3563026189804077,0.755078911781311,0.8206349611282349,0.7452380657196045,0.6918919086456299,0.6853927969932556,28417.0,1461.0,1755246843.6081312,200.0,7.615242180436517e-09,8600.0,,,,,,,,,,,,,
7244782148.86613-83a4d367-f98f,resenc_VoCo_pretrained_multi_flair_t1_t1ce_t2_2025-08-15_00-34-52,finished,2025-08-15T00:35:32Z,https://microsoft-research.wandb.io/t-jiachentu/july_stratified_brats18_lgg_vs_hgg_multi_flair_t1_t1ce_t2/runs/7244782148.86613-83a4d367-f98f,,ed6afaaa-e130-471d-8e80-e1c7222584ce,t-jiachentu,False,0,Classification,200.0,False,ResEncoder_Classifier,200.0,False,1.0,multiclass,False,auto,False,3.0,AdamW,16-mixed,CosineAnneal,20.0,4.0,False,200.0,True,True,0.0,gpu,0.2,2.0,16.0,val,False,,0.0,False,0.01,/mnt/hanoverlimitedwus2/scratch/t-jiachentu/nnssl_data/nnssl_preprocessed/Dataset006_BraTS18,False,0.0001,4.0,False,0.0,True,False,full,False,0.2,4.0,False,batchgenerators.get_training_transforms,10.0,False,False,lgg_vs_hgg,False,power,3.0,False,1.0,False,epochwise,,/mnt/hanoverlimitedwus2/mri/scratch/t-jiachentu/pretrained_ckpts/ResEncL_ckpts/ResEncL-OpenMind-VoCo/checkpoint_final.pth,,0.2,0.7288652658462524,0.7365079522132874,0.6071428656578064,0.615730345249176,0.6303828954696655,1.0,1.0,1.0,1.0,0.3257288336753845,0.7170965671539307,0.7277777791023254,0.711904764175415,0.6687179803848267,0.8402447700500488,19375.0,1000.0,1755237508.3998003,200.0,7.615242180436517e-09,8600.0,,,,,,,,,,,,,
7244798436.26475-c725412d-718a,dinov2_pretrained_multi_flair_t1_t1ce_t2_2025-08-15_10-05-42,failed,2025-08-15T10:07:20Z,https://microsoft-research.wandb.io/t-jiachentu/july_stratified_brats18_lgg_vs_hgg_multi_flair_t1_t1ce_t2/runs/7244798436.26475-c725412d-718a,,f7cbcc66-6c31-47a3-8286-98333ceef670,t-jiachentu,False,0,Classification,200.0,False,dinov2,50.0,False,1.0,multiclass,False,auto,False,3.0,AdamW,16-mixed,CosineAnneal,20.0,4.0,False,200.0,True,True,0.0,gpu,0.2,2.0,16.0,val,False,,0.0,False,0.01,/mnt/hanoverlimitedwus2/scratch/t-jiachentu/nnssl_data/nnssl_preprocessed/Dataset006_BraTS18,False,5e-05,4.0,False,0.0,True,False,full,False,0.2,4.0,False,batchgenerators.get_training_transforms,10.0,False,False,lgg_vs_hgg,False,power,3.0,False,1.0,False,epochwise,mean,,True,0.5,,,,,,,,,,,,,,,,296.0,0.0,1755252687.9312465,,2.380952380952381e-06,0.0,facebook/dinov2-base,mean,,,,,,,,,,,
7244798296.89113-c9b27065-9127,mri_core_pretrained_multi_flair_t1_t1ce_t2_2025-08-15_10-19-12,failed,2025-08-15T10:20:49Z,https://microsoft-research.wandb.io/t-jiachentu/july_stratified_brats18_lgg_vs_hgg_multi_flair_t1_t1ce_t2/runs/7244798296.89113-c9b27065-9127,,c3d63083-ff7e-485a-9bb6-2a1e3f5be156,t-jiachentu,False,0,Classification,200.0,False,MRICore,200.0,False,1.0,multiclass,False,auto,False,3.0,AdamW,16-mixed,CosineAnneal,20.0,4.0,False,200.0,False,True,0.0,gpu,0.2,2.0,16.0,val,False,,0.0,False,0.01,/mnt/hanoverlimitedwus2/scratch/t-jiachentu/nnssl_data/nnssl_preprocessed/Dataset006_BraTS18,False,5e-05,4.0,False,0.0,True,False,full,False,0.2,4.0,False,batchgenerators.get_training_transforms,10.0,False,False,lgg_vs_hgg,False,power,3.0,False,1.0,False,epochwise,mean,/mnt/hanoverlimitedwus2/scratch/t-jiachentu/nnssl_data/pretrained_ckpts/mri_core/mri_core_checkpoint.pth,,0.5,,,,,,,,,,,,,,,,312.0,0.0,1755253515.14655,,2.380952380952381e-06,0.0,,mean,12.0,768.0,4.0,12.0,512.0,224.0,16.0,False,,,
7244793881.73001-4b8ed873-56da,mri_core_pretrained_multi_flair_t1_t1ce_t2_2025-08-16_03-33-37,crashed,2025-08-15T10:26:20Z,https://microsoft-research.wandb.io/t-jiachentu/july_stratified_brats18_lgg_vs_hgg_multi_flair_t1_t1ce_t2/runs/7244793881.73001-4b8ed873-56da,,1f92e499-9f84-470a-8fc4-bf19c1123d9a,t-jiachentu,False,0,Classification,200.0,False,MRICore,200.0,False,1.0,multiclass,False,auto,False,3.0,AdamW,16-mixed,CosineAnneal,20.0,1.0,False,200.0,False,True,0.0,gpu,0.2,2.0,16.0,val,False,,0.0,False,0.01,/mnt/hanoverlimitedwus2/scratch/t-jiachentu/nnssl_data/nnssl_preprocessed/Dataset006_BraTS18,False,5e-05,4.0,False,0.0,True,False,full,False,0.2,1.0,False,batchgenerators.get_training_transforms,10.0,False,False,lgg_vs_hgg,False,power,3.0,False,1.0,False,epochwise,mean,/mnt/hanoverlimitedwus2/scratch/t-jiachentu/nnssl_data/pretrained_ckpts/mri_core/mri_core_checkpoint.pth,,0.5,,,,,,0.6837899088859558,0.6661375761032104,0.605555534362793,0.6155575513839722,0.5932440757751465,0.6566053032875061,0.605555534362793,0.6333333253860474,0.6526315808296204,0.6096293330192566,18021.396141623,295.0,1755302424.7051475,23.0,4.996573836886435e-05,4103.0,,mean,12.0,768.0,4.0,12.0,512.0,224.0,16.0,False,,,
