run_id,run_name,state,created_at,url,tags,group,user,config_sam,config_fold,config_task,config_T_max,config_mixup,config_model,config_epochs,config_compile,config_devices,config_subtask,config_nesterov,config_strategy,config_benchmark,config_input_dim,config_optimizer,config_precision,config_scheduler,config_warmstart,config_batch_size,config_cifar_size,config_max_epochs,config_pretrained,config_save_preds,config_warmstart2,config_accelerator,config_mixup_alpha,config_num_classes,config_num_workers,config_result_plot,config_adaptive_sam,config_modality_idx,config_undecay_norm,config_weight_decay,config_data_root_dir,config_deterministic,config_learning_rate,config_input_channels,config_random_batches,config_resnet_dropout,config_sync_batchnorm,config_apply_shakedrop,config_finetune_method,config_freeze_backbone,config_label_smoothing,config_final_batch_size,config_stochastic_depth,config_train_transforms,config_log_every_n_steps,config_squeeze_excitation,config_zero_init_residual,config_classification_task,config_use_single_modality,config_auto_batch_size_mode,config_auto_batch_size_steps,config_prepare_data_per_node,config_accumulate_grad_batches,config_auto_batch_size_enabled,config_metric_computation_mode,config_pretrained_checkpoint_path,config_classification_head_dropout,metric_Test/AP,metric_Test/AUROC,metric_Test/Balanced_Accuracy,metric_Test/F1,metric_Test/loss,metric_Train/AP,metric_Train/AUROC,metric_Train/Balanced_Accuracy,metric_Train/F1,metric_Train/loss,metric_Val/AP,metric_Val/AUROC,metric_Val/Balanced_Accuracy,metric_Val/F1,metric_Val/loss,metric__runtime,metric__step,metric__timestamp,metric_epoch,metric_lr-AdamW,metric_trainer/global_step,config_time_dim,config_dropout_rate,config_freeze_encoder,config_learned_sinusoidal_dim,config_token_aggregation_method,config_dropout_prob,config_use_brainiac_preprocessing,config_depth,config_embed_dim,config_mlp_ratio,config_num_heads,config_hidden_dim,config_image_size,config_patch_size,config_slice_aggregation,config_dinov2_model_name,config_chpt_path,config_attn_drop_rate,config_drop_path_rate,config_load_cls_token,config_num_reg_tokens,config_proj_drop_rate,config_drop_path_scale,config_patch_drop_rate,config_use_abs_pos_emb,config_use_rot_pos_emb,config_cls_token_available,config_pretraining_input_shape_mismatch
7245977358.16990-a1fb824a-23ee,resenc_MDAETrainer_RandomMask_Flow_BS48_2000ep_pretrained_t1_2025-08-01_04-41-03,finished,2025-08-01T04:41:39Z,https://microsoft-research.wandb.io/t-jiachentu/july_stratified_upenn_gbm_age_group_single_t1/runs/7245977358.16990-a1fb824a-23ee,,97219bec-e91b-405d-8693-749abe5fa035,t-jiachentu,False,0,Classification,200,False,ResEncoder_Classifier,200,False,1,multiclass,False,auto,False,3,AdamW,16-mixed,CosineAnneal,20,4,False,200,True,True,0,gpu,0.2,2,16,val,False,0,False,0.01,/mnt/hanoverlimitedwus2/scratch/t-jiachentu/nnssl_data/nnssl_preprocessed/Dataset004_UPENN_GBM,False,2e-05,1,False,0,True,False,full,False,0.2,8,False,batchgenerators.get_training_transforms,10,False,False,age_group,True,power,3,False,1,True,epochwise,/mnt/hanoverlimitedwus2/mri/scratch/t-jiachentu/nnssl_data/nnssl_results/MDAE/Openmind/0705/Dataset005_OpenMind/BaseMDAETrainer_RandomMask_Flow_BS48_2000ep__nnsslPlans__onemmiso/fold_all/checkpoint_best.pth,0.2,0.8418452739715576,0.8425925970077515,0.7780671119689941,0.7780671119689941,0.5620226263999939,0.9814525842666626,0.9807749390602112,0.9247757196426392,0.9251644611358644,0.4095565378665924,0.7651033401489258,0.7777777910232544,0.7037037014961243,0.7007672786712646,0.7026217579841614,22416,1000,1754045715.033243,200,1.5230484360873043e-09,8800,,,,,,,,,,,,,,,,,,,,,,,,,,,,
7245976549.85969-23ff8b0c-c478,resenc_time_conditioned_pretrained_t1_2025-08-01_05-54-57,finished,2025-08-01T04:50:46Z,https://microsoft-research.wandb.io/t-jiachentu/july_stratified_upenn_gbm_age_group_single_t1/runs/7245976549.85969-23ff8b0c-c478,,1b4aaa55-6d7d-4d0c-b92f-4f8506dc9932,t-jiachentu,False,0,Classification,200,False,ResEncTimeConditioned,200,False,1,multiclass,False,auto,False,3,AdamW,16-mixed,CosineAnneal,20,4,False,200,True,True,0,gpu,0.2,2,16,val,False,0,False,0.01,/mnt/hanoverlimitedwus2/scratch/t-jiachentu/nnssl_data/nnssl_preprocessed/Dataset004_UPENN_GBM,False,2e-05,1,False,0,True,False,full,False,0.2,4,False,batchgenerators.get_training_transforms,10,False,False,age_group,True,power,3,False,1,True,epochwise,/mnt/hanoverlimitedwus2/mri/scratch/t-jiachentu/nnssl_data/nnssl_results/MDAE/Openmind/0705/Dataset005_OpenMind/NoiseConditionedMDAETrainer_RandomMask_BS32_2000ep__nnsslPlans__onemmiso/fold_all/checkpoint_best.pth,0.5,0.8099119663238525,0.8363715410232544,0.7517361044883728,0.752082884311676,0.5851112604141235,0.9305257201194764,0.9353248476982116,0.8743961453437805,0.8736917972564697,0.4739789366722107,0.767043948173523,0.7933568358421326,0.7195767164230347,0.7205970287322998,0.6607640981674194,23612,1096,1754048012.2089293,200,1.5230484360873043e-09,17600,256.0,0.5,False,64.0,cls_token,,,,,,,,,,,,,,,,,,,,,,,
7245974759.37008-f4c97b83-a892,resenc_MDAETrainer_RandomMask_Flow_BS48_2000ep_pretrained_t1_2025-08-01_05-56-45,finished,2025-08-01T05:25:17Z,https://microsoft-research.wandb.io/t-jiachentu/july_stratified_upenn_gbm_age_group_single_t1/runs/7245974759.37008-f4c97b83-a892,,451ad747-e363-44b7-b58f-2f2c875eb722,t-jiachentu,False,0,Classification,200,False,ResEncoder_Classifier,200,False,1,multiclass,False,auto,False,3,AdamW,16-mixed,CosineAnneal,20,1,False,200,True,True,0,gpu,0.2,2,16,val,False,0,False,0.01,/mnt/hanoverlimitedwus2/scratch/t-jiachentu/nnssl_data/nnssl_preprocessed/Dataset004_UPENN_GBM,False,2e-05,1,False,0,True,False,full,False,0.2,1,False,batchgenerators.get_training_transforms,10,False,False,age_group,True,power,3,False,1,False,epochwise,/mnt/hanoverlimitedwus2/mri/scratch/t-jiachentu/nnssl_data/nnssl_results/MDAE/Openmind/0705/Dataset005_OpenMind/BaseMDAETrainer_RandomMask_Flow_BS48_2000ep__nnsslPlans__onemmiso/fold_all/checkpoint_best.pth,0.2,0.8470090627670288,0.8431712985038757,0.7424768209457397,0.743105947971344,0.567880392074585,0.9028228521347046,0.908146858215332,0.8207959532737732,0.8213638663291931,0.5142914652824402,0.7863236665725708,0.7801293134689331,0.7037037014961243,0.7045454978942871,0.6581019759178162,22309,1036,1754048890.9094634,200,1.5230484360873043e-09,70000,,,,,,,,,,,,,,,,,,,,,,,,,,,,
7245973916.23625-2b63da4c-2ced,resenc_time_conditioned_pretrained_t1_2025-08-01_06-02-54,finished,2025-08-01T05:36:42Z,https://microsoft-research.wandb.io/t-jiachentu/july_stratified_upenn_gbm_age_group_single_t1/runs/7245973916.23625-2b63da4c-2ced,,3faa5266-eeca-44fe-81be-544bc46fcd09,t-jiachentu,False,0,Classification,200,False,ResEncTimeConditioned,200,False,1,multiclass,False,auto,False,3,AdamW,16-mixed,CosineAnneal,20,1,False,200,True,True,0,gpu,0.2,2,16,val,False,0,False,0.01,/mnt/hanoverlimitedwus2/scratch/t-jiachentu/nnssl_data/nnssl_preprocessed/Dataset004_UPENN_GBM,False,2e-05,1,False,0,True,False,full,False,0.2,1,False,batchgenerators.get_training_transforms,10,False,False,age_group,True,power,3,False,1,False,epochwise,/mnt/hanoverlimitedwus2/mri/scratch/t-jiachentu/nnssl_data/nnssl_results/MDAE/Openmind/0705/Dataset005_OpenMind/NoiseConditionedMDAETrainer_RandomMask_BS32_2000ep__nnsslPlans__onemmiso/fold_all/checkpoint_best.pth,0.5,0.6839938163757324,0.6866319179534912,0.6536458730697632,0.6519174575805664,0.6625555753707886,0.8477597236633301,0.861743688583374,0.7960662841796875,0.795928418636322,0.5544901490211487,0.7128329277038574,0.7228100895881653,0.6640211343765259,0.6642137169837952,0.6701072454452515,24278,1006,1754051935.885286,200,1.5230484360873043e-09,70000,256.0,0.5,False,64.0,cls_token,,,,,,,,,,,,,,,,,,,,,,,
7245973053.53506-21848999-e7fa,brainiac_pretrained_t1_2025-08-01_05-53-38,finished,2025-08-01T05:54:00Z,https://microsoft-research.wandb.io/t-jiachentu/july_stratified_upenn_gbm_age_group_single_t1/runs/7245973053.53506-21848999-e7fa,,53750333-742e-46fe-8c00-53e2210d341d,t-jiachentu,False,0,Classification,100,False,brainiac,100,False,1,multiclass,False,auto,False,3,AdamW,16-mixed,CosineAnneal,20,1,False,100,True,True,0,gpu,0.2,2,16,val,False,0,False,0.01,/mnt/hanoverlimitedwus2/scratch/t-jiachentu/nnssl_data/nnssl_preprocessed/Dataset004_UPENN_GBM,False,0.0001,1,False,0,True,False,full,False,0.2,1,False,batchgenerators.get_training_transforms,10,False,False,age_group,True,power,3,False,1,False,epochwise,/mnt/hanoverlimitedwus2/scratch/t-jiachentu/nnssl_data/pretrained_ckpts/BrainIAC/BrainIAC.ckpt,0.0,0.48220404982566833,0.42780670523643494,0.5,0.35164836049079895,0.697820782661438,0.653896689414978,0.6572020053863525,0.6197377443313599,0.6170302629470825,0.6658881902694702,0.5880364179611206,0.6184597015380859,0.4986772537231446,0.32899409532546997,0.7057638168334961,9612,500,1754037251.022004,100,3.854818796385494e-08,35000,,,,,cls_token,0.2,True,,,,,,,,,,,,,,,,,,,,,
7245972223.70574-d6e3b27b-32c8,mri_core_pretrained_t1_2025-08-01_06-12-59,finished,2025-08-01T06:13:30Z,https://microsoft-research.wandb.io/t-jiachentu/july_stratified_upenn_gbm_age_group_single_t1/runs/7245972223.70574-d6e3b27b-32c8,,c18cce43-991e-4b8e-b513-4e6e8599b0bb,t-jiachentu,False,0,Classification,100,False,MRICore,100,False,1,multiclass,False,auto,False,3,AdamW,16-mixed,CosineAnneal,20,1,False,100,False,True,0,gpu,0.2,2,16,val,False,0,False,0.01,/mnt/hanoverlimitedwus2/scratch/t-jiachentu/nnssl_data/nnssl_preprocessed/Dataset004_UPENN_GBM,False,0.0001,1,False,0,True,False,full,False,0.2,2,False,batchgenerators.get_training_transforms,10,False,False,age_group,True,power,3,False,1,True,epochwise,/mnt/hanoverlimitedwus2/scratch/t-jiachentu/nnssl_data/pretrained_ckpts/mri_core/mri_core_checkpoint.pth,0.5,0.5634536743164062,0.5800057649612427,0.5,0.35164836049079895,0.6908000111579895,0.4360652565956116,0.3900719881057739,0.4658385217189789,0.3840000033378601,0.7003170847892761,0.5868902802467346,0.6152263283729553,0.5,0.3499999940395355,0.691256046295166,18528,500,1754047338.2217574,100,3.854818796385494e-08,17500,,,False,,mean,,,12.0,768.0,4.0,12.0,512.0,224.0,16.0,mean,,,,,,,,,,,,,
7245971413.93456-4acc877d-ccaa,brainmvp_pretrained_t1_2025-08-01_06-16-56,finished,2025-08-01T06:17:21Z,https://microsoft-research.wandb.io/t-jiachentu/july_stratified_upenn_gbm_age_group_single_t1/runs/7245971413.93456-4acc877d-ccaa,,2eeb167b-2d3b-4fb1-ac01-088dbc46ae52,t-jiachentu,False,0,Classification,100,False,brainmvp,100,False,1,multiclass,False,auto,False,3,AdamW,16-mixed,CosineAnneal,20,1,False,100,True,True,0,gpu,0.2,2,16,val,False,0,False,0.01,/mnt/hanoverlimitedwus2/scratch/t-jiachentu/nnssl_data/nnssl_preprocessed/Dataset004_UPENN_GBM,False,0.0001,1,False,0,True,False,full,False,0.2,4,False,batchgenerators.get_training_transforms,10,False,False,age_group,True,power,3,False,1,True,epochwise,/mnt/hanoverlimitedwus2/scratch/t-jiachentu/nnssl_data/pretrained_ckpts/BrainMVP/BrainMVP_unet.pt,0.0,0.5779271125793457,0.5717592239379883,0.5610532760620117,0.44878214597702026,0.6939440369606018,0.6078966856002808,0.6153340339660645,0.5545203685760498,0.5466282367706299,0.6789171099662781,0.5328491926193237,0.5205761194229126,0.4907407462596894,0.3117647171020508,0.7725201845169067,8388,500,1754037428.8093617,100,3.854818796385494e-08,8800,,,,,cls_token,0.2,True,,,,,,,,,,,,,,,,,,,,,
7245970618.79065-a9deb28d-fdf8,resenc_time_conditioned_pretrained_t1_2025-08-01_06-37-19,finished,2025-08-01T06:38:02Z,https://microsoft-research.wandb.io/t-jiachentu/july_stratified_upenn_gbm_age_group_single_t1/runs/7245970618.79065-a9deb28d-fdf8,,bd110078-57a7-42bb-8439-75a32fcb2183,t-jiachentu,False,0,Classification,200,False,ResEncTimeConditioned,200,False,1,multiclass,False,auto,False,3,AdamW,16-mixed,CosineAnneal,20,4,False,200,True,True,0,gpu,0.2,2,16,val,False,0,False,0.01,/mnt/hanoverlimitedwus2/scratch/t-jiachentu/nnssl_data/nnssl_preprocessed/Dataset004_UPENN_GBM,False,0.0001,1,False,0,True,False,full,False,0.2,4,False,batchgenerators.get_training_transforms,10,False,False,age_group,True,power,3,False,1,True,epochwise,/mnt/hanoverlimitedwus2/mri/scratch/t-jiachentu/nnssl_data/nnssl_results/MDAE/Openmind/0705/Dataset005_OpenMind/NoiseConditionedMDAETrainer_RandomMask_BS32_2000ep__nnsslPlans__onemmiso/fold_all/checkpoint_best.pth,0.5,0.6687994003295898,0.7120949029922485,0.5,0.35164836049079895,0.6906366348266602,0.6754323244094849,0.6737487316131592,0.626524031162262,0.626794695854187,0.6618469953536987,0.6887891292572021,0.6935626268386841,0.6296296119689941,0.6080547571182251,0.659111738204956,25995,1000,1754056265.756636,200,7.615242180436517e-09,17600,256.0,0.5,False,64.0,cls_token,,,,,,,,,,,,,,,,,,,,,,,
7245969784.54105-0ec7da4b-0dec,dinov2_pretrained_t1_2025-08-01_06-53-11,finished,2025-08-01T06:53:34Z,https://microsoft-research.wandb.io/t-jiachentu/july_stratified_upenn_gbm_age_group_single_t1/runs/7245969784.54105-0ec7da4b-0dec,,48cee6dc-68f3-4a8a-85f6-cc2086efc309,t-jiachentu,False,0,Classification,100,False,dinov2,50,False,1,multiclass,False,auto,False,3,AdamW,16-mixed,CosineAnneal,20,1,False,100,True,True,0,gpu,0.2,2,16,val,False,0,False,0.01,/mnt/hanoverlimitedwus2/scratch/t-jiachentu/nnssl_data/nnssl_preprocessed/Dataset004_UPENN_GBM,False,0.0001,1,False,0,True,False,full,False,0.2,2,False,batchgenerators.get_training_transforms,10,False,False,age_group,True,power,3,False,1,True,epochwise,,0.5,0.5921359062194824,0.5959201455116272,0.5,0.35164836049079895,0.6973397731781006,0.5179538130760193,0.4979296326637268,0.5386473536491394,0.5035184621810913,0.6920585632324219,0.5580735206604004,0.5443856716156006,0.5,0.31578946113586426,0.6939674615859985,14872,500,1754046085.2823222,100,3.854818796385494e-08,17500,,,,,mean,,True,,,,,,,,mean,facebook/dinov2-base,,,,,,,,,,,,
7245968972.64771-270d9d98-0aad,resenc_MDAETrainer_RandomMask_Flow_BS48_2000ep_pretrained_t1_2025-08-01_07-50-00,finished,2025-08-01T07:50:35Z,https://microsoft-research.wandb.io/t-jiachentu/july_stratified_upenn_gbm_age_group_single_t1/runs/7245968972.64771-270d9d98-0aad,,813b50dd-2d7d-451e-94f6-cbb364df28fe,t-jiachentu,False,0,Classification,200,False,ResEncoder_Classifier,200,False,1,multiclass,False,auto,False,3,AdamW,16-mixed,CosineAnneal,20,4,False,200,True,True,0,gpu,0.2,2,16,val,False,0,False,0.01,/mnt/hanoverlimitedwus2/scratch/t-jiachentu/nnssl_data/nnssl_preprocessed/Dataset004_UPENN_GBM,False,0.0001,1,False,0,True,False,full,False,0.2,8,False,batchgenerators.get_training_transforms,10,False,False,age_group,True,power,3,False,1,True,epochwise,/mnt/hanoverlimitedwus2/mri/scratch/t-jiachentu/nnssl_data/nnssl_results/MDAE/Openmind/0705/Dataset005_OpenMind/BaseMDAETrainer_RandomMask_Flow_BS48_2000ep__nnsslPlans__onemmiso/fold_all/checkpoint_best.pth,0.2,0.79371178150177,0.811921238899231,0.7731481790542603,0.7707748413085938,0.5911864638328552,0.9198626279830932,0.9264845848083496,0.863239049911499,0.8643578290939331,0.4911983907222748,0.7791412472724915,0.7933568954467773,0.7182539701461792,0.7172050476074219,0.626307487487793,18649,1000,1754053284.7890997,200,7.615242180436517e-09,8800,,,,,,,,,,,,,,,,,,,,,,,,,,,,
7245918586.65046-b8b89387-e0cd,resenc_pretrained_t1_2025-08-01_21-08-19,finished,2025-08-01T21:09:30Z,https://microsoft-research.wandb.io/t-jiachentu/july_stratified_upenn_gbm_age_group_single_t1/runs/7245918586.65046-b8b89387-e0cd,,114eb9de-32c4-4ff8-a78c-bb599fb5ba3e,t-jiachentu,False,0,Classification,200,False,ResEncoder_Classifier,200,False,1,multiclass,False,auto,False,3,AdamW,16-mixed,CosineAnneal,20,1,False,200,True,True,0,gpu,0.2,2,16,val,False,0,False,0.01,/mnt/hanoverlimitedwus2/scratch/t-jiachentu/nnssl_data/nnssl_preprocessed/Dataset004_UPENN_GBM,False,6e-05,1,False,0,True,False,full,False,0.2,8,False,batchgenerators.get_training_transforms,10,False,False,age_group,True,power,3,False,1,True,epochwise,/mnt/hanoverlimitedwus2/mri/scratch/t-jiachentu/pretrained_ckpts/ResEncL-OpenMind-MAE/checkpoint_final.pth,0.2,0.8421544432640076,0.8454861640930176,0.7326388955116272,0.728735625743866,0.5872460007667542,0.93669456243515,0.9381511211395264,0.8663445711135864,0.8673193454742432,0.4740560948848725,0.7187023162841797,0.7397119402885437,0.6613756418228149,0.661824643611908,0.6943656206130981,18938,1000,1754101507.0828743,200,4.5691453082619125e-09,8800,,,,,,,,,,,,,,,,,,,,,,,,,,,,
7245917736.13369-d5fc00ad-dbac,resenc_MDAETrainer_RandomMask_Flow_BS48_2000ep_pretrained_t1_2025-08-01_21-10-08,finished,2025-08-01T21:10:44Z,https://microsoft-research.wandb.io/t-jiachentu/july_stratified_upenn_gbm_age_group_single_t1/runs/7245917736.13369-d5fc00ad-dbac,,6c4361fb-50d0-43b2-9aee-499c685205f7,t-jiachentu,False,0,Classification,200,False,ResEncoder_Classifier,200,False,1,multiclass,False,auto,False,3,AdamW,16-mixed,CosineAnneal,20,4,False,200,True,True,0,gpu,0.2,2,16,val,False,0,False,0.01,/mnt/hanoverlimitedwus2/scratch/t-jiachentu/nnssl_data/nnssl_preprocessed/Dataset004_UPENN_GBM,False,6e-05,1,False,0,True,False,full,False,0.2,8,False,batchgenerators.get_training_transforms,10,False,False,age_group,True,power,3,False,1,True,epochwise,/mnt/hanoverlimitedwus2/mri/scratch/t-jiachentu/nnssl_data/nnssl_results/MDAE/Openmind/0705/Dataset005_OpenMind/BaseMDAETrainer_RandomMask_Flow_BS48_2000ep__nnsslPlans__onemmiso/fold_all/checkpoint_best.pth,0.2,0.8054237365722656,0.8087384700775146,0.7054398059844971,0.7064676284790039,0.6049642562866211,0.8913015127182007,0.8915836811065674,0.8040027618408203,0.8042763471603394,0.528497040271759,0.7820576429367065,0.7912992238998413,0.6957671642303467,0.6965093016624451,0.6167591214179993,23372,1000,1754106015.8520093,200,4.5691453082619125e-09,8800,,,,,,,,,,,,,,,,,,,,,,,,,,,,
7245916899.80874-4b6208c7-3407,resenc_time_conditioned_pretrained_t1_2025-08-01_21-31-13,finished,2025-08-01T21:31:57Z,https://microsoft-research.wandb.io/t-jiachentu/july_stratified_upenn_gbm_age_group_single_t1/runs/7245916899.80874-4b6208c7-3407,,e5ba9e58-4c92-457e-9c92-f91d39329b7e,t-jiachentu,False,0,Classification,200,False,ResEncTimeConditioned,200,False,1,multiclass,False,auto,False,3,AdamW,16-mixed,CosineAnneal,20,4,False,200,True,True,0,gpu,0.2,2,16,val,False,0,False,0.01,/mnt/hanoverlimitedwus2/scratch/t-jiachentu/nnssl_data/nnssl_preprocessed/Dataset004_UPENN_GBM,False,6e-05,1,False,0,True,False,full,False,0.2,4,False,batchgenerators.get_training_transforms,10,False,False,age_group,True,power,3,False,1,True,epochwise,/mnt/hanoverlimitedwus2/mri/scratch/t-jiachentu/nnssl_data/nnssl_results/MDAE/Openmind/0705/Dataset005_OpenMind/NoiseConditionedMDAETrainer_RandomMask_BS32_2000ep__nnsslPlans__onemmiso/fold_all/checkpoint_best.pth,0.5,0.6348876953125,0.6014177799224854,0.5324074029922485,0.5175499320030212,0.6759546399116516,0.8219913244247437,0.8307864665985107,0.7629399299621582,0.762000322341919,0.5789840221405029,0.7360472083091736,0.7548500299453735,0.6865079402923584,0.6836682558059692,0.6275613903999329,24386,1000,1754108301.1704926,200,4.5691453082619125e-09,17600,256.0,0.5,False,64.0,cls_token,,,,,,,,,,,,,,,,,,,,,,,
7245884028.79427-53bcbc36-19e0,resenc_MDAETrainer_RandomMask_Flow_BS48_2000ep_pretrained_t1_2025-08-02_08-20-37,finished,2025-08-02T06:34:48Z,https://microsoft-research.wandb.io/t-jiachentu/july_stratified_upenn_gbm_age_group_single_t1/runs/7245884028.79427-53bcbc36-19e0,,ebc61e87-e42b-4ee9-be53-c7fd96e1357b,t-jiachentu,False,0,Classification,200,False,ResEncoder_Classifier,200,False,1,multiclass,False,auto,False,3,AdamW,16-mixed,CosineAnneal,20,4,False,200,True,True,0,gpu,0.2,2,16,val,False,0,False,0.01,/mnt/hanoverlimitedwus2/scratch/t-jiachentu/nnssl_data/nnssl_preprocessed/Dataset004_UPENN_GBM,False,6e-05,1,False,0,True,False,full,False,0.2,8,False,batchgenerators.get_training_transforms,10,False,False,age_group,True,power,3,False,1,True,epochwise,/mnt/hanoverlimitedwus2/mri/scratch/t-jiachentu/nnssl_data/nnssl_results/MDAE/Openmind/0705/Dataset005_OpenMind/BaseMDAETrainer_RandomMask_Flow_BS48_2000ep__nnsslPlans__onemmiso/fold_all/checkpoint_best.pth,0.2,0.8453933000564575,0.8350694179534912,0.7537615299224854,0.7556935548782349,0.578445315361023,0.9541563987731934,0.953432559967041,0.8911893367767334,0.8908261060714722,0.45668134093284607,0.7907410264015198,0.7863022089004517,0.7301587462425232,0.7311939597129822,0.6633321046829224,24825,1216,1754141880.1762843,200,4.5691453082619125e-09,8800,,,,,,,,,,,,,,,,,,,,,,,,,,,,
7245883633.96527-9c1abc21-6a8c,resenc_time_conditioned_pretrained_t1_2025-08-02_06-37-29,finished,2025-08-02T06:38:03Z,https://microsoft-research.wandb.io/t-jiachentu/july_stratified_upenn_gbm_age_group_single_t1/runs/7245883633.96527-9c1abc21-6a8c,,c941d179-b314-44c8-b8cc-773bbae2c324,t-jiachentu,False,0,Classification,200,False,ResEncTimeConditioned,200,False,1,multiclass,False,auto,False,3,AdamW,16-mixed,CosineAnneal,20,4,False,200,True,True,0,gpu,0.2,2,16,val,False,0,False,0.01,/mnt/hanoverlimitedwus2/scratch/t-jiachentu/nnssl_data/nnssl_preprocessed/Dataset004_UPENN_GBM,False,6e-05,1,False,0,True,False,full,False,0.2,4,False,batchgenerators.get_training_transforms,10,False,False,age_group,True,power,3,False,1,True,epochwise,/mnt/hanoverlimitedwus2/mri/scratch/t-jiachentu/nnssl_data/nnssl_results/MDAE/Openmind/0705/Dataset005_OpenMind/NoiseConditionedMDAETrainer_RandomMask_BS32_2000ep__nnsslPlans__onemmiso/fold_all/checkpoint_best.pth,0.5,0.7067379355430603,0.7233796119689941,0.6400462985038757,0.6403483152389526,0.6443158388137817,0.7908046245574951,0.8023431897163391,0.7315390110015869,0.7305487394332886,0.5983191728591919,0.7749580144882202,0.7860082387924194,0.7129629850387573,0.7093805074691772,0.6136889457702637,21059,1000,1754137742.2507975,200,4.5691453082619125e-09,17600,256.0,0.5,False,64.0,cls_token,,,,,,,,,,,,,,,,,,,,,,,
7245883244.29982-6e040114-8faf,mri_core_pretrained_t1_2025-08-02_06-50-55,finished,2025-08-02T06:51:20Z,https://microsoft-research.wandb.io/t-jiachentu/july_stratified_upenn_gbm_age_group_single_t1/runs/7245883244.29982-6e040114-8faf,,a02f96b0-187e-44b6-8301-b3e83ca9b20e,t-jiachentu,False,0,Classification,200,False,MRICore,200,False,1,multiclass,False,auto,False,3,AdamW,16-mixed,CosineAnneal,20,4,False,200,False,True,0,gpu,0.2,2,16,val,False,0,False,0.01,/mnt/hanoverlimitedwus2/scratch/t-jiachentu/nnssl_data/nnssl_preprocessed/Dataset004_UPENN_GBM,False,6e-05,1,False,0,True,False,full,False,0.2,2,False,batchgenerators.get_training_transforms,10,False,False,age_group,True,power,3,False,1,True,epochwise,/mnt/hanoverlimitedwus2/scratch/t-jiachentu/nnssl_data/pretrained_ckpts/mri_core/mri_core_checkpoint.pth,0.5,0.5878117084503174,0.6124131679534912,0.5,0.3139534890651703,0.7017554044723511,0.6742547154426575,0.683180570602417,0.6203128695487976,0.6205067038536072,0.6589862704277039,0.6602382063865662,0.6809229850769043,0.5,0.31578946113586426,0.6988685131072998,34195,1000,1754151674.543029,200,4.5691453082619125e-09,35000,,,False,,mean,,,12.0,768.0,4.0,12.0,512.0,224.0,16.0,mean,,,,,,,,,,,,,
7245882858.52767-f5bb3786-d3df,dinov2_pretrained_t1_2025-08-02_06-52-26,finished,2025-08-02T06:52:49Z,https://microsoft-research.wandb.io/t-jiachentu/july_stratified_upenn_gbm_age_group_single_t1/runs/7245882858.52767-f5bb3786-d3df,,39605f18-e7f2-41fe-a5b9-3959b3ae57e0,t-jiachentu,False,0,Classification,200,False,dinov2,50,False,1,multiclass,False,auto,False,3,AdamW,16-mixed,CosineAnneal,20,4,False,200,True,True,0,gpu,0.2,2,16,val,False,0,False,0.01,/mnt/hanoverlimitedwus2/scratch/t-jiachentu/nnssl_data/nnssl_preprocessed/Dataset004_UPENN_GBM,False,6e-05,1,False,0,True,False,full,False,0.2,2,False,batchgenerators.get_training_transforms,10,False,False,age_group,True,power,3,False,1,True,epochwise,,0.5,0.7306802868843079,0.7271412014961243,0.5943287014961243,0.5357556343078613,0.6778808236122131,0.6405882239341736,0.6686055660247803,0.6342304944992065,0.633315920829773,0.6612111330032349,0.6135876178741455,0.6030276417732239,0.5251322984695435,0.4289849996566773,0.6922709941864014,25286,1000,1754142852.8463683,200,4.5691453082619125e-09,35000,,,,,mean,,True,,,,,,,,mean,facebook/dinov2-base,,,,,,,,,,,,
7245882461.45208-0549b8e3-c2c3,brainmvp_pretrained_t1_2025-08-02_07-03-20,finished,2025-08-02T07:03:41Z,https://microsoft-research.wandb.io/t-jiachentu/july_stratified_upenn_gbm_age_group_single_t1/runs/7245882461.45208-0549b8e3-c2c3,,d169c4d3-3a8a-4e5e-8bdb-d69bfe533d7b,t-jiachentu,False,0,Classification,200,False,brainmvp,200,False,1,multiclass,False,auto,False,3,AdamW,16-mixed,CosineAnneal,20,4,False,200,True,True,0,gpu,0.2,2,16,val,False,0,False,0.01,/mnt/hanoverlimitedwus2/scratch/t-jiachentu/nnssl_data/nnssl_preprocessed/Dataset004_UPENN_GBM,False,6e-05,1,False,0,True,False,full,False,0.2,4,False,batchgenerators.get_training_transforms,10,False,False,age_group,True,power,3,False,1,True,epochwise,/mnt/hanoverlimitedwus2/scratch/t-jiachentu/nnssl_data/pretrained_ckpts/BrainMVP/BrainMVP_unet.pt,0.0,0.5686100721359253,0.5542534589767456,0.5567129850387573,0.47051283717155457,0.6941348314285278,0.7250863313674927,0.726445198059082,0.672877848148346,0.6733333468437195,0.6384202837944031,0.4341166615486145,0.3802175223827362,0.4841269850730896,0.3426966369152069,0.9208863377571106,16025,1000,1754134246.822509,200,4.5691453082619125e-09,17600,,,,,cls_token,0.2,True,,,,,,,,,,,,,,,,,,,,,
7245882074.76545-ef2bfe91-1817,brainiac_pretrained_t1_2025-08-02_07-05-33,finished,2025-08-02T07:05:57Z,https://microsoft-research.wandb.io/t-jiachentu/july_stratified_upenn_gbm_age_group_single_t1/runs/7245882074.76545-ef2bfe91-1817,,2855b2dc-bc19-4fa9-afe6-dcb3267ce8ae,t-jiachentu,False,0,Classification,200,False,brainiac,200,False,1,multiclass,False,auto,False,3,AdamW,16-mixed,CosineAnneal,20,4,False,200,True,True,0,gpu,0.2,2,16,val,False,0,False,0.01,/mnt/hanoverlimitedwus2/scratch/t-jiachentu/nnssl_data/nnssl_preprocessed/Dataset004_UPENN_GBM,False,6e-05,1,False,0,True,False,full,False,0.2,4,False,batchgenerators.get_training_transforms,10,False,False,age_group,True,power,3,False,1,False,epochwise,/mnt/hanoverlimitedwus2/scratch/t-jiachentu/nnssl_data/pretrained_ckpts/BrainIAC/BrainIAC.ckpt,0.0,0.6600965261459351,0.6681134104728699,0.5943287014961243,0.5869101881980896,0.7060333490371704,0.9849594235420228,0.9845870733261108,0.9256958961486816,0.925302028656006,0.41217994689941406,0.734053373336792,0.7466195821762085,0.6415343880653381,0.632306694984436,0.8641359210014343,20864,1000,1754139221.2824233,200,4.5691453082619125e-09,17600,,,,,cls_token,0.2,True,,,,,,,,,,,,,,,,,,,,,
7245875805.00802-412e673a-1bac,resenc_MDAETrainer_RandomMask_Flow_BS48_2000ep_pretrained_t1_2025-08-02_10-15-38,finished,2025-08-02T08:48:51Z,https://microsoft-research.wandb.io/t-jiachentu/july_stratified_upenn_gbm_age_group_single_t1/runs/7245875805.00802-412e673a-1bac,,4f27b413-a3bc-44d7-a96d-049ea8083d90,t-jiachentu,False,0,Classification,200,False,ResEncoder_Classifier,200,False,1,multiclass,False,auto,False,3,AdamW,16-mixed,CosineAnneal,20,4,False,200,True,True,0,gpu,0.2,2,16,val,False,0,False,0.01,/mnt/hanoverlimitedwus2/scratch/t-jiachentu/nnssl_data/nnssl_preprocessed/Dataset004_UPENN_GBM,False,0.0001,1,False,0,True,False,full,False,0.2,8,False,batchgenerators.get_training_transforms,10,False,False,age_group,True,power,3,False,1,True,epochwise,/mnt/hanoverlimitedwus2/mri/scratch/t-jiachentu/nnssl_data/nnssl_results/MDAE/Openmind/0705/Dataset005_OpenMind/BaseMDAETrainer_RandomMask_Flow_BS48_2000ep__nnsslPlans__onemmiso/fold_all/checkpoint_best.pth,0.2,0.7695793509483337,0.7887731790542603,0.6655092239379883,0.6640695333480835,0.6452667117118835,0.91483473777771,0.9166256189346312,0.8478261232376099,0.8476648330688477,0.5023012757301331,0.7292134165763855,0.7345678806304932,0.6719576716423035,0.6723172068595886,0.6738240122795105,25275,1156,1754150589.6647491,200,7.615242180436517e-09,8800,,,,,,,,,,,,,,,,,,,,,,,,,,,,
7245875088.69952-73aac7c4-2b5b,resenc_time_conditioned_pretrained_t1_2025-08-02_09-00-09,finished,2025-08-02T09:00:53Z,https://microsoft-research.wandb.io/t-jiachentu/july_stratified_upenn_gbm_age_group_single_t1/runs/7245875088.69952-73aac7c4-2b5b,,4fc5c7e9-9fd7-4266-ac11-fec4d06fa56f,t-jiachentu,False,0,Classification,200,False,ResEncTimeConditioned,200,False,1,multiclass,False,auto,False,3,AdamW,16-mixed,CosineAnneal,20,4,False,200,True,True,0,gpu,0.2,2,16,val,False,0,False,0.01,/mnt/hanoverlimitedwus2/scratch/t-jiachentu/nnssl_data/nnssl_preprocessed/Dataset004_UPENN_GBM,False,8e-05,1,False,0,True,False,full,False,0.2,4,False,batchgenerators.get_training_transforms,10,False,False,age_group,True,power,3,False,1,True,epochwise,/mnt/hanoverlimitedwus2/mri/scratch/t-jiachentu/nnssl_data/nnssl_results/MDAE/Openmind/0705/Dataset005_OpenMind/NoiseConditionedMDAETrainer_RandomMask_BS32_2000ep__nnsslPlans__onemmiso/fold_all/checkpoint_best.pth,0.5,,,,,,0.76362544298172,0.7890335321426392,0.7421209812164307,0.7416423559188843,0.6035029292106628,0.7218397855758667,0.7395650148391724,0.6574074029922485,0.6568914651870728,0.6363173127174377,23718,999,1754148972.198382,199,6.092193744349217e-09,17599,256.0,0.5,False,64.0,cls_token,,,,,,,,,,,,,,,,,,,,,,,
7245873351.09937-59ef8ed0-f1e1,resenc_MDAETrainer_RandomMask_Flow_BS48_2000ep_pretrained_t1_2025-08-02_09-37-45,finished,2025-08-02T09:38:25Z,https://microsoft-research.wandb.io/t-jiachentu/july_stratified_upenn_gbm_age_group_single_t1/runs/7245873351.09937-59ef8ed0-f1e1,,e64a4c29-77db-466c-8aac-be62852e1d9c,t-jiachentu,False,0,Classification,200,False,ResEncoder_Classifier,200,False,1,multiclass,False,auto,False,3,AdamW,16-mixed,CosineAnneal,20,4,False,200,True,True,0,gpu,0.2,2,16,val,False,0,False,0.01,/mnt/hanoverlimitedwus2/scratch/t-jiachentu/nnssl_data/nnssl_preprocessed/Dataset004_UPENN_GBM,False,0.0001,1,False,0,True,False,full,False,0.2,8,False,batchgenerators.get_training_transforms,10,False,False,age_group,True,power,3,False,1,True,epochwise,/mnt/hanoverlimitedwus2/mri/scratch/t-jiachentu/nnssl_data/nnssl_results/MDAE/Openmind/0705/Dataset005_OpenMind/BaseMDAETrainer_RandomMask_Flow_BS48_2000ep__nnsslPlans__onemmiso/fold_all/checkpoint_best.pth,0.2,0.8490417003631592,0.8466434478759766,0.7688078880310059,0.7691806554794312,0.568234384059906,0.942689061164856,0.9419304132461548,0.862433910369873,0.8620961904525757,0.4736332595348358,0.7864658832550049,0.7930629253387451,0.7407407760620117,0.7413030862808228,0.6508700847625732,24301,1000,1754151807.4186375,200,7.615242180436517e-09,8800,,,,,,,,,,,,,,,,,,,,,,,,,,,,
7245828788.79602-504089ed-1b91,resenc_time_conditioned_pretrained_t1_2025-08-02_22-43-27,finished,2025-08-02T22:44:36Z,https://microsoft-research.wandb.io/t-jiachentu/july_stratified_upenn_gbm_age_group_single_t1/runs/7245828788.79602-504089ed-1b91,,23b33ff8-d755-4e54-ba0a-0c2399a918bc,t-jiachentu,False,0,Classification,200,False,ResEncTimeConditioned,200,False,1,multiclass,False,auto,False,3,AdamW,16-mixed,CosineAnneal,20,4,False,200,True,True,0,gpu,0.2,2,16,val,False,0,False,0.01,/mnt/hanoverlimitedwus2/scratch/t-jiachentu/nnssl_data/nnssl_preprocessed/Dataset004_UPENN_GBM,False,0.0001,1,False,0,True,False,full,False,0.2,4,False,batchgenerators.get_training_transforms,10,False,False,age_group,True,power,3,False,1,True,epochwise,/mnt/hanoverlimitedwus2/mri/scratch/t-jiachentu/nnssl_data/nnssl_results/MDAE/Openmind/0705/Dataset005_OpenMind/NoiseConditionedMDAETrainer_RandomMask_BS32_2000ep__nnsslPlans__onemmiso/fold_all/checkpoint_latest.pth,0.5,0.7573928833007812,0.7756076455116272,0.7005208730697632,0.7007896900177002,0.6186975836753845,0.8134340047836304,0.8331526517868042,0.7505176067352295,0.7501538395881653,0.5787745118141174,0.7320626974105835,0.761904776096344,0.7050265073776245,0.7008547186851501,0.6179739236831665,21990,1000,1754196661.526043,200,7.615242180436517e-09,17600,256.0,0.5,False,64.0,cls_token,,,,,,,,,,,,,,,,,,,,,,,
7245824047.22039-84f69431-c9b7,resenc_time_conditioned_pretrained_t1_2025-08-02_23-16-42,finished,2025-08-02T23:18:17Z,https://microsoft-research.wandb.io/t-jiachentu/july_stratified_upenn_gbm_age_group_single_t1/runs/7245824047.22039-84f69431-c9b7,,c8fd8655-5284-4948-b5ce-b50c53e87e38,t-jiachentu,False,0,Classification,200,False,ResEncTimeConditioned,200,False,1,multiclass,False,auto,False,3,AdamW,16-mixed,CosineAnneal,20,4,False,200,True,True,0,gpu,0.2,2,16,val,False,0,False,0.01,/mnt/hanoverlimitedwus2/scratch/t-jiachentu/nnssl_data/nnssl_preprocessed/Dataset004_UPENN_GBM,False,2e-05,1,False,0,True,False,full,False,0.2,4,False,batchgenerators.get_training_transforms,10,False,False,age_group,True,power,3,False,1,True,epochwise,/mnt/hanoverlimitedwus2/mri/scratch/t-jiachentu/nnssl_data/nnssl_results/MDAE/Openmind/0705/Dataset005_OpenMind/NoiseConditionedMDAETrainer_RandomMask_BS32_2000ep__nnsslPlans__onemmiso/fold_all/checkpoint_latest.pth,0.5,0.7892802357673645,0.8029513955116272,0.7010995149612427,0.7014880776405334,0.6336143612861633,0.9739382266998292,0.9751224517822266,0.9336323738098145,0.9338314533233644,0.4123481214046478,0.8087847232818604,0.8136390447616577,0.7195767164230347,0.7205970287322998,0.6781842112541199,21033,1000,1754197727.9751954,200,1.5230484360873043e-09,17600,256.0,0.5,False,64.0,cls_token,,,,,,,,,,,,,,,,,,,,,,,
7245826273.72783-034fe25a-1c19,resenc_time_conditioned_pretrained_t1_2025-08-03_00-17-03,finished,2025-08-03T00:18:44Z,https://microsoft-research.wandb.io/t-jiachentu/july_stratified_upenn_gbm_age_group_single_t1/runs/7245826273.72783-034fe25a-1c19,,473bfb8d-a95c-40b6-b9f0-d59d9d7e1a4b,t-jiachentu,False,0,Classification,200,False,ResEncTimeConditioned,200,False,1,multiclass,False,auto,False,3,AdamW,16-mixed,CosineAnneal,20,4,False,200,True,True,0,gpu,0.2,2,16,val,False,0,False,0.01,/mnt/hanoverlimitedwus2/scratch/t-jiachentu/nnssl_data/nnssl_preprocessed/Dataset004_UPENN_GBM,False,6e-05,1,False,0,True,False,full,False,0.2,4,False,batchgenerators.get_training_transforms,10,False,False,age_group,True,power,3,False,1,True,epochwise,/mnt/hanoverlimitedwus2/mri/scratch/t-jiachentu/nnssl_data/nnssl_results/MDAE/Openmind/0705/Dataset005_OpenMind/NoiseConditionedMDAETrainer_RandomMask_BS32_2000ep__nnsslPlans__onemmiso/fold_all/checkpoint_latest.pth,0.5,0.755486011505127,0.7350983619689941,0.6018518209457397,0.543499767780304,0.6846044063568115,0.8447519540786743,0.8522955179214478,0.772141695022583,0.7725009918212891,0.5634678602218628,0.7498080134391785,0.7566137313842773,0.6534391641616821,0.6538461446762085,0.6407277584075928,20345,1000,1754200669.437984,200,4.5691453082619125e-09,17600,256.0,0.5,False,64.0,cls_token,,,,,,,,,,,,,,,,,,,,,,,
7245819944.45314-7529a54b-a777,resenc_time_conditioned_pretrained_t1_2025-08-03_00-19-58,finished,2025-08-03T00:21:27Z,https://microsoft-research.wandb.io/t-jiachentu/july_stratified_upenn_gbm_age_group_single_t1/runs/7245819944.45314-7529a54b-a777,,7a5fe0fd-73b3-40bc-8876-8de1f821fcc5,t-jiachentu,False,0,Classification,200,False,ResEncTimeConditioned,200,False,1,multiclass,False,auto,False,3,AdamW,16-mixed,CosineAnneal,20,4,False,200,True,True,0,gpu,0.2,2,16,val,False,0,False,0.01,/mnt/hanoverlimitedwus2/scratch/t-jiachentu/nnssl_data/nnssl_preprocessed/Dataset004_UPENN_GBM,False,8e-05,1,False,0,True,False,full,False,0.2,4,False,batchgenerators.get_training_transforms,10,False,False,age_group,True,power,3,False,1,True,epochwise,/mnt/hanoverlimitedwus2/mri/scratch/t-jiachentu/nnssl_data/nnssl_results/MDAE/Openmind/0705/Dataset005_OpenMind/NoiseConditionedMDAETrainer_RandomMask_BS32_2000ep__nnsslPlans__onemmiso/fold_all/checkpoint_latest.pth,0.5,0.7574242353439331,0.7644675970077515,0.7439236044883728,0.7439236044883728,0.6260415315628052,0.778476357460022,0.796329140663147,0.725787878036499,0.7248157262802124,0.5977565050125122,0.7074220180511475,0.7228100895881653,0.6335978507995605,0.6320486068725586,0.644122302532196,22147,1000,1754202633.7743554,200,6.092193744349217e-09,17600,256.0,0.5,False,64.0,cls_token,,,,,,,,,,,,,,,,,,,,,,,
7245738971.42987-27bc558e-2d22,resenc_pretrained_t1_2025-08-03_22-49-37,finished,2025-08-03T22:50:45Z,https://microsoft-research.wandb.io/t-jiachentu/july_stratified_upenn_gbm_age_group_single_t1/runs/7245738971.42987-27bc558e-2d22,,a0fa4b80-9ec5-4467-b35d-fa4e77aa1a2d,t-jiachentu,False,0,Classification,200,False,ResEncoder_Classifier,200,False,1,multiclass,False,auto,False,3,AdamW,16-mixed,CosineAnneal,20,1,False,200,True,True,0,gpu,0.2,2,16,val,False,0,False,0.01,/mnt/hanoverlimitedwus2/scratch/t-jiachentu/nnssl_data/nnssl_preprocessed/Dataset004_UPENN_GBM,False,8e-05,1,False,0,True,False,full,False,0.2,8,False,batchgenerators.get_training_transforms,10,False,False,age_group,True,power,3,False,1,True,epochwise,/mnt/hanoverlimitedwus2/mri/scratch/t-jiachentu/pretrained_ckpts/ResEncL-OpenMind-MAE/checkpoint_final.pth,0.2,0.8154044151306152,0.8123553395271301,0.8015046119689941,0.8026899099349976,0.5963066816329956,0.9039639830589294,0.9102665185928344,0.8439153432846069,0.8423926830291748,0.5084165930747986,0.7026625871658325,0.7039976119995117,0.6468254327774048,0.6407894492149353,0.6945012211799622,19110,1000,1754280556.4105878,200,6.092193744349217e-09,8800,,,,,,,,,,,,,,,,,,,,,,,,,,,,
7245739286.92300-74ac7d00-6cd0,mri_core_pretrained_t1_2025-08-03_22-53-35,finished,2025-08-03T22:54:03Z,https://microsoft-research.wandb.io/t-jiachentu/july_stratified_upenn_gbm_age_group_single_t1/runs/7245739286.92300-74ac7d00-6cd0,,d8a176ba-41a1-4959-8991-783fcf58bef6,t-jiachentu,False,0,Classification,100,False,MRICore,100,False,1,multiclass,False,auto,False,3,AdamW,16-mixed,CosineAnneal,20,1,False,100,False,True,0,gpu,0.2,2,16,val,False,0,False,0.01,/mnt/hanoverlimitedwus2/scratch/t-jiachentu/nnssl_data/nnssl_preprocessed/Dataset004_UPENN_GBM,False,0.0001,1,False,0,True,False,full,False,0.2,2,False,batchgenerators.get_training_transforms,10,False,False,age_group,True,power,3,False,1,True,epochwise,/mnt/hanoverlimitedwus2/scratch/t-jiachentu/nnssl_data/pretrained_ckpts/mri_core/mri_core_checkpoint.pth,0.5,0.5582597255706787,0.5753761529922485,0.5,0.35164836049079895,0.6915345191955566,0.436586856842041,0.39207667112350464,0.46894410252571106,0.3893259167671203,0.7000880837440491,0.594488263130188,0.6143444776535034,0.5,0.3499999940395355,0.6912846565246582,18991,500,1754280634.5751274,100,3.854818796385494e-08,17500,,,False,,mean,,,12.0,768.0,4.0,12.0,512.0,224.0,16.0,mean,,,,,,,,,,,,,
7245718945.83751-bc5b77c6-c30f,brainiac_pretrained_t1_2025-08-04_04-29-37,finished,2025-08-04T04:30:01Z,https://microsoft-research.wandb.io/t-jiachentu/july_stratified_upenn_gbm_age_group_single_t1/runs/7245718945.83751-bc5b77c6-c30f,,5d9bcb84-7c31-48b5-8df1-77ce3f0d1788,t-jiachentu,False,0,Classification,200,False,brainiac,200,False,1,multiclass,False,auto,False,3,AdamW,16-mixed,CosineAnneal,20,1,False,200,True,True,0,gpu,0.2,2,16,val,False,0,False,0.01,/mnt/hanoverlimitedwus2/scratch/t-jiachentu/nnssl_data/nnssl_preprocessed/Dataset004_UPENN_GBM,False,6e-05,1,False,0,True,False,full,False,0.2,1,False,batchgenerators.get_training_transforms,10,False,False,age_group,True,power,3,False,1,False,epochwise,/mnt/hanoverlimitedwus2/scratch/t-jiachentu/nnssl_data/pretrained_ckpts/BrainIAC/BrainIAC.ckpt,0.0,0.4958365559577942,0.4722222089767456,0.5,0.35164836049079895,0.6930532455444336,0.967722713947296,0.9666764736175536,0.8995859622955322,0.8994013071060181,0.4405238926410675,0.620951771736145,0.6291887760162354,0.4761904776096344,0.3529311716556549,1.273579239845276,18822,1000,1754300621.174105,200,4.5691453082619125e-09,70000,,,,,cls_token,0.2,True,,,,,,,,,,,,,,,,,,,,,
7245718891.03660-107dee28-649c,brainiac_scratch_t1_2025-08-04_04-32-18,finished,2025-08-04T04:32:46Z,https://microsoft-research.wandb.io/t-jiachentu/july_stratified_upenn_gbm_age_group_single_t1/runs/7245718891.03660-107dee28-649c,,19473fd2-76a3-41ef-a883-7afa28246e1d,t-jiachentu,False,0,Classification,200,False,brainiac,200,False,1,multiclass,False,auto,False,3,AdamW,16-mixed,CosineAnneal,20,1,False,200,False,True,0,gpu,0.2,2,16,val,False,0,False,0.01,/mnt/hanoverlimitedwus2/scratch/t-jiachentu/nnssl_data/nnssl_preprocessed/Dataset004_UPENN_GBM,False,6e-05,1,False,0,True,False,full,False,0.2,1,False,batchgenerators.get_training_transforms,10,False,False,age_group,True,power,3,False,1,False,epochwise,,0.0,0.5662699937820435,0.5642361640930176,0.49797454476356506,0.4045325219631195,0.7526617646217346,0.8610007166862488,0.8602319955825806,0.77524733543396,0.7754934430122375,0.5628805160522461,0.538478434085846,0.5285125970840454,0.5251322984695435,0.49358922243118286,0.8138507008552551,18808,1000,1754300772.294124,200,4.5691453082619125e-09,70000,,,,,cls_token,0.2,True,,,,,,,,,,,,,,,,,,,,,
7245717762.65693-66580727-afd0,brainmvp_pretrained_t1_2025-08-04_04-46-50,finished,2025-08-04T04:47:15Z,https://microsoft-research.wandb.io/t-jiachentu/july_stratified_upenn_gbm_age_group_single_t1/runs/7245717762.65693-66580727-afd0,,db3eafc3-be60-4790-8ba3-d62b361ee0ed,t-jiachentu,False,0,Classification,200,False,brainmvp,200,False,1,multiclass,False,auto,False,3,AdamW,16-mixed,CosineAnneal,20,1,False,200,True,True,0,gpu,0.2,2,16,val,False,0,False,0.01,/mnt/hanoverlimitedwus2/scratch/t-jiachentu/nnssl_data/nnssl_preprocessed/Dataset004_UPENN_GBM,False,6e-05,1,False,0,True,False,full,False,0.2,4,False,batchgenerators.get_training_transforms,10,False,False,age_group,True,power,3,False,1,True,epochwise,/mnt/hanoverlimitedwus2/scratch/t-jiachentu/nnssl_data/pretrained_ckpts/BrainMVP/BrainMVP_unet.pt,0.0,0.5422089099884033,0.5054976940155029,0.5014467835426331,0.3678571283817291,0.690991997718811,0.7564452290534973,0.7682310342788696,0.7047388553619385,0.7056595087051392,0.6200317144393921,0.5966880321502686,0.6099353432655334,0.6137566566467285,0.6114130616188049,0.7329738140106201,16988,1000,1754299820.9671946,200,4.5691453082619125e-09,17600,,,,,cls_token,0.2,True,,,,,,,,,,,,,,,,,,,,,
7245696943.16475-511c1359-b34b,resenc_SwinUNETR_pretrained_t1_2025-08-04_10-29-25,finished,2025-08-04T10:29:58Z,https://microsoft-research.wandb.io/t-jiachentu/july_stratified_upenn_gbm_age_group_single_t1/runs/7245696943.16475-511c1359-b34b,,8c9b8897-ca85-44bb-a4d2-521d46da03e5,t-jiachentu,False,0,Classification,200,False,ResEncoder_Classifier,200,False,1,multiclass,False,auto,False,3,AdamW,16-mixed,CosineAnneal,20,4,False,200,True,True,0,gpu,0.2,2,16,val,False,0,False,0.01,/mnt/hanoverlimitedwus2/scratch/t-jiachentu/nnssl_data/nnssl_preprocessed/Dataset004_UPENN_GBM,False,8e-05,1,False,0,True,False,full,False,0.2,8,False,batchgenerators.get_training_transforms,10,False,False,age_group,True,power,3,False,1,True,epochwise,/mnt/hanoverlimitedwus2/mri/scratch/t-jiachentu/pretrained_ckpts/ResEncL_ckpts/ResEncL-OpenMind-SwinUNETR/checkpoint_final.pth,0.2,0.7908538579940796,0.7892071604728699,0.6420717239379883,0.641177773475647,0.6682208180427551,0.9971452951431274,0.997107982635498,0.9712445139884948,0.9712445139884948,0.362554132938385,0.7728657722473145,0.7879188060760498,0.75,0.7503127455711365,0.7109743356704712,22946,1000,1754326343.7838,200,6.092193744349217e-09,8800,,,,,,,,,,,,,,,,,,,,,,,,,,,,
7245696155.26607-14cf2ff5-194f,resenc_VoCo_pretrained_t1_2025-08-04_10-49-40,finished,2025-08-04T10:50:13Z,https://microsoft-research.wandb.io/t-jiachentu/july_stratified_upenn_gbm_age_group_single_t1/runs/7245696155.26607-14cf2ff5-194f,,cdc9414d-19fc-4b2a-a316-58004d838bc1,t-jiachentu,False,0,Classification,200,False,ResEncoder_Classifier,200,False,1,multiclass,False,auto,False,3,AdamW,16-mixed,CosineAnneal,20,4,False,200,True,True,0,gpu,0.2,2,16,val,False,0,False,0.01,/mnt/hanoverlimitedwus2/scratch/t-jiachentu/nnssl_data/nnssl_preprocessed/Dataset004_UPENN_GBM,False,8e-05,1,False,0,True,False,full,False,0.2,8,False,batchgenerators.get_training_transforms,10,False,False,age_group,True,power,3,False,1,True,epochwise,/mnt/hanoverlimitedwus2/mri/scratch/t-jiachentu/pretrained_ckpts/ResEncL_ckpts/ResEncL-OpenMind-VoCo/checkpoint_final.pth,0.2,0.8057069182395935,0.8046875,0.7349537014961243,0.7169029712677002,0.6174659132957458,0.9861266016960144,0.9864109754562378,0.9381182193756104,0.9368935227394104,0.3946683704853058,0.7041323781013489,0.7278071641921997,0.6574074029922485,0.6568914651870728,0.7679021954536438,23841,1000,1754328452.3262608,200,6.092193744349217e-09,8800,,,,,,,,,,,,,,,,,,,,,,,,,,,,
7245695386.98082-f746dcd2-5eb3,resenc_SimCLR_pretrained_t1_2025-08-04_11-05-45,finished,2025-08-04T11:06:23Z,https://microsoft-research.wandb.io/t-jiachentu/july_stratified_upenn_gbm_age_group_single_t1/runs/7245695386.98082-f746dcd2-5eb3,,52fb7046-a0c4-434d-b651-444225120ab9,t-jiachentu,False,0,Classification,200,False,ResEncoder_Classifier,200,False,1,multiclass,False,auto,False,3,AdamW,16-mixed,CosineAnneal,20,4,False,200,True,True,0,gpu,0.2,2,16,val,False,0,False,0.01,/mnt/hanoverlimitedwus2/scratch/t-jiachentu/nnssl_data/nnssl_preprocessed/Dataset004_UPENN_GBM,False,8e-05,1,False,0,True,False,full,False,0.2,8,False,batchgenerators.get_training_transforms,10,False,False,age_group,True,power,3,False,1,True,epochwise,/mnt/hanoverlimitedwus2/mri/scratch/t-jiachentu/pretrained_ckpts/ResEncL_ckpts/ResEncL-OpenMind-SimCLR/checkpoint_final.pth,0.2,0.8240694999694824,0.8310185670852661,0.7045717239379883,0.7023618221282959,0.6069455146789551,0.9232008457183838,0.929491639137268,0.8708304166793823,0.8706588745117188,0.47893762588500977,0.7696191072463989,0.7863021492958069,0.728835940361023,0.7299932837486267,0.6417828798294067,23511,1000,1754329092.0237665,200,6.092193744349217e-09,8800,,,,,,,,,,,,,,,,,,,,,,,,,,,,
7245694601.60402-5c1fbd49-2954,resenc_MG_pretrained_t1_2025-08-04_11-13-51,finished,2025-08-04T11:14:25Z,https://microsoft-research.wandb.io/t-jiachentu/july_stratified_upenn_gbm_age_group_single_t1/runs/7245694601.60402-5c1fbd49-2954,,30744330-4541-42f1-878a-3c5b62b658df,t-jiachentu,False,0,Classification,200,False,ResEncoder_Classifier,200,False,1,multiclass,False,auto,False,3,AdamW,16-mixed,CosineAnneal,20,4,False,200,True,True,0,gpu,0.2,2,16,val,False,0,False,0.01,/mnt/hanoverlimitedwus2/scratch/t-jiachentu/nnssl_data/nnssl_preprocessed/Dataset004_UPENN_GBM,False,8e-05,1,False,0,True,False,full,False,0.2,8,False,batchgenerators.get_training_transforms,10,False,False,age_group,True,power,3,False,1,True,epochwise,/mnt/hanoverlimitedwus2/mri/scratch/t-jiachentu/pretrained_ckpts/ResEncL_ckpts/ResEncL-OpenMind-MG/checkpoint_final.pth,0.2,0.8235988020896912,0.8285590410232544,0.7259837985038757,0.7269130349159241,0.5992875695228577,0.9551358222961426,0.9623550176620485,0.903611660003662,0.9024717807769777,0.44014444947242737,0.7661769390106201,0.7699881792068481,0.6693121790885925,0.6697860956192017,0.7059227824211121,24291,1000,1754330355.0961378,200,6.092193744349217e-09,8800,,,,,,,,,,,,,,,,,,,,,,,,,,,,
7245693048.44674-03ce9dbe-5a38,resenc_VF_pretrained_t1_2025-08-04_11-48-03,finished,2025-08-04T11:48:37Z,https://microsoft-research.wandb.io/t-jiachentu/july_stratified_upenn_gbm_age_group_single_t1/runs/7245693048.44674-03ce9dbe-5a38,,e0256fd1-ba4d-40ca-8d51-595d19fef9d4,t-jiachentu,False,0,Classification,200,False,ResEncoder_Classifier,200,False,1,multiclass,False,auto,False,3,AdamW,16-mixed,CosineAnneal,20,4,False,200,True,True,0,gpu,0.2,2,16,val,False,0,False,0.01,/mnt/hanoverlimitedwus2/scratch/t-jiachentu/nnssl_data/nnssl_preprocessed/Dataset004_UPENN_GBM,False,8e-05,1,False,0,True,False,full,False,0.2,8,False,batchgenerators.get_training_transforms,10,False,False,age_group,True,power,3,False,1,True,epochwise,/mnt/hanoverlimitedwus2/mri/scratch/t-jiachentu/pretrained_ckpts/ResEncL_ckpts/ResEncL-OpenMind-VF/checkpoint_final.pth,0.2,0.7867567539215088,0.7789351940155029,0.6820023059844971,0.6825881600379944,0.6647660732269287,0.9866572618484496,0.9866903424263,0.9415688514709472,0.942375421524048,0.3887721598148346,0.7508761882781982,0.7620517015457153,0.6666666865348816,0.6664165258407593,0.773911714553833,24558,1000,1754332674.6544013,200,6.092193744349217e-09,8800,,,,,,,,,,,,,,,,,,,,,,,,,,,,
7245606573.79518-e8f43ddc-b737,resenc_time_conditioned_pretrained_t1_2025-08-05_11-39-01,finished,2025-08-05T11:39:44Z,https://microsoft-research.wandb.io/t-jiachentu/july_stratified_upenn_gbm_age_group_single_t1/runs/7245606573.79518-e8f43ddc-b737,,358479a7-90c9-45c9-a436-91da6cf22439,t-jiachentu,False,0,Classification,200,False,ResEncTimeConditioned,200,False,1,multiclass,False,auto,False,3,AdamW,16-mixed,CosineAnneal,20,4,False,200,True,True,0,gpu,0.2,2,16,val,False,0,False,0.01,/mnt/hanoverlimitedwus2/scratch/t-jiachentu/nnssl_data/nnssl_preprocessed/Dataset004_UPENN_GBM,False,3e-05,1,False,0,True,False,full,False,0.2,4,False,batchgenerators.get_training_transforms,10,False,False,age_group,True,power,3,False,1,True,epochwise,/mnt/hanoverlimitedwus2/mri/scratch/t-jiachentu/nnssl_data/nnssl_results/MDAE/Openmind/0705/Dataset005_OpenMind/NoiseConditionedMDAETrainer_RandomMask_BS32_2000ep__nnsslPlans__onemmiso/fold_all/checkpoint_best.pth,0.5,0.8104174137115479,0.8333333134651184,0.7552083730697632,0.75705885887146,0.5810020565986633,0.8936777114868164,0.8989615440368652,0.839429497718811,0.8391121625900269,0.5199882388114929,0.7394245862960815,0.7598471641540527,0.679894208908081,0.68039870262146,0.6634920835494995,23963,1000,1754417944.382573,200,2.2845726541309562e-09,17600,256.0,0.5,False,64.0,cls_token,,,,,,,,,,,,,,,,,,,,,,,
7245522399.06968-c5464b86-5054,eva_mdae_pretrained_t1_2025-08-06_11-06-05,finished,2025-08-06T11:06:54Z,https://microsoft-research.wandb.io/t-jiachentu/july_stratified_upenn_gbm_age_group_single_t1/runs/7245522399.06968-c5464b86-5054,,b91dd398-92be-4732-bc3a-b87fbc0ab2a8,t-jiachentu,False,0,Classification,200,False,Eva_MAE,200,False,1,multiclass,False,auto,False,3,AdamW,16-mixed,CosineAnneal,20,2,False,200,True,True,0,gpu,0.2,2,16,val,False,0,False,0.01,/mnt/hanoverlimitedwus2/scratch/t-jiachentu/nnssl_data/nnssl_preprocessed/Dataset004_UPENN_GBM,False,5e-05,1,False,0,True,False,full,False,0.2,4,False,batchgenerators.get_training_transforms,10,False,False,age_group,True,power,3,False,1,True,epochwise,/mnt/hanoverlimitedwus2/mri/scratch/t-jiachentu/nnssl_data/nnssl_results/0729/openmind005/Dataset005_OpenMind/EvaMDAETrainer_RandomMask_Flow_BS64__nnsslPlans__onemmiso/fold_all/checkpoint_best.pth,0.2,0.7279613018035889,0.741319477558136,0.7155671119689941,0.7117816209793091,0.6490080952644348,0.8147968649864197,0.8221104741096497,0.7456866502761841,0.744795560836792,0.5860181450843811,0.755172610282898,0.7713109850883484,0.7447090148925781,0.7431206107139587,0.6292614340782166,78012,1000,1754556422.385452,200,3.8076210902182585e-09,17600,,,,,avg,,,16.0,864.0,2.66666667,12.0,,,,,,/mnt/hanoverlimitedwus2/mri/scratch/t-jiachentu/nnssl_data/nnssl_results/0729/openmind005/Dataset005_OpenMind/EvaMDAETrainer_RandomMask_Flow_BS64__nnsslPlans__onemmiso/fold_all/checkpoint_best.pth,0.0,0.0,False,0.0,0.0,True,0.0,True,True,True,interpolate_trilinear
7245465415.86895-a4011c65-b7ee,eva_mdae_pretrained_t1_2025-08-07_02-49-21,finished,2025-08-07T02:50:12Z,https://microsoft-research.wandb.io/t-jiachentu/july_stratified_upenn_gbm_age_group_single_t1/runs/7245465415.86895-a4011c65-b7ee,,862f93b1-540d-4161-b799-a5420cda7e3b,t-jiachentu,False,0,Classification,200,False,Eva_MAE,200,False,1,multiclass,False,auto,False,3,AdamW,16-mixed,CosineAnneal,20,2,False,200,True,True,0,gpu,0.2,2,16,val,False,0,False,0.01,/mnt/hanoverlimitedwus2/scratch/t-jiachentu/nnssl_data/nnssl_preprocessed/Dataset004_UPENN_GBM,False,0.0001,1,False,0,True,False,full,False,0.2,4,False,batchgenerators.get_training_transforms,10,False,False,age_group,True,power,3,False,1,True,epochwise,/mnt/hanoverlimitedwus2/mri/scratch/t-jiachentu/nnssl_data/nnssl_results/0729/openmind005/Dataset005_OpenMind/EvaMDAETrainer_RandomMask_Flow_BS64__nnsslPlans__onemmiso/fold_all/checkpoint_best.pth,0.2,0.7426935434341431,0.7514467239379883,0.5691550970077515,0.5102005004882812,0.6552822589874268,0.8707059621810913,0.8672483563423157,0.7690361142158508,0.769501805305481,0.5517541766166687,0.7245613932609558,0.752792477607727,0.682539701461792,0.6822752356529236,0.6703929305076599,85655,1000,1754620667.0128434,200,7.615242180436517e-09,17600,,,,,avg,,,16.0,864.0,2.66666667,12.0,,,,,,/mnt/hanoverlimitedwus2/mri/scratch/t-jiachentu/nnssl_data/nnssl_results/0729/openmind005/Dataset005_OpenMind/EvaMDAETrainer_RandomMask_Flow_BS64__nnsslPlans__onemmiso/fold_all/checkpoint_best.pth,0.0,0.0,False,0.0,0.0,True,0.0,True,True,True,interpolate_trilinear
7245465396.22325-40860932-5569,eva_simmim_pretrained_t1_2025-08-07_02-54-32,finished,2025-08-07T02:55:57Z,https://microsoft-research.wandb.io/t-jiachentu/july_stratified_upenn_gbm_age_group_single_t1/runs/7245465396.22325-40860932-5569,,b3e949f9-0543-437e-91dd-51f422b48b66,t-jiachentu,False,0,Classification,200,False,Eva_MAE,200,False,1,multiclass,False,auto,False,3,AdamW,16-mixed,CosineAnneal,20,2,False,200,True,True,0,gpu,0.2,2,16,val,False,0,False,0.01,/mnt/hanoverlimitedwus2/scratch/t-jiachentu/nnssl_data/nnssl_preprocessed/Dataset004_UPENN_GBM,False,0.0001,1,False,0,True,False,full,False,0.2,4,False,batchgenerators.get_training_transforms,10,False,False,age_group,True,power,3,False,1,True,epochwise,/mnt/hanoverlimitedwus2/mri/scratch/t-jiachentu/pretrained_ckpts/eva/PrimusM-OpenMind-SimMIM/checkpoint_final.pth,0.2,0.6598539352416992,0.6545138955116272,0.5,0.35164836049079895,0.6906639337539673,0.6973183155059814,0.7220250368118286,0.6765585541725159,0.6769514679908752,0.6420183181762695,0.6814970970153809,0.6884186267852783,0.6507936716079712,0.6491625905036926,0.6597403883934021,74245,1000,1754609601.642761,200,7.615242180436517e-09,17600,,,,,avg,,,16.0,864.0,2.66666667,12.0,,,,,,/mnt/hanoverlimitedwus2/mri/scratch/t-jiachentu/pretrained_ckpts/eva/PrimusM-OpenMind-SimMIM/checkpoint_final.pth,0.0,0.0,False,0.0,0.0,True,0.0,True,True,True,interpolate
7245464117.71852-2abaa4e6-72a8,eva_mae_pretrained_t1_2025-08-07_03-15-21,finished,2025-08-07T03:16:08Z,https://microsoft-research.wandb.io/t-jiachentu/july_stratified_upenn_gbm_age_group_single_t1/runs/7245464117.71852-2abaa4e6-72a8,,2a046db2-9790-47fc-a085-57c8d06ccb48,t-jiachentu,False,0,Classification,200,False,Eva_MAE,200,False,1,multiclass,False,auto,False,3,AdamW,16-mixed,CosineAnneal,20,2,False,200,True,True,0,gpu,0.2,2,16,val,False,0,False,0.01,/mnt/hanoverlimitedwus2/scratch/t-jiachentu/nnssl_data/nnssl_preprocessed/Dataset004_UPENN_GBM,False,0.0001,1,False,0,True,False,full,False,0.2,4,False,batchgenerators.get_training_transforms,10,False,False,age_group,True,power,3,False,1,True,epochwise,/mnt/hanoverlimitedwus2/mri/scratch/t-jiachentu/pretrained_ckpts/eva/PrimusM-OpenMind-MAE/checkpoint_final.pth,0.2,0.773218035697937,0.7774884700775146,0.7005208730697632,0.7007896900177002,0.6234957575798035,0.8621273040771484,0.8752012848854065,0.8049229383468628,0.8046362400054932,0.5399948358535767,0.7441601753234863,0.7502938508987427,0.6693121790885925,0.6697860956192017,0.661079466342926,87310,1000,1754623879.440037,200,7.615242180436517e-09,17600,,,,,avg,,,16.0,864.0,2.66666667,12.0,,,,,,/mnt/hanoverlimitedwus2/mri/scratch/t-jiachentu/pretrained_ckpts/eva/PrimusM-OpenMind-MAE/checkpoint_final.pth,0.0,0.0,False,0.0,0.0,True,0.0,True,True,True,interpolate
7245462851.35410-4c1e16e8-167a,eva_vf_pretrained_t1_2025-08-07_03-31-23,finished,2025-08-07T03:31:56Z,https://microsoft-research.wandb.io/t-jiachentu/july_stratified_upenn_gbm_age_group_single_t1/runs/7245462851.35410-4c1e16e8-167a,,70b2fd07-94d0-49d8-9d73-374cdd72bdd9,t-jiachentu,False,0,Classification,200,False,Eva_MAE,200,False,1,multiclass,False,auto,False,3,AdamW,16-mixed,CosineAnneal,20,2,False,200,True,True,0,gpu,0.2,2,16,val,False,0,False,0.01,/mnt/hanoverlimitedwus2/scratch/t-jiachentu/nnssl_data/nnssl_preprocessed/Dataset004_UPENN_GBM,False,0.0001,1,False,0,True,False,full,False,0.2,4,False,batchgenerators.get_training_transforms,10,False,False,age_group,True,power,3,False,1,True,epochwise,/mnt/hanoverlimitedwus2/mri/scratch/t-jiachentu/pretrained_ckpts/eva/PrimusM-OpenMind-VF/checkpoint_final.pth,0.2,0.7893856167793274,0.7989004850387573,0.7126736044883728,0.7111175060272217,0.6084902882575989,0.9271556735038756,0.92982017993927,0.8500115275382996,0.8503289222717285,0.48615723848342896,0.7232469320297241,0.7322163581848145,0.6600528955459595,0.66031414270401,0.6883337497711182,78647,1000,1754616163.767233,200,7.615242180436517e-09,17600,,,,,avg,,,16.0,864.0,2.66666667,12.0,,,,,,/mnt/hanoverlimitedwus2/mri/scratch/t-jiachentu/pretrained_ckpts/eva/PrimusM-OpenMind-VF/checkpoint_final.pth,0.0,0.0,False,0.0,0.0,True,0.0,True,True,True,interpolate
7245462811.69337-2441af39-1166,eva_mg_pretrained_t1_2025-08-07_03-34-09,finished,2025-08-07T03:34:57Z,https://microsoft-research.wandb.io/t-jiachentu/july_stratified_upenn_gbm_age_group_single_t1/runs/7245462811.69337-2441af39-1166,,407fa3f4-81bf-4b35-9ddf-9836e865e70d,t-jiachentu,False,0,Classification,200,False,Eva_MAE,200,False,1,multiclass,False,auto,False,3,AdamW,16-mixed,CosineAnneal,20,2,False,200,True,True,0,gpu,0.2,2,16,val,False,0,False,0.01,/mnt/hanoverlimitedwus2/scratch/t-jiachentu/nnssl_data/nnssl_preprocessed/Dataset004_UPENN_GBM,False,0.0001,1,False,0,True,False,full,False,0.2,4,False,batchgenerators.get_training_transforms,10,False,False,age_group,True,power,3,False,1,True,epochwise,/mnt/hanoverlimitedwus2/mri/scratch/t-jiachentu/pretrained_ckpts/eva/PrimusM-OpenMind-MG/checkpoint_final.pth,0.2,0.7552024126052856,0.7748842239379883,0.7581018209457397,0.7593240141868591,0.6184511780738831,0.9584632515907288,0.9578033685684204,0.884978175163269,0.884978175163269,0.4492987394332886,0.779990017414093,0.7989417910575867,0.7447090148925781,0.7431206107139587,0.6668888926506042,86527,1000,1754624225.3232014,200,7.615242180436517e-09,17600,,,,,avg,,,16.0,864.0,2.66666667,12.0,,,,,,/mnt/hanoverlimitedwus2/mri/scratch/t-jiachentu/pretrained_ckpts/eva/PrimusM-OpenMind-MG/checkpoint_final.pth,0.0,0.0,False,0.0,0.0,True,0.0,True,True,True,interpolate
7245461594.69387-aa46676e-3348,eva_voco_pretrained_t1_2025-08-07_03-57-22,finished,2025-08-07T03:59:28Z,https://microsoft-research.wandb.io/t-jiachentu/july_stratified_upenn_gbm_age_group_single_t1/runs/7245461594.69387-aa46676e-3348,,b27601dd-9c47-4e6e-a48a-ad88e582b78c,t-jiachentu,False,0,Classification,200,False,Eva_MAE,200,False,1,multiclass,False,auto,False,3,AdamW,16-mixed,CosineAnneal,20,2,False,200,True,True,0,gpu,0.2,2,16,val,False,0,False,0.01,/mnt/hanoverlimitedwus2/scratch/t-jiachentu/nnssl_data/nnssl_preprocessed/Dataset004_UPENN_GBM,False,0.0001,1,False,0,True,False,full,False,0.2,4,False,batchgenerators.get_training_transforms,10,False,False,age_group,True,power,3,False,1,True,epochwise,/mnt/hanoverlimitedwus2/mri/scratch/t-jiachentu/pretrained_ckpts/eva/PrimusM-OpenMind-VoCo/checkpoint_final.pth,0.2,0.781282901763916,0.7774884104728699,0.6446759104728699,0.6241117715835571,0.6459605097770691,0.9352923631668092,0.9393177628517152,0.8792270421981812,0.8792270421981812,0.47171667218208313,0.7157903909683228,0.7248677015304565,0.6732804179191589,0.6732804179191589,0.7537514567375183,74521,1000,1754613687.8357766,200,7.615242180436517e-09,17600,,,,,avg,,,16.0,864.0,2.66666667,12.0,,,,,,/mnt/hanoverlimitedwus2/mri/scratch/t-jiachentu/pretrained_ckpts/eva/PrimusM-OpenMind-VoCo/checkpoint_final.pth,0.0,0.0,False,0.0,0.0,True,0.0,True,True,True,interpolate
7245319909.92300-143aeb30-b04b,resenc_MDAE_pretrained_t1_2025-08-08_19-22-26,finished,2025-08-08T19:23:13Z,https://microsoft-research.wandb.io/t-jiachentu/july_stratified_upenn_gbm_age_group_single_t1/runs/7245319909.92300-143aeb30-b04b,,5a563064-38e7-4386-9740-2809e4bb03a0,t-jiachentu,False,0,Classification,200,False,ResEncoder_Classifier,200,False,1,multiclass,False,auto,False,3,AdamW,16-mixed,CosineAnneal,20,4,False,200,True,True,0,gpu,0.2,2,16,val,False,0,False,0.01,/mnt/hanoverlimitedwus2/scratch/t-jiachentu/nnssl_data/nnssl_preprocessed/Dataset004_UPENN_GBM,False,6e-05,1,False,0,True,False,full,False,0.2,8,False,batchgenerators.get_training_transforms,10,False,False,age_group,True,power,3,False,1,True,epochwise,/mnt/hanoverlimitedwus2/mri/scratch/t-jiachentu/nnssl_data/nnssl_results/MDAE/Openmind/0705/Dataset005_OpenMind/BaseMDAETrainer_DDPM_90Mask_1500ep__nnsslPlans__onemmiso/fold_all/checkpoint_best.pth,0.2,0.757571280002594,0.7696759104728699,0.6741898059844971,0.6746008396148682,0.6751695871353149,0.9456695914268494,0.9449537992477416,0.8708304166793823,0.8706588745117188,0.4722202718257904,0.7349733710289001,0.7360376119613647,0.6732804179191589,0.6732804179191589,0.6854790449142456,21979,1000,1754702968.6496267,200,4.5691453082619125e-09,8800,,,,,,,,,,,,,,,,,,,,,,,,,,,,
7245319098.78232-b6def463-6c22,resenc_MDAE_pretrained_t1_2025-08-08_19-27-16,finished,2025-08-08T19:27:56Z,https://microsoft-research.wandb.io/t-jiachentu/july_stratified_upenn_gbm_age_group_single_t1/runs/7245319098.78232-b6def463-6c22,,e65c3052-4958-46a9-b207-85bd17767122,t-jiachentu,False,0,Classification,200,False,ResEncoder_Classifier,200,False,1,multiclass,False,auto,False,3,AdamW,16-mixed,CosineAnneal,20,4,False,200,True,True,0,gpu,0.2,2,16,val,False,0,False,0.01,/mnt/hanoverlimitedwus2/scratch/t-jiachentu/nnssl_data/nnssl_preprocessed/Dataset004_UPENN_GBM,False,6e-05,1,False,0,True,False,full,False,0.2,8,False,batchgenerators.get_training_transforms,10,False,False,age_group,True,power,3,False,1,True,epochwise,/mnt/hanoverlimitedwus2/mri/scratch/t-jiachentu/nnssl_data/nnssl_results/MDAE/Openmind/0705/Dataset005_OpenMind/BaseMDAETrainer_VE_90Mask_1500ep__nnsslPlans__onemmiso/fold_all/checkpoint_best.pth,0.2,0.7755023241043091,0.7939814925193787,0.7225115299224854,0.7237342596054077,0.6239084601402283,0.9744011163711548,0.974547266960144,0.9415688514709472,0.942375421524048,0.4202009439468384,0.7449675798416138,0.752792477607727,0.6957671642303467,0.6965093016624451,0.7135883569717407,20002,1000,1754701279.8456745,200,4.5691453082619125e-09,8800,,,,,,,,,,,,,,,,,,,,,,,,,,,,
7245318268.47298-184f0858-ad77,resenc_MDAE_pretrained_t1_2025-08-08_19-46-49,finished,2025-08-08T19:47:23Z,https://microsoft-research.wandb.io/t-jiachentu/july_stratified_upenn_gbm_age_group_single_t1/runs/7245318268.47298-184f0858-ad77,,ee2d0cec-3189-44aa-a399-91d7c51bdd85,t-jiachentu,False,0,Classification,200,False,ResEncoder_Classifier,200,False,1,multiclass,False,auto,False,3,AdamW,16-mixed,CosineAnneal,20,4,False,200,True,True,0,gpu,0.2,2,16,val,False,0,False,0.01,/mnt/hanoverlimitedwus2/scratch/t-jiachentu/nnssl_data/nnssl_preprocessed/Dataset004_UPENN_GBM,False,6e-05,1,False,0,True,False,full,False,0.2,8,False,batchgenerators.get_training_transforms,10,False,False,age_group,True,power,3,False,1,True,epochwise,/mnt/hanoverlimitedwus2/mri/scratch/t-jiachentu/nnssl_data/nnssl_results/MDAE/Openmind/0705/Dataset005_OpenMind/BaseMDAETrainer_Flow90_b48_2000ep__nnsslPlans__onemmiso/fold_all/checkpoint_best.pth,0.2,0.7925204634666443,0.7980324029922485,0.6669560074806213,0.6663690805435181,0.6084853410720825,0.9514169692993164,0.9519702196121216,0.8916494250297546,0.8909156322479248,0.4631682336330414,0.7398477792739868,0.7460317611694336,0.6865079402923584,0.6871657967567444,0.6987465023994446,20248,1000,1754702690.8078015,200,4.5691453082619125e-09,8800,,,,,,,,,,,,,,,,,,,,,,,,,,,,
7245180866.14101-612df8d8-25f7,resenc_MDAETrainer_RandomMask_Flow_BS48_2000ep_pretrained_t1_2025-08-10_09-54-34,finished,2025-08-10T09:55:07Z,https://microsoft-research.wandb.io/t-jiachentu/july_stratified_upenn_gbm_age_group_single_t1/runs/7245180866.14101-612df8d8-25f7,,77a8f4f4-35ae-4acf-89e9-58e351936983,t-jiachentu,False,0,Classification,200,False,ResEncoder_Classifier,200,False,1,multiclass,False,auto,False,3,AdamW,16-mixed,CosineAnneal,20,4,False,200,True,True,0,gpu,0.2,2,16,val,False,0,False,0.01,/mnt/hanoverlimitedwus2/scratch/t-jiachentu/nnssl_data/nnssl_preprocessed/Dataset004_UPENN_GBM,False,8e-05,1,False,0,True,False,full,False,0.2,8,False,batchgenerators.get_training_transforms,30,False,False,age_group,True,power,3,False,1,True,epochwise,/mnt/hanoverlimitedwus2/mri/scratch/t-jiachentu/nnssl_data/nnssl_results/MDAE/Openmind/0705/Dataset005_OpenMind/BaseMDAETrainer_RandomMask_Flow_BS48_2000ep__nnsslPlans__onemmiso/fold_all/checkpoint_best.pth,0.2,0.8261224031448364,0.8388309478759766,0.7682291269302368,0.7627118825912476,0.587239146232605,0.92002272605896,0.9218672513961792,0.8597883582115173,0.8592820167541504,0.4971183240413666,0.7388942837715149,0.7696943283081055,0.75,0.7503127455711365,0.6572909355163574,23698,1000,1754843403.42498,200,6.092193744349217e-09,8800,,,,,,,,,,,,,,,,,,,,,,,,,,,,
7245180563.09049-7e570d64-a094,resenc_time_conditioned_pretrained_t1_2025-08-10_10-06-34,finished,2025-08-10T10:07:14Z,https://microsoft-research.wandb.io/t-jiachentu/july_stratified_upenn_gbm_age_group_single_t1/runs/7245180563.09049-7e570d64-a094,,a55da429-d910-4cc5-b0cb-1dc4f252b583,t-jiachentu,False,0,Classification,200,False,ResEncTimeConditioned,200,False,1,multiclass,False,auto,False,3,AdamW,16-mixed,CosineAnneal,20,4,False,200,True,True,0,gpu,0.2,2,16,val,False,0,False,0.01,/mnt/hanoverlimitedwus2/scratch/t-jiachentu/nnssl_data/nnssl_preprocessed/Dataset004_UPENN_GBM,False,8e-05,1,False,0,True,False,full,False,0.2,4,False,batchgenerators.get_training_transforms,30,False,False,age_group,True,power,3,False,1,True,epochwise,/mnt/hanoverlimitedwus2/mri/scratch/t-jiachentu/nnssl_data/nnssl_results/MDAE/Openmind/0705/Dataset005_OpenMind/NoiseConditionedMDAETrainer_RandomMask_BS32_2000ep__nnsslPlans__onemmiso/fold_all/checkpoint_best.pth,0.5,0.6553261280059814,0.6290509700775146,0.5,0.35164836049079895,0.6907304525375366,0.6012738347053528,0.613017201423645,0.5525649785995483,0.5349702835083008,0.6805998086929321,0.5092021226882935,0.513668417930603,0.4920635223388672,0.4920156002044678,0.6934224367141724,23606,1000,1754844040.9037747,200,6.092193744349217e-09,17600,256.0,0.5,False,64.0,cls_token,,,,,,,,,,,,,,,,,,,,,,,
7245056156.75742-6adcfebe-9f0c,resenc_c2s_pretrained_t1_2025-08-11_20-31-47,finished,2025-08-11T20:32:17Z,https://microsoft-research.wandb.io/t-jiachentu/july_stratified_upenn_gbm_age_group_single_t1/runs/7245056156.75742-6adcfebe-9f0c,,934f9b46-d164-42ff-a821-2cd45919250f,t-jiachentu,False,0,Classification,100,False,ResEncoder_Classifier,100,False,1,multiclass,False,auto,False,3,AdamW,16-mixed,CosineAnneal,20,1,False,100,True,True,0,gpu,0.2,2,16,val,False,0,False,0.01,/mnt/hanoverlimitedwus2/scratch/t-jiachentu/nnssl_data/nnssl_preprocessed/Dataset004_UPENN_GBM,False,0.0001,1,False,0,True,False,full,False,0.2,1,False,batchgenerators.get_training_transforms,30,False,False,age_group,True,power,3,False,1,False,epochwise,/mnt/hanoverlimitedwus2/mri/scratch/t-jiachentu/nnssl_data/nnssl_results/c2s/Openmind/0702/Dataset005_OpenMind/BaseC2STrainer_BS48_1000ep__nnsslPlans__onemmiso/fold_all/checkpoint_best.pth,0.2,0.7322125434875488,0.7141203880310059,0.5,0.35164836049079895,0.689005434513092,0.7271280288696289,0.7560878992080688,0.7056590914726257,0.7065781354904175,0.6268465518951416,0.6961535215377808,0.7160493731498718,0.6666666865348816,0.6664165258407593,0.6473188400268555,11917,500,1754956252.411976,100,3.854818796385494e-08,35000,,,,,,,,,,,,,,,,,,,,,,,,,,,,
7245053652.34536-c6211e16-b004,resenc_emdae_randmask_flow_pretrained_t1_2025-08-11_23-42-04,finished,2025-08-11T21:08:34Z,https://microsoft-research.wandb.io/t-jiachentu/july_stratified_upenn_gbm_age_group_single_t1/runs/7245053652.34536-c6211e16-b004,,b62abe8e-6d36-44ef-bd2b-6b1820460dff,t-jiachentu,False,0,Classification,200,False,ResEncoder_Classifier,200,False,1,multiclass,False,auto,False,3,AdamW,16-mixed,CosineAnneal,20,4,False,200,True,True,0,gpu,0.2,2,16,val,False,0,False,0.01,/mnt/hanoverlimitedwus2/scratch/t-jiachentu/nnssl_data/nnssl_preprocessed/Dataset004_UPENN_GBM,False,7e-05,1,False,0,True,False,full,False,0.2,4,False,batchgenerators.get_training_transforms,30,False,False,age_group,True,power,3,False,1,False,epochwise,/mnt/hanoverlimitedwus2/mri/scratch/t-jiachentu/nnssl_data/nnssl_results/EMDAE/Openmind/0711/Dataset005_OpenMind/BaseEMDAETrainer_RandomMask_BottleneckCorruption_Flow_BS48_2000ep__nnsslPlans__onemmiso/fold_all/checkpoint_best.pth,0.2,0.7607541084289551,0.7798032760620117,0.6805555820465088,0.6812906265258789,0.6429338455200195,0.8773923516273499,0.8821519613265991,0.7987117767333984,0.7987117767333984,0.5392191410064697,0.7080280184745789,0.7219282984733582,0.6574074029922485,0.6568914651870728,0.6775389909744263,27790,1396,1754974722.3357878,200,5.330669526305569e-09,17600,,,,,,,,,,,,,,,,,,,,,,,,,,,,
7245044597.71984-440b29f1-26d4,resenc_emdae_base_pretrained_t1_2025-08-11_23-39-02,finished,2025-08-11T23:39:35Z,https://microsoft-research.wandb.io/t-jiachentu/july_stratified_upenn_gbm_age_group_single_t1/runs/7245044597.71984-440b29f1-26d4,,d43eba3d-302e-4505-9b60-56a68f7668fd,t-jiachentu,False,0,Classification,200,False,ResEncoder_Classifier,200,False,1,multiclass,False,auto,False,3,AdamW,16-mixed,CosineAnneal,20,4,False,200,True,True,0,gpu,0.2,2,16,val,False,0,False,0.01,/mnt/hanoverlimitedwus2/scratch/t-jiachentu/nnssl_data/nnssl_preprocessed/Dataset004_UPENN_GBM,False,7e-05,1,False,0,True,False,full,False,0.2,4,False,batchgenerators.get_training_transforms,30,False,False,age_group,True,power,3,False,1,False,epochwise,/mnt/hanoverlimitedwus2/mri/scratch/t-jiachentu/nnssl_data/nnssl_results/EMDAE/Openmind/0711/Dataset005_OpenMind/BaseEMDAETrainer_BS48_90Mask_1000ep__nnsslPlans__onemmiso/fold_all/checkpoint_best.pth,0.2,0.7939311861991882,0.7984664440155029,0.6426504850387573,0.6341085433959961,0.6806473731994629,0.9762258529663086,0.9771435260772704,0.92742121219635,0.928006649017334,0.4122977554798126,0.7539193034172058,0.770135223865509,0.7037037014961243,0.7045454978942871,0.713872492313385,22898,1000,1754978473.3498626,200,5.330669526305569e-09,17600,,,,,,,,,,,,,,,,,,,,,,,,,,,,
7245043906.69678-7b8fb80b-053f,resenc_emdae_bottleneck_pretrained_t1_2025-08-11_23-50-19,finished,2025-08-11T23:50:49Z,https://microsoft-research.wandb.io/t-jiachentu/july_stratified_upenn_gbm_age_group_single_t1/runs/7245043906.69678-7b8fb80b-053f,,0ac06c6a-d702-4209-a254-1f48af2df110,t-jiachentu,False,0,Classification,200,False,ResEncoder_Classifier,200,False,1,multiclass,False,auto,False,3,AdamW,16-mixed,CosineAnneal,20,4,False,200,True,True,0,gpu,0.2,2,16,val,False,0,False,0.01,/mnt/hanoverlimitedwus2/scratch/t-jiachentu/nnssl_data/nnssl_preprocessed/Dataset004_UPENN_GBM,False,7e-05,1,False,0,True,False,full,False,0.2,4,False,batchgenerators.get_training_transforms,30,False,False,age_group,True,power,3,False,1,False,epochwise,/mnt/hanoverlimitedwus2/mri/scratch/t-jiachentu/nnssl_data/nnssl_results/EMDAE/Openmind/0711/Dataset005_OpenMind/BaseEMDAETrainer_BottleneckCorruption_BS48_90Mask_2000ep__nnsslPlans__onemmiso/fold_all/checkpoint_best.pth,0.2,0.8183639049530029,0.8307291269302368,0.7381365299224854,0.7397059202194214,0.6056855916976929,0.9267905354499816,0.9256794452667236,0.8397745490074158,0.8410811424255371,0.4982533156871796,0.761587381362915,0.763668417930603,0.6640211343765259,0.6621580123901367,0.6675601601600647,22626,1000,1754978878.430469,200,5.330669526305569e-09,17600,,,,,,,,,,,,,,,,,,,,,,,,,,,,
7245043213.77750-506c7bcd-322d,resenc_emdae_bottleneck_flow_pretrained_t1_2025-08-12_00-02-17,finished,2025-08-12T00:02:46Z,https://microsoft-research.wandb.io/t-jiachentu/july_stratified_upenn_gbm_age_group_single_t1/runs/7245043213.77750-506c7bcd-322d,,ecb54a4f-3dac-4376-a0aa-54fc35de29b7,t-jiachentu,False,0,Classification,200,False,ResEncoder_Classifier,200,False,1,multiclass,False,auto,False,3,AdamW,16-mixed,CosineAnneal,20,4,False,200,True,True,0,gpu,0.2,2,16,val,False,0,False,0.01,/mnt/hanoverlimitedwus2/scratch/t-jiachentu/nnssl_data/nnssl_preprocessed/Dataset004_UPENN_GBM,False,7e-05,1,False,0,True,False,full,False,0.2,4,False,batchgenerators.get_training_transforms,30,False,False,age_group,True,power,3,False,1,False,epochwise,/mnt/hanoverlimitedwus2/mri/scratch/t-jiachentu/nnssl_data/nnssl_results/EMDAE/Openmind/0711/Dataset005_OpenMind/BaseEMDAETrainer_BottleneckCorruption_Flow_BS48_90Mask_2000ep__nnsslPlans__onemmiso/fold_all/checkpoint_best.pth,0.2,0.8231285810470581,0.8382523059844971,0.7760416269302368,0.7711700201034546,0.6071026921272278,0.9784616827964784,0.979493260383606,0.9256958961486816,0.925302028656006,0.4157552123069763,0.8030557632446289,0.811287522315979,0.7592592239379883,0.7592592239379883,0.6343554854393005,21705,1000,1754978666.6871824,200,5.330669526305569e-09,17600,,,,,,,,,,,,,,,,,,,,,,,,,,,,
7245042516.79485-02b7fae0-026f,resenc_emdae_multistage_flow_pretrained_t1_2025-08-12_00-18-19,finished,2025-08-12T00:18:50Z,https://microsoft-research.wandb.io/t-jiachentu/july_stratified_upenn_gbm_age_group_single_t1/runs/7245042516.79485-02b7fae0-026f,,2498f17a-c156-4db2-88bd-e32825ff0597,t-jiachentu,False,0,Classification,200,False,ResEncoder_Classifier,200,False,1,multiclass,False,auto,False,3,AdamW,16-mixed,CosineAnneal,20,4,False,200,True,True,0,gpu,0.2,2,16,val,False,0,False,0.01,/mnt/hanoverlimitedwus2/scratch/t-jiachentu/nnssl_data/nnssl_preprocessed/Dataset004_UPENN_GBM,False,7e-05,1,False,0,True,False,full,False,0.2,4,False,batchgenerators.get_training_transforms,30,False,False,age_group,True,power,3,False,1,False,epochwise,/mnt/hanoverlimitedwus2/mri/scratch/t-jiachentu/nnssl_data/nnssl_results/EMDAE/Openmind/0711/Dataset005_OpenMind/BaseEMDAETrainer_MultiStage_Flow_BS48_90Mask_2000ep__nnsslPlans__onemmiso/fold_all/checkpoint_best.pth,0.2,0.7063989639282227,0.7194733619689941,0.5,0.3139534890651703,0.7817919254302979,0.8723437190055847,0.8764336705207825,0.8031976222991943,0.8021448850631714,0.5448708534240723,0.7208912968635559,0.7304526567459106,0.6296296119689941,0.6297740936279297,0.6666240096092224,21788,1000,1754979717.0732975,200,5.330669526305569e-09,17600,,,,,,,,,,,,,,,,,,,,,,,,,,,,
7245041827.04797-34055bed-3f81,resenc_emdae_randmask_flow_pretrained_t1_2025-08-12_00-26-31,finished,2025-08-12T00:27:02Z,https://microsoft-research.wandb.io/t-jiachentu/july_stratified_upenn_gbm_age_group_single_t1/runs/7245041827.04797-34055bed-3f81,,e87d9bc2-1033-4cac-8c72-cff53773989d,t-jiachentu,False,0,Classification,200,False,ResEncoder_Classifier,200,False,1,multiclass,False,auto,False,3,AdamW,16-mixed,CosineAnneal,20,4,False,200,True,True,0,gpu,0.2,2,16,val,False,0,False,0.01,/mnt/hanoverlimitedwus2/scratch/t-jiachentu/nnssl_data/nnssl_preprocessed/Dataset004_UPENN_GBM,False,7e-05,1,False,0,True,False,full,False,0.2,4,False,batchgenerators.get_training_transforms,30,False,False,age_group,True,power,3,False,1,False,epochwise,/mnt/hanoverlimitedwus2/mri/scratch/t-jiachentu/nnssl_data/nnssl_results/EMDAE/Openmind/0711/Dataset005_OpenMind/BaseEMDAETrainer_RandomMask_BottleneckCorruption_Flow_BS48_2000ep__nnsslPlans__onemmiso/fold_all/checkpoint_best.pth,0.2,0.7916465401649475,0.8041087985038757,0.7497106790542603,0.7456896305084229,0.601865828037262,0.9460716247558594,0.9507542252540588,0.9018863439559937,0.8997635245323181,0.4589751660823822,0.6875025629997253,0.6931216716766357,0.6547619104385376,0.6550707817077637,0.7746165990829468,22809,1000,1754981229.9588077,200,5.330669526305569e-09,17600,,,,,,,,,,,,,,,,,,,,,,,,,,,,
7245041136.70967-4dae5653-2b7f,resenc_emdae_randmask_multistage_pretrained_t1_2025-08-12_00-40-56,finished,2025-08-12T00:41:27Z,https://microsoft-research.wandb.io/t-jiachentu/july_stratified_upenn_gbm_age_group_single_t1/runs/7245041136.70967-4dae5653-2b7f,,d92ffe31-58ad-4ea8-a4b8-bed2b3412f30,t-jiachentu,False,0,Classification,200,False,ResEncoder_Classifier,200,False,1,multiclass,False,auto,False,3,AdamW,16-mixed,CosineAnneal,20,4,False,200,True,True,0,gpu,0.2,2,16,val,False,0,False,0.01,/mnt/hanoverlimitedwus2/scratch/t-jiachentu/nnssl_data/nnssl_preprocessed/Dataset004_UPENN_GBM,False,7e-05,1,False,0,True,False,full,False,0.2,4,False,batchgenerators.get_training_transforms,30,False,False,age_group,True,power,3,False,1,False,epochwise,/mnt/hanoverlimitedwus2/mri/scratch/t-jiachentu/nnssl_data/nnssl_results/EMDAE/Openmind/0711/Dataset005_OpenMind/BaseEMDAETrainer_RandomMask_MultiStage_BS48_2000ep__nnsslPlans__onemmiso/fold_all/checkpoint_best.pth,0.2,0.8033733367919922,0.8097511529922485,0.7239583730697632,0.7249417304992676,0.6012365221977234,0.9816206693649292,0.982352375984192,0.9367380142211914,0.9367380142211914,0.40514305233955383,0.6811988353729248,0.7034097909927368,0.679894208908081,0.68039870262146,0.7777633666992188,22558,1000,1754981847.5369666,200,5.330669526305569e-09,17600,,,,,,,,,,,,,,,,,,,,,,,,,,,,
7244836541.97253-4da66456-de6c,resenc_pretrained_t1_2025-08-14_09-26-31,finished,2025-08-14T09:27:03Z,https://microsoft-research.wandb.io/t-jiachentu/july_stratified_upenn_gbm_age_group_single_t1/runs/7244836541.97253-4da66456-de6c,,0d89de06-b0fe-4448-96ba-f7ff69c52fb1,t-jiachentu,False,0,Classification,100,False,ResEncoder_Classifier,100,False,1,multiclass,False,auto,False,3,AdamW,16-mixed,CosineAnneal,20,1,False,100,True,True,0,gpu,0.2,2,16,val,False,0,False,0.01,/mnt/hanoverlimitedwus2/scratch/t-jiachentu/nnssl_data/nnssl_preprocessed/Dataset004_UPENN_GBM,False,0.0001,1,False,0,True,False,full,False,0.2,1,False,batchgenerators.get_training_transforms,10,False,False,age_group,True,power,3,False,1,False,epochwise,/mnt/hanoverlimitedwus2/mri/scratch/t-jiachentu/nnssl_data/nnssl_results/continued_pretraining/Dataset005_OpenMind/MAEContTrainer__nnsslPlans__onemmiso/fold_all/checkpoint_best.pth,0.2,0.5425047874450684,0.5248842239379883,0.5,0.35164836049079895,0.6925785541534424,0.5121244192123413,0.5117322206497192,0.4794110655784607,0.4415098428726196,0.694603681564331,0.6436111927032471,0.6324220895767212,0.5,0.3499999940395355,0.6901188492774963,12854,500,1755176477.5031278,100,3.854818796385494e-08,35000,,,,,,,,,,,,,,,,,,,,,,,,,,,,
7244836306.65508-43ce3d5a-268a,resenc_SwinUNETR_pretrained_t1_2025-08-14_11-02-20,finished,2025-08-14T09:35:13Z,https://microsoft-research.wandb.io/t-jiachentu/july_stratified_upenn_gbm_age_group_single_t1/runs/7244836306.65508-43ce3d5a-268a,,7f7ab164-e327-42f3-b7fa-2ab56d5c38ca,t-jiachentu,False,0,Classification,100,False,ResEncoder_Classifier,100,False,1,multiclass,False,auto,False,3,AdamW,16-mixed,CosineAnneal,20,1,False,100,True,True,0,gpu,0.2,2,16,val,False,0,False,0.01,/mnt/hanoverlimitedwus2/scratch/t-jiachentu/nnssl_data/nnssl_preprocessed/Dataset004_UPENN_GBM,False,0.0001,1,False,0,True,False,full,False,0.2,1,False,batchgenerators.get_training_transforms,10,False,False,age_group,True,power,3,False,1,False,epochwise,/mnt/hanoverlimitedwus2/mri/scratch/t-jiachentu/nnssl_data/nnssl_results/continued_pretraining/Dataset005_OpenMind/SwinUNETRContTrainer__nnsslPlans__onemmiso/fold_all/checkpoint_best.pth,0.2,0.6160948276519775,0.6142939329147339,0.5833333730697632,0.5757837295532227,0.681874692440033,0.696892261505127,0.7049524784088135,0.6344605684280396,0.6347402334213257,0.6508440971374512,0.6696348190307617,0.6890064477920532,0.6640211343765259,0.6642137169837952,0.6604574918746948,14171,627,1755179997.3387902,100,3.854818796385494e-08,35000,,,,,,,,,,,,,,,,,,,,,,,,,,,,
7244834459.83308-a335cd78-0b6d,resenc_pretrained_t1_2025-08-14_10-01-51,finished,2025-08-14T10:02:21Z,https://microsoft-research.wandb.io/t-jiachentu/july_stratified_upenn_gbm_age_group_single_t1/runs/7244834459.83308-a335cd78-0b6d,,e64e5828-0aad-43a1-8069-4b142f3f48a2,t-jiachentu,False,0,Classification,100,False,ResEncoder_Classifier,100,False,1,multiclass,False,auto,False,3,AdamW,16-mixed,CosineAnneal,20,1,False,100,True,True,0,gpu,0.2,2,16,val,False,0,False,0.01,/mnt/hanoverlimitedwus2/scratch/t-jiachentu/nnssl_data/nnssl_preprocessed/Dataset004_UPENN_GBM,False,0.0001,1,False,0,True,False,full,False,0.2,1,False,batchgenerators.get_training_transforms,10,False,False,age_group,True,power,3,False,1,False,epochwise,/mnt/hanoverlimitedwus2/mri/scratch/t-jiachentu/nnssl_data/nnssl_results/continued_pretraining/Dataset005_OpenMind/ModelGenesisContTrainer__nnsslPlans__onemmiso/fold_all/checkpoint_best.pth,0.2,0.6551863551139832,0.6588541269302368,0.5,0.35164836049079895,0.6990879774093628,0.6971321702003479,0.7145158052444458,0.6525189876556396,0.652624249458313,0.6470721364021301,0.7243688106536865,0.7216343283653259,0.6216931343078613,0.61900794506073,0.6467494964599609,12046,500,1755177788.06648,100,3.854818796385494e-08,35000,,,,,,,,,,,,,,,,,,,,,,,,,,,,
7244834411.24877-8e121574-7eaa,resenc_VoCo_pretrained_t1_2025-08-14_10-02-23,finished,2025-08-14T10:03:00Z,https://microsoft-research.wandb.io/t-jiachentu/july_stratified_upenn_gbm_age_group_single_t1/runs/7244834411.24877-8e121574-7eaa,,e9e3e4be-0312-4514-aeeb-9c7678b6a6bd,t-jiachentu,False,0,Classification,100,False,ResEncoder_Classifier,100,False,1,multiclass,False,auto,False,3,AdamW,16-mixed,CosineAnneal,20,1,False,100,True,True,0,gpu,0.2,2,16,val,False,0,False,0.01,/mnt/hanoverlimitedwus2/scratch/t-jiachentu/nnssl_data/nnssl_preprocessed/Dataset004_UPENN_GBM,False,0.0001,1,False,0,True,False,full,False,0.2,1,False,batchgenerators.get_training_transforms,10,False,False,age_group,True,power,3,False,1,False,epochwise,/mnt/hanoverlimitedwus2/mri/scratch/t-jiachentu/nnssl_data/nnssl_results/continued_pretraining/Dataset005_OpenMind/VoCoContTrainer__nnsslPlans__onemmiso/fold_all/checkpoint_best.pth,0.2,0.7017508745193481,0.7016782760620117,0.6438078880310059,0.6349377632141113,0.6656316518783569,0.7245633006095886,0.7462453842163086,0.7000229954719543,0.7003523111343384,0.6317605972290039,0.7395493388175964,0.7281011343002319,0.6865079402923584,0.6871657967567444,0.640745222568512,11233,500,1755177010.667967,100,3.854818796385494e-08,35000,,,,,,,,,,,,,,,,,,,,,,,,,,,,
7244832721.58182-0fdd844e-1b40,resenc_SimCLR_pretrained_t1_2025-08-14_10-31-36,finished,2025-08-14T10:32:09Z,https://microsoft-research.wandb.io/t-jiachentu/july_stratified_upenn_gbm_age_group_single_t1/runs/7244832721.58182-0fdd844e-1b40,,d17c0443-6897-43fe-b3f9-68dc864f52d0,t-jiachentu,False,0,Classification,100,False,ResEncoder_Classifier,100,False,1,multiclass,False,auto,False,3,AdamW,16-mixed,CosineAnneal,20,1,False,100,True,True,0,gpu,0.2,2,16,val,False,0,False,0.01,/mnt/hanoverlimitedwus2/scratch/t-jiachentu/nnssl_data/nnssl_preprocessed/Dataset004_UPENN_GBM,False,0.0001,1,False,0,True,False,full,False,0.2,1,False,batchgenerators.get_training_transforms,10,False,False,age_group,True,power,3,False,1,False,epochwise,/mnt/hanoverlimitedwus2/mri/scratch/t-jiachentu/nnssl_data/nnssl_results/continued_pretraining/Dataset005_OpenMind/SimCLRContTrainer__nnsslPlans__onemmiso/fold_all/checkpoint_best.pth,0.2,0.654464840888977,0.6633391380310059,0.5,0.35164836049079895,0.7575507164001465,0.6679997444152832,0.7066121101379395,0.6862204074859619,0.6869202256202698,0.6488893032073975,0.6584051251411438,0.6679894328117371,0.6534391641616821,0.6495726704597473,0.6628002524375916,12106,500,1755179635.4435642,100,3.854818796385494e-08,35000,,,,,,,,,,,,,,,,,,,,,,,,,,,,
7244832651.67015-6a1c5f08-8475,resenc_pretrained_t1_2025-08-14_10-35-43,finished,2025-08-14T10:36:18Z,https://microsoft-research.wandb.io/t-jiachentu/july_stratified_upenn_gbm_age_group_single_t1/runs/7244832651.67015-6a1c5f08-8475,,120be794-b9d3-4c44-9be6-4e1d3fc47580,t-jiachentu,False,0,Classification,100,False,ResEncoder_Classifier,100,False,1,multiclass,False,auto,False,3,AdamW,16-mixed,CosineAnneal,20,1,False,100,True,True,0,gpu,0.2,2,16,val,False,0,False,0.01,/mnt/hanoverlimitedwus2/scratch/t-jiachentu/nnssl_data/nnssl_preprocessed/Dataset004_UPENN_GBM,False,0.0001,1,False,0,True,False,full,False,0.2,1,False,batchgenerators.get_training_transforms,10,False,False,age_group,True,power,3,False,1,False,epochwise,/mnt/hanoverlimitedwus2/mri/scratch/t-jiachentu/nnssl_data/nnssl_results/continued_pretraining/Dataset005_OpenMind/VolumeFusionContTrainer__nnsslPlans__onemmiso/fold_all/checkpoint_best.pth,0.2,0.7325176000595093,0.7394386529922485,0.5,0.35164836049079895,0.7399255037307739,0.6815406084060669,0.7001380920410156,0.6701173186302185,0.6696332097053528,0.6493543982505798,0.654596209526062,0.6631393432617188,0.6230158805847168,0.6214162111282349,0.6662108302116394,10718,500,1755178494.7591352,100,3.854818796385494e-08,35000,,,,,,,,,,,,,,,,,,,,,,,,,,,,
7244786349.84393-08139f75-f45a,resenc_scratch_t1_2025-08-14_23-28-14,finished,2025-08-14T23:28:38Z,https://microsoft-research.wandb.io/t-jiachentu/july_stratified_upenn_gbm_age_group_single_t1/runs/7244786349.84393-08139f75-f45a,,c2dee82d-d58d-44ad-b361-c39c9508e707,t-jiachentu,False,0,Classification,200,False,ResEncoder_Classifier,200,False,1,multiclass,False,auto,False,3,AdamW,16-mixed,CosineAnneal,20,4,False,200,False,True,0,gpu,0.2,2,16,val,False,0,False,0.01,/mnt/hanoverlimitedwus2/scratch/t-jiachentu/nnssl_data/nnssl_preprocessed/Dataset004_UPENN_GBM,False,0.0001,1,False,0,True,False,full,False,0.2,4,False,batchgenerators.get_training_transforms,10,False,False,age_group,True,power,3,False,1,False,epochwise,,0.2,0.7486202716827393,0.7531828880310059,0.7424768209457397,0.743105947971344,0.6173835396766663,0.8025389909744263,0.8142232894897461,0.7592592239379883,0.7601770162582397,0.5932575464248657,0.7490651607513428,0.7755732536315918,0.7076719999313354,0.7076719999313354,0.6157093644142151,19415,1000,1755233535.699095,200,7.615242180436517e-09,17600,,,,,,,,,,,,,,,,,,,,,,,,,,,,
