run_id,run_name,state,created_at,url,tags,group,user,metric__runtime,config_sam,config_fold,config_task,config_T_max,config_mixup,config_model,config_epochs,config_compile,config_devices,config_subtask,config_nesterov,config_strategy,config_benchmark,config_input_dim,config_optimizer,config_precision,config_scheduler,config_warmstart,config_batch_size,config_cifar_size,config_max_epochs,config_pretrained,config_save_preds,config_warmstart2,config_accelerator,config_mixup_alpha,config_num_classes,config_num_workers,config_result_plot,config_adaptive_sam,config_dropout_prob,config_modality_idx,config_undecay_norm,config_weight_decay,config_data_root_dir,config_deterministic,config_learning_rate,config_input_channels,config_random_batches,config_resnet_dropout,config_sync_batchnorm,config_apply_shakedrop,config_finetune_method,config_freeze_backbone,config_label_smoothing,config_final_batch_size,config_stochastic_depth,config_train_transforms,config_log_every_n_steps,config_squeeze_excitation,config_zero_init_residual,config_classification_task,config_use_single_modality,config_auto_batch_size_mode,config_auto_batch_size_steps,config_prepare_data_per_node,config_accumulate_grad_batches,config_auto_batch_size_enabled,config_metric_computation_mode,config_token_aggregation_method,config_pretrained_checkpoint_path,config_use_brainiac_preprocessing,config_classification_head_dropout,metric_Test/AP,metric_Test/AUROC,metric_Test/Balanced_Accuracy,metric_Test/F1,metric_Test/loss,metric_Train/AP,metric_Train/AUROC,metric_Train/Balanced_Accuracy,metric_Train/F1,metric_Train/loss,metric_Val/AP,metric_Val/AUROC,metric_Val/Balanced_Accuracy,metric_Val/F1,metric_Val/loss,metric__step,metric__timestamp,metric_epoch,metric_lr-AdamW,metric_trainer/global_step,config_time_dim,config_dropout_rate,config_freeze_encoder,config_learned_sinusoidal_dim,config_dinov2_model_name,config_slice_aggregation,config_depth,config_embed_dim,config_mlp_ratio,config_num_heads,config_hidden_dim,config_image_size,config_patch_size
7245191486.96302-e1a4faee-adfe,brainiac_scratch_multi_t1_t1c_t2_flair_swi_asl_2025-08-10_06-54-17,failed,2025-08-10T06:54:37Z,https://microsoft-research.wandb.io/t-jiachentu/july_stratified_ucsf_pdgm_idh_classification_multi_t1_t1c_t2_flair_swi_asl/runs/7245191486.96302-e1a4faee-adfe,,bf015bbb-02fa-4384-a3c9-d1bdef93b16a,t-jiachentu,1487.0,,,,,,,,,,,,,,,,,,,,,,,,,,,,,,,,,,,,,,,,,,,,,,,,,,,,,,,,,,,,,,,,,,,,,,,,,,,,,,,,,,,,,,,,,,,,,,,,
7245191511.77590-00122295-fc18,brainiac_pretrained_multi_t1_t1c_t2_flair_swi_asl_2025-08-10_06-56-40,failed,2025-08-10T06:57:01Z,https://microsoft-research.wandb.io/t-jiachentu/july_stratified_ucsf_pdgm_idh_classification_multi_t1_t1c_t2_flair_swi_asl/runs/7245191511.77590-00122295-fc18,,e2671e50-46b0-4907-afc5-863699bc8a62,t-jiachentu,1488.0,,,,,,,,,,,,,,,,,,,,,,,,,,,,,,,,,,,,,,,,,,,,,,,,,,,,,,,,,,,,,,,,,,,,,,,,,,,,,,,,,,,,,,,,,,,,,,,,
7245190927.26383-d7b15861-6ed8,brainmvp_pretrained_multi_t1_t1c_t2_flair_swi_asl_2025-08-10_07-02-29,finished,2025-08-10T07:02:51Z,https://microsoft-research.wandb.io/t-jiachentu/july_stratified_ucsf_pdgm_idh_classification_multi_t1_t1c_t2_flair_swi_asl/runs/7245190927.26383-d7b15861-6ed8,,190c0b07-8741-473a-97d0-c32c1714ea4c,t-jiachentu,39701.0,False,0,Classification,200.0,False,brainmvp,200.0,False,1.0,multiclass,False,auto,False,3.0,AdamW,16-mixed,CosineAnneal,20.0,1.0,False,200.0,True,True,0.0,gpu,0.2,2.0,16.0,val,False,0.2,0.0,False,0.01,/mnt/hanoverlimitedwus2/scratch/t-jiachentu/nnssl_data/nnssl_preprocessed/Dataset003_UCSF_PDGM,False,6e-05,6.0,False,0.0,True,False,full,False,0.2,4.0,False,batchgenerators.get_training_transforms,60.0,False,False,idh_classification,False,power,3.0,False,1.0,True,epochwise,cls_token,/mnt/hanoverlimitedwus2/scratch/t-jiachentu/nnssl_data/pretrained_ckpts/BrainMVP/BrainMVP_unet.pt,True,0.0,0.7471223473548889,0.8021978139877319,0.5,0.4406779706478119,0.781272292137146,0.996951162815094,0.998445451259613,0.9689443111419678,0.9689443111419678,0.3477139472961426,0.7451604604721069,0.7912801504135132,0.5822510719299316,0.5919351577758789,0.5586355328559875,1000.0,1754849071.375342,200.0,4.5691453082619125e-09,14800.0,,,,,,,,,,,,,
7245190338.96816-f122fb51-1528,dinov2_frozen_multi_t1_t1c_t2_flair_swi_asl_2025-08-10_07-15-31,crashed,2025-08-10T07:15:50Z,https://microsoft-research.wandb.io/t-jiachentu/july_stratified_ucsf_pdgm_idh_classification_multi_t1_t1c_t2_flair_swi_asl/runs/7245190338.96816-f122fb51-1528,,4048139c-16fc-4218-bdad-bf9bf68e4a3b,t-jiachentu,,,,,,,,,,,,,,,,,,,,,,,,,,,,,,,,,,,,,,,,,,,,,,,,,,,,,,,,,,,,,,,,,,,,,,,,,,,,,,,,,,,,,,,,,,,,,,,,,
7245190313.58361-7c6b24a9-00f8,dinov2_pretrained_multi_t1_t1c_t2_flair_swi_asl_2025-08-10_07-15-41,failed,2025-08-10T07:16:01Z,https://microsoft-research.wandb.io/t-jiachentu/july_stratified_ucsf_pdgm_idh_classification_multi_t1_t1c_t2_flair_swi_asl/runs/7245190313.58361-7c6b24a9-00f8,,e1aceee1-5c62-405b-925a-6dc157e9dc24,t-jiachentu,1644.0,,,,,,,,,,,,,,,,,,,,,,,,,,,,,,,,,,,,,,,,,,,,,,,,,,,,,,,,,,,,,,,,,,,,,,,,,,,,,,,,,,,,,,,,,,,,,,,,
7245189529.25111-c610493c-f6d1,mri_core_frozen_multi_t1_t1c_t2_flair_swi_asl_2025-08-10_07-29-40,crashed,2025-08-10T07:30:13Z,https://microsoft-research.wandb.io/t-jiachentu/july_stratified_ucsf_pdgm_idh_classification_multi_t1_t1c_t2_flair_swi_asl/runs/7245189529.25111-c610493c-f6d1,,fbeb1e1a-f479-417c-947e-baad075cd4a8,t-jiachentu,,,,,,,,,,,,,,,,,,,,,,,,,,,,,,,,,,,,,,,,,,,,,,,,,,,,,,,,,,,,,,,,,,,,,,,,,,,,,,,,,,,,,,,,,,,,,,,,,
7245189504.09872-1b707f90-dab1,mri_core_pretrained_multi_t1_t1c_t2_flair_swi_asl_2025-08-10_07-30-57,failed,2025-08-10T07:32:21Z,https://microsoft-research.wandb.io/t-jiachentu/july_stratified_ucsf_pdgm_idh_classification_multi_t1_t1c_t2_flair_swi_asl/runs/7245189504.09872-1b707f90-dab1,,0a54a98b-3110-40de-8c74-3ffd92e035df,t-jiachentu,1592.0,,,,,,,,,,,,,,,,,,,,,,,,,,,,,,,,,,,,,,,,,,,,,,,,,,,,,,,,,,,,,,,,,,,,,,,,,,,,,,,,,,,,,,,,,,,,,,,,
7245188935.69192-3d994349-4393,resenc_pretrained_multi_t1_t1c_t2_flair_swi_asl_2025-08-10_07-33-30,crashed,2025-08-10T07:34:06Z,https://microsoft-research.wandb.io/t-jiachentu/july_stratified_ucsf_pdgm_idh_classification_multi_t1_t1c_t2_flair_swi_asl/runs/7245188935.69192-3d994349-4393,,e0f3e30e-d25d-4c36-9aa1-63e305d2bf3b,t-jiachentu,,,,,,,,,,,,,,,,,,,,,,,,,,,,,,,,,,,,,,,,,,,,,,,,,,,,,,,,,,,,,,,,,,,,,,,,,,,,,,,,,,,,,,,,,,,,,,,,,
7245188513.01459-411e1aa7-503c,resenc_MDAETrainer_RandomMask_Flow_BS48_2000ep_pretrained_multi_t1_t1c_t2_flair_swi_asl_2025-08-10_07-41-44,crashed,2025-08-10T07:42:22Z,https://microsoft-research.wandb.io/t-jiachentu/july_stratified_ucsf_pdgm_idh_classification_multi_t1_t1c_t2_flair_swi_asl/runs/7245188513.01459-411e1aa7-503c,,c037a6c4-8b1d-4914-a4dd-3ed5fc1513a0,t-jiachentu,,,,,,,,,,,,,,,,,,,,,,,,,,,,,,,,,,,,,,,,,,,,,,,,,,,,,,,,,,,,,,,,,,,,,,,,,,,,,,,,,,,,,,,,,,,,,,,,,
7245188067.29037-ec0c4fb0-1f98,resenc_time_conditioned_pretrained_multi_t1_t1c_t2_flair_swi_asl_2025-08-10_07-47-48,finished,2025-08-10T07:50:21Z,https://microsoft-research.wandb.io/t-jiachentu/july_stratified_ucsf_pdgm_idh_classification_multi_t1_t1c_t2_flair_swi_asl/runs/7245188067.29037-ec0c4fb0-1f98,,b03f10c0-4649-4d2b-9a68-5f84c8315689,t-jiachentu,39746.0,False,0,Classification,180.0,False,ResEncTimeConditioned,180.0,False,1.0,multiclass,False,auto,False,3.0,AdamW,16-mixed,CosineAnneal,20.0,2.0,False,180.0,True,True,0.0,gpu,0.2,2.0,16.0,val,False,,0.0,False,0.01,/mnt/hanoverlimitedwus2/scratch/t-jiachentu/nnssl_data/nnssl_preprocessed/Dataset003_UCSF_PDGM,False,7e-05,6.0,False,0.0,True,False,full,False,0.2,2.0,False,batchgenerators.get_training_transforms,60.0,False,False,idh_classification,False,power,3.0,False,1.0,True,epochwise,cls_token,/mnt/hanoverlimitedwus2/mri/scratch/t-jiachentu/nnssl_data/nnssl_results/MDAE/Openmind/0705/Dataset005_OpenMind/NoiseConditionedMDAETrainer_RandomMask_BS32_2000ep__nnsslPlans__onemmiso/fold_all/checkpoint_best.pth,,0.5,0.6158081889152527,0.7075701951980591,0.5,0.4406779706478119,0.5803747773170471,0.7918293476104736,0.8540488481521606,0.7221947908401489,0.7507292032241821,0.49675002694129944,0.7084562182426453,0.7631416320800781,0.6255411505699158,0.6318798065185547,0.5434708595275879,900.0,1754851966.0097234,180.0,6.746583127731344e-09,26460.0,256.0,0.5,False,64.0,,,,,,,,,
7245182255.00644-62d85842-2d4e,resenc_pretrained_multi_t1_t1c_t2_flair_swi_asl_2025-08-10_09-25-08,crashed,2025-08-10T09:25:48Z,https://microsoft-research.wandb.io/t-jiachentu/july_stratified_ucsf_pdgm_idh_classification_multi_t1_t1c_t2_flair_swi_asl/runs/7245182255.00644-62d85842-2d4e,,f674b3de-0d62-4f26-96d0-4fc82236a856,t-jiachentu,,,,,,,,,,,,,,,,,,,,,,,,,,,,,,,,,,,,,,,,,,,,,,,,,,,,,,,,,,,,,,,,,,,,,,,,,,,,,,,,,,,,,,,,,,,,,,,,,
7245181658.70234-e77b65f8-d1ee,resenc_time_conditioned_pretrained_multi_t1_t1c_t2_flair_swi_asl_2025-08-10_09-35-05,finished,2025-08-10T09:37:53Z,https://microsoft-research.wandb.io/t-jiachentu/july_stratified_ucsf_pdgm_idh_classification_multi_t1_t1c_t2_flair_swi_asl/runs/7245181658.70234-e77b65f8-d1ee,,0f194c72-acdd-47f8-8b4e-daf747cbc849,t-jiachentu,50061.0,False,0,Classification,200.0,False,ResEncTimeConditioned,200.0,False,1.0,multiclass,False,auto,False,3.0,AdamW,16-mixed,CosineAnneal,20.0,2.0,False,200.0,True,True,0.0,gpu,0.2,2.0,16.0,val,False,,0.0,False,0.01,/mnt/hanoverlimitedwus2/scratch/t-jiachentu/nnssl_data/nnssl_preprocessed/Dataset003_UCSF_PDGM,False,5e-05,6.0,False,0.0,True,False,full,False,0.2,2.0,False,batchgenerators.get_training_transforms,30.0,False,False,idh_classification,False,power,3.0,False,1.0,True,epochwise,cls_token,/mnt/hanoverlimitedwus2/mri/scratch/t-jiachentu/nnssl_data/nnssl_results/MDAE/Openmind/0705/Dataset005_OpenMind/NoiseConditionedMDAETrainer_RandomMask_BS32_2000ep__nnsslPlans__onemmiso/fold_all/checkpoint_best.pth,,0.5,0.6830803155899048,0.7576313018798828,0.5439560413360596,0.5454545617103577,0.5686565637588501,0.9544790983200072,0.9527982473373412,0.9016393423080444,0.9328495264053344,0.3958018124103546,0.7701535224914551,0.7854050397872925,0.6861472129821777,0.6959006786346436,0.5645557045936584,1000.0,1754868735.4724455,200.0,3.8076210902182585e-09,29400.0,256.0,0.5,False,64.0,,,,,,,,,
7245181886.04185-60b102b7-dda6,resenc_multimodal_mm_mdae_pretrained_pretrained_multi_t1_t1c_t2_flair_swi_asl_2025-08-10_09-37-41,crashed,2025-08-10T09:38:10Z,https://microsoft-research.wandb.io/t-jiachentu/july_stratified_ucsf_pdgm_idh_classification_multi_t1_t1c_t2_flair_swi_asl/runs/7245181886.04185-60b102b7-dda6,,efb3adfd-3362-4929-8be1-69b2847c06ba,t-jiachentu,,,,,,,,,,,,,,,,,,,,,,,,,,,,,,,,,,,,,,,,,,,,,,,,,,,,,,,,,,,,,,,,,,,,,,,,,,,,,,,,,,,,,,,,,,,,,,,,,
7245181491.10954-77048a5e-e0a2,resenc_pretrained_multi_t1_t1c_t2_flair_swi_asl_2025-08-10_09-42-23,crashed,2025-08-10T09:42:56Z,https://microsoft-research.wandb.io/t-jiachentu/july_stratified_ucsf_pdgm_idh_classification_multi_t1_t1c_t2_flair_swi_asl/runs/7245181491.10954-77048a5e-e0a2,,441684bd-d8a0-4ecb-b963-e3aab4dc7fe7,t-jiachentu,,,,,,,,,,,,,,,,,,,,,,,,,,,,,,,,,,,,,,,,,,,,,,,,,,,,,,,,,,,,,,,,,,,,,,,,,,,,,,,,,,,,,,,,,,,,,,,,,
7245181147.33273-10c291e0-8055,resenc_MDAE_pretrained_multi_t1_t1c_t2_flair_swi_asl_2025-08-10_09-43-05,crashed,2025-08-10T09:43:39Z,https://microsoft-research.wandb.io/t-jiachentu/july_stratified_ucsf_pdgm_idh_classification_multi_t1_t1c_t2_flair_swi_asl/runs/7245181147.33273-10c291e0-8055,,7b8c24c9-e4c6-4f2a-b0cd-6990ef8b5725,t-jiachentu,,,,,,,,,,,,,,,,,,,,,,,,,,,,,,,,,,,,,,,,,,,,,,,,,,,,,,,,,,,,,,,,,,,,,,,,,,,,,,,,,,,,,,,,,,,,,,,,,
7245180193.49634-6faa226f-04a2,resenc_multimodal_mm_mdae_pretrained_pretrained_multi_t1_t1c_t2_flair_swi_asl_2025-08-10_09-59-00,crashed,2025-08-10T09:59:24Z,https://microsoft-research.wandb.io/t-jiachentu/july_stratified_ucsf_pdgm_idh_classification_multi_t1_t1c_t2_flair_swi_asl/runs/7245180193.49634-6faa226f-04a2,,1aa2258e-5386-4e5a-b512-3dada6705b51,t-jiachentu,,,,,,,,,,,,,,,,,,,,,,,,,,,,,,,,,,,,,,,,,,,,,,,,,,,,,,,,,,,,,,,,,,,,,,,,,,,,,,,,,,,,,,,,,,,,,,,,,
7245179487.04958-071c5677-b41f,resenc_SimCLR_pretrained_multi_t1_t1c_t2_flair_swi_asl_2025-08-10_10-11-00,crashed,2025-08-10T10:11:36Z,https://microsoft-research.wandb.io/t-jiachentu/july_stratified_ucsf_pdgm_idh_classification_multi_t1_t1c_t2_flair_swi_asl/runs/7245179487.04958-071c5677-b41f,,c25b8125-bb96-454d-98a6-5ad6c8c78bd4,t-jiachentu,,,,,,,,,,,,,,,,,,,,,,,,,,,,,,,,,,,,,,,,,,,,,,,,,,,,,,,,,,,,,,,,,,,,,,,,,,,,,,,,,,,,,,,,,,,,,,,,,
7245179116.47424-509b868f-d382,resenc_SwinUNETR_pretrained_multi_t1_t1c_t2_flair_swi_asl_2025-08-10_10-16-57,finished,2025-08-10T10:17:25Z,https://microsoft-research.wandb.io/t-jiachentu/july_stratified_ucsf_pdgm_idh_classification_multi_t1_t1c_t2_flair_swi_asl/runs/7245179116.47424-509b868f-d382,,b730e41b-65b3-4598-95df-55df9d8a0b24,t-jiachentu,21434.0,False,0,Classification,180.0,False,ResEncoder_Classifier,180.0,False,1.0,multiclass,False,auto,False,3.0,AdamW,16-mixed,CosineAnneal,20.0,2.0,False,180.0,True,True,0.0,gpu,0.2,2.0,16.0,val,False,,0.0,False,0.01,/mnt/hanoverlimitedwus2/scratch/t-jiachentu/nnssl_data/nnssl_preprocessed/Dataset003_UCSF_PDGM,False,7e-05,6.0,False,0.0,True,False,full,False,0.2,8.0,False,batchgenerators.get_training_transforms,30.0,False,False,idh_classification,False,power,3.0,False,1.0,True,epochwise,,/mnt/hanoverlimitedwus2/mri/scratch/t-jiachentu/pretrained_ckpts/ResEncL_ckpts/ResEncL-OpenMind-SwinUNETR/checkpoint_final.pth,,0.2,0.8414120078086853,0.8571428656578064,0.7426739931106567,0.7744084596633911,0.5089539885520935,0.9894046783447266,0.9858323931694032,0.9896481037139891,0.9896481037139891,0.34026598930358887,0.8267229795455933,0.8630179166793823,0.7359307408332825,0.761805534362793,0.5123656392097473,900.0,1754842479.4552426,180.0,6.746583127731344e-09,6660.0,,,,,,,,,,,,,
7245178766.91847-d3e842f6-a418,resenc_time_conditioned_pretrained_multi_t1_t1c_t2_flair_swi_asl_2025-08-10_10-32-34,finished,2025-08-10T10:33:32Z,https://microsoft-research.wandb.io/t-jiachentu/july_stratified_ucsf_pdgm_idh_classification_multi_t1_t1c_t2_flair_swi_asl/runs/7245178766.91847-d3e842f6-a418,,17b45ac5-2bc4-469a-9c84-cfcdab881f9b,t-jiachentu,23303.0,False,0,Classification,200.0,False,ResEncTimeConditioned,200.0,False,1.0,multiclass,False,auto,False,3.0,AdamW,16-mixed,CosineAnneal,20.0,2.0,False,200.0,True,True,0.0,gpu,0.2,2.0,16.0,val,False,,0.0,False,0.01,/mnt/hanoverlimitedwus2/scratch/t-jiachentu/nnssl_data/nnssl_preprocessed/Dataset003_UCSF_PDGM,False,5e-05,6.0,False,0.0,True,False,full,False,0.2,4.0,False,batchgenerators.get_training_transforms,30.0,False,False,idh_classification,False,power,3.0,False,1.0,True,epochwise,cls_token,/mnt/hanoverlimitedwus2/mri/scratch/t-jiachentu/nnssl_data/nnssl_results/MDAE/Openmind/0705/Dataset005_OpenMind/NoiseConditionedMDAETrainer_RandomMask_BS32_2000ep__nnsslPlans__onemmiso/fold_all/checkpoint_best.pth,,0.5,0.8387388586997986,0.8644688725471497,0.791208803653717,0.749099612236023,0.5569975972175598,0.9703397750854492,0.984030544757843,0.913298487663269,0.9209148287773132,0.3853565156459808,0.8504636883735657,0.884353756904602,0.7683982849121094,0.7548197507858276,0.5499970316886902,1000.0,1754845315.1524298,200.0,3.8076210902182585e-09,14800.0,256.0,0.5,False,64.0,,,,,,,,,
7245178059.70949-5df20608-bc9d,resenc_VoCo_pretrained_multi_t1_t1c_t2_flair_swi_asl_2025-08-10_10-34-46,crashed,2025-08-10T10:35:27Z,https://microsoft-research.wandb.io/t-jiachentu/july_stratified_ucsf_pdgm_idh_classification_multi_t1_t1c_t2_flair_swi_asl/runs/7245178059.70949-5df20608-bc9d,,1bf52327-06e7-4710-ba48-7a19a86f1871,t-jiachentu,,,,,,,,,,,,,,,,,,,,,,,,,,,,,,,,,,,,,,,,,,,,,,,,,,,,,,,,,,,,,,,,,,,,,,,,,,,,,,,,,,,,,,,,,,,,,,,,,
7244959584.99932-adeb4c3e-1584,mri_core_pretrained_multi_t1_t1c_t2_flair_swi_asl_2025-08-12_23-15-50,failed,2025-08-12T23:16:22Z,https://microsoft-research.wandb.io/t-jiachentu/july_stratified_ucsf_pdgm_idh_classification_multi_t1_t1c_t2_flair_swi_asl/runs/7244959584.99932-adeb4c3e-1584,,b831ffff-3f3d-4987-b822-33e3b043a1a3,t-jiachentu,1743.0,,,,,,,,,,,,,,,,,,,,,,,,,,,,,,,,,,,,,,,,,,,,,,,,,,,,,,,,,,,,,,,,,,,,,,,,,,,,,,,,,,,,,,,,,,,,,,,,
7244959560.64397-184acebd-b6d2,resenc_pretrained_multi_t1_t1c_t2_flair_swi_asl_2025-08-12_23-16-06,crashed,2025-08-12T23:16:38Z,https://microsoft-research.wandb.io/t-jiachentu/july_stratified_ucsf_pdgm_idh_classification_multi_t1_t1c_t2_flair_swi_asl/runs/7244959560.64397-184acebd-b6d2,,70878ae8-1f8f-4343-80f2-b7926256626c,t-jiachentu,,,,,,,,,,,,,,,,,,,,,,,,,,,,,,,,,,,,,,,,,,,,,,,,,,,,,,,,,,,,,,,,,,,,,,,,,,,,,,,,,,,,,,,,,,,,,,,,,
7244959535.99021-bff781d7-d5bb,resenc_MDAETrainer_RandomMask_Flow_BS48_2000ep_pretrained_multi_t1_t1c_t2_flair_swi_asl_2025-08-12_23-16-33,crashed,2025-08-12T23:17:04Z,https://microsoft-research.wandb.io/t-jiachentu/july_stratified_ucsf_pdgm_idh_classification_multi_t1_t1c_t2_flair_swi_asl/runs/7244959535.99021-bff781d7-d5bb,,5fdf1d95-bfde-49be-9d39-4dfb0cc8d02b,t-jiachentu,,,,,,,,,,,,,,,,,,,,,,,,,,,,,,,,,,,,,,,,,,,,,,,,,,,,,,,,,,,,,,,,,,,,,,,,,,,,,,,,,,,,,,,,,,,,,,,,,
7244959511.31998-c4f168d6-4f32,resenc_MDAE_pretrained_multi_t1_t1c_t2_flair_swi_asl_2025-08-12_23-17-01,crashed,2025-08-12T23:17:32Z,https://microsoft-research.wandb.io/t-jiachentu/july_stratified_ucsf_pdgm_idh_classification_multi_t1_t1c_t2_flair_swi_asl/runs/7244959511.31998-c4f168d6-4f32,,92534e18-6be0-490a-90ad-2e5af24ea836,t-jiachentu,,,,,,,,,,,,,,,,,,,,,,,,,,,,,,,,,,,,,,,,,,,,,,,,,,,,,,,,,,,,,,,,,,,,,,,,,,,,,,,,,,,,,,,,,,,,,,,,,
7244959487.12536-78963503-94cc,resenc_multimodal_mm_mdae_pretrained_pretrained_multi_t1_t1c_t2_flair_swi_asl_2025-08-12_23-17-24,crashed,2025-08-12T23:17:51Z,https://microsoft-research.wandb.io/t-jiachentu/july_stratified_ucsf_pdgm_idh_classification_multi_t1_t1c_t2_flair_swi_asl/runs/7244959487.12536-78963503-94cc,,dceb2c09-f836-46c2-9376-9df8ea3efcfc,t-jiachentu,,,,,,,,,,,,,,,,,,,,,,,,,,,,,,,,,,,,,,,,,,,,,,,,,,,,,,,,,,,,,,,,,,,,,,,,,,,,,,,,,,,,,,,,,,,,,,,,,
7244959461.61308-43837a6b-3876,resenc_time_conditioned_pretrained_multi_t1_t1c_t2_flair_swi_asl_2025-08-12_23-17-56,crashed,2025-08-12T23:18:47Z,https://microsoft-research.wandb.io/t-jiachentu/july_stratified_ucsf_pdgm_idh_classification_multi_t1_t1c_t2_flair_swi_asl/runs/7244959461.61308-43837a6b-3876,,8b7f230c-a895-4f94-8c9d-8235d8d44dae,t-jiachentu,,,,,,,,,,,,,,,,,,,,,,,,,,,,,,,,,,,,,,,,,,,,,,,,,,,,,,,,,,,,,,,,,,,,,,,,,,,,,,,,,,,,,,,,,,,,,,,,,
7244959433.16219-712fd919-6d89,resenc_VoCo_pretrained_multi_t1_t1c_t2_flair_swi_asl_2025-08-12_23-18-24,crashed,2025-08-12T23:18:54Z,https://microsoft-research.wandb.io/t-jiachentu/july_stratified_ucsf_pdgm_idh_classification_multi_t1_t1c_t2_flair_swi_asl/runs/7244959433.16219-712fd919-6d89,,78df0c53-032c-42e9-a916-076e0ca420e5,t-jiachentu,,,,,,,,,,,,,,,,,,,,,,,,,,,,,,,,,,,,,,,,,,,,,,,,,,,,,,,,,,,,,,,,,,,,,,,,,,,,,,,,,,,,,,,,,,,,,,,,,
7244959408.69356-becf8537-fee9,resenc_SimCLR_pretrained_multi_t1_t1c_t2_flair_swi_asl_2025-08-12_23-18-43,crashed,2025-08-12T23:19:13Z,https://microsoft-research.wandb.io/t-jiachentu/july_stratified_ucsf_pdgm_idh_classification_multi_t1_t1c_t2_flair_swi_asl/runs/7244959408.69356-becf8537-fee9,,22cacd63-767e-4f44-b237-7c5580184e54,t-jiachentu,,,,,,,,,,,,,,,,,,,,,,,,,,,,,,,,,,,,,,,,,,,,,,,,,,,,,,,,,,,,,,,,,,,,,,,,,,,,,,,,,,,,,,,,,,,,,,,,,
7244959683.80298-1d0d2d2d-e077,brainiac_pretrained_multi_t1_t1c_t2_flair_swi_asl_2025-08-12_23-19-15,failed,2025-08-12T23:19:33Z,https://microsoft-research.wandb.io/t-jiachentu/july_stratified_ucsf_pdgm_idh_classification_multi_t1_t1c_t2_flair_swi_asl/runs/7244959683.80298-1d0d2d2d-e077,,a4cdafbb-2d89-4ff9-b0a1-a7d47cf95b2b,t-jiachentu,1484.0,,,,,,,,,,,,,,,,,,,,,,,,,,,,,,,,,,,,,,,,,,,,,,,,,,,,,,,,,,,,,,,,,,,,,,,,,,,,,,,,,,,,,,,,,,,,,,,,
7244959658.21711-4dc82f76-f478,brainiac_scratch_multi_t1_t1c_t2_flair_swi_asl_2025-08-12_23-19-27,failed,2025-08-12T23:19:46Z,https://microsoft-research.wandb.io/t-jiachentu/july_stratified_ucsf_pdgm_idh_classification_multi_t1_t1c_t2_flair_swi_asl/runs/7244959658.21711-4dc82f76-f478,,ca37337a-d593-470c-a6cd-c83c861fba49,t-jiachentu,1469.0,,,,,,,,,,,,,,,,,,,,,,,,,,,,,,,,,,,,,,,,,,,,,,,,,,,,,,,,,,,,,,,,,,,,,,,,,,,,,,,,,,,,,,,,,,,,,,,,
7244959633.62330-e2fb160f-fa00,brainmvp_pretrained_multi_t1_t1c_t2_flair_swi_asl_2025-08-12_23-19-46,finished,2025-08-12T23:20:05Z,https://microsoft-research.wandb.io/t-jiachentu/july_stratified_ucsf_pdgm_idh_classification_multi_t1_t1c_t2_flair_swi_asl/runs/7244959633.62330-e2fb160f-fa00,,3c9b6fb2-0a61-4272-bde3-b656ca225791,t-jiachentu,16040.0,False,0,Classification,200.0,False,brainmvp,200.0,False,1.0,multiclass,False,auto,False,3.0,AdamW,16-mixed,CosineAnneal,20.0,1.0,False,200.0,True,True,0.0,gpu,0.2,2.0,16.0,val,False,0.2,0.0,False,0.01,/mnt/hanoverlimitedwus2/scratch/t-jiachentu/nnssl_data/nnssl_preprocessed/Dataset003_UCSF_PDGM,False,5e-05,6.0,False,0.0,True,False,full,False,0.2,4.0,False,batchgenerators.get_training_transforms,30.0,False,False,idh_classification,False,power,3.0,False,1.0,True,epochwise,cls_token,/mnt/hanoverlimitedwus2/scratch/t-jiachentu/nnssl_data/pretrained_ckpts/BrainMVP/BrainMVP_unet.pt,True,0.0,0.6402263641357422,0.6810134053230286,0.49358972907066345,0.4375,0.7811591625213623,0.9990663528442384,0.9995054006576538,0.9814513921737672,0.9843775033950806,0.34103360772132874,0.7857363224029541,0.8107606172561646,0.6298701167106628,0.6559983491897583,0.5642159581184387,1000.0,1755056846.097422,200.0,3.8076210902182585e-09,14800.0,,,,,,,,,,,,,
7244959308.82899-213b7250-e4fa,resenc_MG_pretrained_multi_t1_t1c_t2_flair_swi_asl_2025-08-12_23-20-42,crashed,2025-08-12T23:21:15Z,https://microsoft-research.wandb.io/t-jiachentu/july_stratified_ucsf_pdgm_idh_classification_multi_t1_t1c_t2_flair_swi_asl/runs/7244959308.82899-213b7250-e4fa,,dba1daac-8e27-47d4-a9ef-2bd9c87ddda9,t-jiachentu,,,,,,,,,,,,,,,,,,,,,,,,,,,,,,,,,,,,,,,,,,,,,,,,,,,,,,,,,,,,,,,,,,,,,,,,,,,,,,,,,,,,,,,,,,,,,,,,,
7244959609.46733-5256d919-8027,dinov2_pretrained_multi_t1_t1c_t2_flair_swi_asl_2025-08-12_23-21-15,failed,2025-08-12T23:21:33Z,https://microsoft-research.wandb.io/t-jiachentu/july_stratified_ucsf_pdgm_idh_classification_multi_t1_t1c_t2_flair_swi_asl/runs/7244959609.46733-5256d919-8027,,6743ca6a-71a1-47c1-be62-984afc45a300,t-jiachentu,1686.0,,,,,,,,,,,,,,,,,,,,,,,,,,,,,,,,,,,,,,,,,,,,,,,,,,,,,,,,,,,,,,,,,,,,,,,,,,,,,,,,,,,,,,,,,,,,,,,,
7244959358.52047-2029a6aa-05a5,resenc_SwinUNETR_pretrained_multi_t1_t1c_t2_flair_swi_asl_2025-08-12_23-28-24,crashed,2025-08-12T23:28:56Z,https://microsoft-research.wandb.io/t-jiachentu/july_stratified_ucsf_pdgm_idh_classification_multi_t1_t1c_t2_flair_swi_asl/runs/7244959358.52047-2029a6aa-05a5,,0c6c13bf-6248-49e7-8dca-0fc9b81944ff,t-jiachentu,,,,,,,,,,,,,,,,,,,,,,,,,,,,,,,,,,,,,,,,,,,,,,,,,,,,,,,,,,,,,,,,,,,,,,,,,,,,,,,,,,,,,,,,,,,,,,,,,
7244955676.07637-70a6a5d6-4383,brainiac_pretrained_multi_t1_t1c_t2_flair_swi_asl_2025-08-13_00-20-54,failed,2025-08-13T00:21:17Z,https://microsoft-research.wandb.io/t-jiachentu/july_stratified_ucsf_pdgm_idh_classification_multi_t1_t1c_t2_flair_swi_asl/runs/7244955676.07637-70a6a5d6-4383,,2eea8cfc-1b3d-42fd-807d-0a5959dd11b2,t-jiachentu,1051.0,False,0,Classification,200.0,False,brainiac,200.0,False,1.0,multiclass,False,auto,False,3.0,AdamW,16-mixed,CosineAnneal,20.0,4.0,False,200.0,True,True,0.0,gpu,0.2,2.0,16.0,val,False,0.2,0.0,False,0.01,/mnt/hanoverlimitedwus2/scratch/t-jiachentu/nnssl_data/nnssl_preprocessed/Dataset003_UCSF_PDGM,False,5e-05,6.0,False,0.0,True,False,full,False,0.2,4.0,False,batchgenerators.get_training_transforms,10.0,False,False,idh_classification,False,power,3.0,False,1.0,False,epochwise,cls_token,/mnt/hanoverlimitedwus2/scratch/t-jiachentu/nnssl_data/pretrained_ckpts/BrainIAC/BrainIAC.ckpt,True,0.0,,,,,,,,,,,,,,,,0.0,1755045449.1729038,,2.380952380952381e-06,0.0,,,,,,,,,,,,,
7244955650.94869-143a972d-82a9,brainiac_scratch_multi_t1_t1c_t2_flair_swi_asl_2025-08-13_00-21-26,failed,2025-08-13T00:21:45Z,https://microsoft-research.wandb.io/t-jiachentu/july_stratified_ucsf_pdgm_idh_classification_multi_t1_t1c_t2_flair_swi_asl/runs/7244955650.94869-143a972d-82a9,,d0daa6d7-18e4-4bf1-9137-ef88cda38fc4,t-jiachentu,1137.0,False,0,Classification,200.0,False,brainiac,200.0,False,1.0,multiclass,False,auto,False,3.0,AdamW,16-mixed,CosineAnneal,20.0,4.0,False,200.0,False,True,0.0,gpu,0.2,2.0,16.0,val,False,0.2,0.0,False,0.01,/mnt/hanoverlimitedwus2/scratch/t-jiachentu/nnssl_data/nnssl_preprocessed/Dataset003_UCSF_PDGM,False,5e-05,6.0,False,0.0,True,False,full,False,0.2,4.0,False,batchgenerators.get_training_transforms,10.0,False,False,idh_classification,False,power,3.0,False,1.0,False,epochwise,cls_token,,True,0.0,,,,,,,,,,,,,,,,0.0,1755045528.4690375,,2.380952380952381e-06,0.0,,,,,,,,,,,,,
7244955626.47955-3f27e9d3-9d37,brainmvp_pretrained_multi_t1_t1c_t2_flair_swi_asl_2025-08-13_00-21-57,crashed,2025-08-13T00:22:19Z,https://microsoft-research.wandb.io/t-jiachentu/july_stratified_ucsf_pdgm_idh_classification_multi_t1_t1c_t2_flair_swi_asl/runs/7244955626.47955-3f27e9d3-9d37,,08287bd5-5d41-4b89-adbc-414e99525d65,t-jiachentu,24600.437603925,False,0,Classification,200.0,False,brainmvp,200.0,False,1.0,multiclass,False,auto,False,3.0,AdamW,16-mixed,CosineAnneal,20.0,4.0,False,200.0,True,True,0.0,gpu,0.2,2.0,16.0,val,False,0.2,0.0,False,0.01,/mnt/hanoverlimitedwus2/scratch/t-jiachentu/nnssl_data/nnssl_preprocessed/Dataset003_UCSF_PDGM,False,5e-05,6.0,False,0.0,True,False,full,False,0.2,4.0,False,batchgenerators.get_training_transforms,10.0,False,False,idh_classification,False,power,3.0,False,1.0,True,epochwise,cls_token,/mnt/hanoverlimitedwus2/scratch/t-jiachentu/nnssl_data/pretrained_ckpts/BrainMVP/BrainMVP_unet.pt,True,0.0,,,,,,0.8195756673812866,0.8629875183105469,0.6730144023895264,0.7010204195976257,0.492165744304657,0.8241608142852783,0.832405686378479,0.7424242496490479,0.7739130258560181,0.5016492009162903,500.0,1755069141.791138,99.0,2.9341204441673252e-05,7400.0,,,,,,,,,,,,,
7244955602.16954-80caaf80-4413,dinov2_pretrained_multi_t1_t1c_t2_flair_swi_asl_2025-08-13_00-22-17,failed,2025-08-13T00:22:38Z,https://microsoft-research.wandb.io/t-jiachentu/july_stratified_ucsf_pdgm_idh_classification_multi_t1_t1c_t2_flair_swi_asl/runs/7244955602.16954-80caaf80-4413,,48ded9e3-be70-40db-b89c-4defca5bd450,t-jiachentu,1303.0,False,0,Classification,200.0,False,dinov2,50.0,False,1.0,multiclass,False,auto,False,3.0,AdamW,16-mixed,CosineAnneal,20.0,4.0,False,200.0,True,True,0.0,gpu,0.2,2.0,16.0,val,False,,0.0,False,0.01,/mnt/hanoverlimitedwus2/scratch/t-jiachentu/nnssl_data/nnssl_preprocessed/Dataset003_UCSF_PDGM,False,5e-05,6.0,False,0.0,True,False,full,False,0.2,4.0,False,batchgenerators.get_training_transforms,10.0,False,False,idh_classification,False,power,3.0,False,1.0,False,epochwise,mean,,True,0.5,,,,,,,,,,,,,,,,0.0,1755045695.1231744,,2.380952380952381e-06,0.0,,,,,facebook/dinov2-base,mean,,,,,,,
7244955553.44868-48c85bbb-114a,resenc_pretrained_multi_t1_t1c_t2_flair_swi_asl_2025-08-13_00-22-50,crashed,2025-08-13T00:23:20Z,https://microsoft-research.wandb.io/t-jiachentu/july_stratified_ucsf_pdgm_idh_classification_multi_t1_t1c_t2_flair_swi_asl/runs/7244955553.44868-48c85bbb-114a,,6d5fadfd-2e5c-4d50-908a-260c4f98bae8,t-jiachentu,,,,,,,,,,,,,,,,,,,,,,,,,,,,,,,,,,,,,,,,,,,,,,,,,,,,,,,,,,,,,,,,,,,,,,,,,,,,,,,,,,,,,,,,,,,,,,,,,
7244955527.97573-ed006374-c5a5,resenc_MDAETrainer_RandomMask_Flow_BS48_2000ep_pretrained_multi_t1_t1c_t2_flair_swi_asl_2025-08-13_00-23-16,finished,2025-08-13T00:23:46Z,https://microsoft-research.wandb.io/t-jiachentu/july_stratified_ucsf_pdgm_idh_classification_multi_t1_t1c_t2_flair_swi_asl/runs/7244955527.97573-ed006374-c5a5,,fc1d6c40-157c-40a7-bafa-4b729a12ec4d,t-jiachentu,52022.0,False,0,Classification,200.0,False,ResEncoder_Classifier,200.0,False,1.0,multiclass,False,auto,False,3.0,AdamW,16-mixed,CosineAnneal,20.0,4.0,False,200.0,True,True,0.0,gpu,0.2,2.0,16.0,val,False,,0.0,False,0.01,/mnt/hanoverlimitedwus2/scratch/t-jiachentu/nnssl_data/nnssl_preprocessed/Dataset003_UCSF_PDGM,False,5e-05,6.0,False,0.0,True,False,full,False,0.2,4.0,False,batchgenerators.get_training_transforms,10.0,False,False,idh_classification,False,power,3.0,False,1.0,False,epochwise,,/mnt/hanoverlimitedwus2/mri/scratch/t-jiachentu/nnssl_data/nnssl_results/MDAE/Openmind/0705/Dataset005_OpenMind/BaseMDAETrainer_RandomMask_Flow_BS48_2000ep__nnsslPlans__onemmiso/fold_all/checkpoint_best.pth,,0.2,0.8780913352966309,0.9297924041748048,0.8800365924835205,0.800804853439331,0.5609707832336426,0.9998584985733032,0.9999293684959412,0.9896481037139891,0.9896481037139891,0.33647382259368896,0.8613936901092529,0.8620902299880981,0.790043294429779,0.8167601823806763,0.499192476272583,1000.0,1755096646.047939,200.0,3.8076210902182585e-09,14800.0,,,,,,,,,,,,,
7244955478.73250-e2e10fc5-467b,resenc_multimodal_mm_mdae_pretrained_pretrained_multi_t1_t1c_t2_flair_swi_asl_2025-08-13_00-24-26,finished,2025-08-13T00:24:52Z,https://microsoft-research.wandb.io/t-jiachentu/july_stratified_ucsf_pdgm_idh_classification_multi_t1_t1c_t2_flair_swi_asl/runs/7244955478.73250-e2e10fc5-467b,,b93597ab-03cc-4410-bd16-901749aa90f6,t-jiachentu,51980.0,False,0,Classification,200.0,False,ResEncoderMultiModal_Classifier,200.0,False,1.0,multiclass,False,auto,False,3.0,AdamW,16-mixed,CosineAnneal,20.0,4.0,False,200.0,True,True,0.0,gpu,0.2,2.0,16.0,val,False,,0.0,False,0.01,/mnt/hanoverlimitedwus2/scratch/t-jiachentu/nnssl_data/nnssl_preprocessed/Dataset003_UCSF_PDGM,False,5e-05,6.0,False,0.0,True,False,full,False,0.2,4.0,False,batchgenerators.get_training_transforms,10.0,False,False,idh_classification,False,power,3.0,False,1.0,False,epochwise,,/mnt/hanoverlimitedwus2/mri/scratch/t-jiachentu/nnssl_data/nnssl_results/MDAE/Openmind/0705/Dataset005_OpenMind/BaseMDAETrainer_RandomMask_Flow_BS48_2000ep__nnsslPlans__onemmiso/fold_all/checkpoint_best.pth,,0.2,0.7491264343261719,0.8443223237991333,0.7371795177459717,0.7056757211685181,0.5894489884376526,0.9821290969848632,0.9898954033851624,0.9607475996017456,0.9635474681854248,0.36400824785232544,0.7909538149833679,0.8824985027313232,0.8160173296928406,0.7900899648666382,0.5436850786209106,1000.0,1755096670.9042714,200.0,3.8076210902182585e-09,14800.0,,,,,,,,,,,,,
7244955445.76969-6a70b200-e34d,resenc_time_conditioned_pretrained_multi_t1_t1c_t2_flair_swi_asl_2025-08-13_00-24-43,finished,2025-08-13T00:25:34Z,https://microsoft-research.wandb.io/t-jiachentu/july_stratified_ucsf_pdgm_idh_classification_multi_t1_t1c_t2_flair_swi_asl/runs/7244955445.76969-6a70b200-e34d,,929bf567-4fc8-4f75-9b06-96b112cdfe2c,t-jiachentu,51422.0,False,0,Classification,200.0,False,ResEncTimeConditioned,200.0,False,1.0,multiclass,False,auto,False,3.0,AdamW,16-mixed,CosineAnneal,20.0,4.0,False,200.0,True,True,0.0,gpu,0.2,2.0,16.0,val,False,,0.0,False,0.01,/mnt/hanoverlimitedwus2/scratch/t-jiachentu/nnssl_data/nnssl_preprocessed/Dataset003_UCSF_PDGM,False,5e-05,6.0,False,0.0,True,False,full,False,0.2,4.0,False,batchgenerators.get_training_transforms,10.0,False,False,idh_classification,False,power,3.0,False,1.0,False,epochwise,cls_token,/mnt/hanoverlimitedwus2/mri/scratch/t-jiachentu/nnssl_data/nnssl_results/MDAE/Openmind/0705/Dataset005_OpenMind/NoiseConditionedMDAETrainer_RandomMask_BS32_2000ep__nnsslPlans__onemmiso/fold_all/checkpoint_best.pth,,0.5,0.7904159426689148,0.8238705396652222,0.6364468932151794,0.6672269105911255,0.5233094692230225,0.9570936560630798,0.9676371216773988,0.8645421266555786,0.8978382349014282,0.40226510167121887,0.7711061239242554,0.8259122371673584,0.7424242496490479,0.7739130258560181,0.5083979368209839,1000.0,1755096154.2237916,200.0,3.8076210902182585e-09,14800.0,256.0,0.5,False,64.0,,,,,,,,,
7244955421.19721-0626fd73-9c12,resenc_VoCo_pretrained_multi_t1_t1c_t2_flair_swi_asl_2025-08-13_00-25-29,finished,2025-08-13T00:25:59Z,https://microsoft-research.wandb.io/t-jiachentu/july_stratified_ucsf_pdgm_idh_classification_multi_t1_t1c_t2_flair_swi_asl/runs/7244955421.19721-0626fd73-9c12,,5c319dd8-f0e0-4d76-8062-0137701089d8,t-jiachentu,54367.0,False,0,Classification,200.0,False,ResEncoder_Classifier,200.0,False,1.0,multiclass,False,auto,False,3.0,AdamW,16-mixed,CosineAnneal,20.0,4.0,False,200.0,True,True,0.0,gpu,0.2,2.0,16.0,val,False,,0.0,False,0.01,/mnt/hanoverlimitedwus2/scratch/t-jiachentu/nnssl_data/nnssl_preprocessed/Dataset003_UCSF_PDGM,False,5e-05,6.0,False,0.0,True,False,full,False,0.2,4.0,False,batchgenerators.get_training_transforms,10.0,False,False,idh_classification,False,power,3.0,False,1.0,False,epochwise,,/mnt/hanoverlimitedwus2/mri/scratch/t-jiachentu/pretrained_ckpts/ResEncL_ckpts/ResEncL-OpenMind-VoCo/checkpoint_final.pth,,0.2,0.8993326425552368,0.9157508611679076,0.7967033386230469,0.8302469253540039,0.46693119406700134,1.0,1.0,1.0,1.0,0.3257690966129303,0.8430532217025757,0.8555967807769775,0.7835497856140137,0.8041305541992188,0.5235939621925354,1000.0,1755099122.5958462,200.0,3.8076210902182585e-09,14800.0,,,,,,,,,,,,,
7244955395.75773-a7ad0725-2378,resenc_SimCLR_pretrained_multi_t1_t1c_t2_flair_swi_asl_2025-08-13_00-25-47,finished,2025-08-13T00:26:17Z,https://microsoft-research.wandb.io/t-jiachentu/july_stratified_ucsf_pdgm_idh_classification_multi_t1_t1c_t2_flair_swi_asl/runs/7244955395.75773-a7ad0725-2378,,d6dfaa17-b190-4a07-8804-6c41be0e8f41,t-jiachentu,51525.0,False,0,Classification,200.0,False,ResEncoder_Classifier,200.0,False,1.0,multiclass,False,auto,False,3.0,AdamW,16-mixed,CosineAnneal,20.0,4.0,False,200.0,True,True,0.0,gpu,0.2,2.0,16.0,val,False,,0.0,False,0.01,/mnt/hanoverlimitedwus2/scratch/t-jiachentu/nnssl_data/nnssl_preprocessed/Dataset003_UCSF_PDGM,False,5e-05,6.0,False,0.0,True,False,full,False,0.2,4.0,False,batchgenerators.get_training_transforms,10.0,False,False,idh_classification,False,power,3.0,False,1.0,False,epochwise,,/mnt/hanoverlimitedwus2/mri/scratch/t-jiachentu/pretrained_ckpts/ResEncL_ckpts/ResEncL-OpenMind-SimCLR/checkpoint_final.pth,,0.2,0.6979003548622131,0.7460317611694336,0.6217948794364929,0.6355828046798706,0.5802958607673645,0.958544135093689,0.9773176908493042,0.9361574649810792,0.9469433426856996,0.3826372623443603,0.7664020657539368,0.8039579391479492,0.7034631967544556,0.7070024013519287,0.5632755160331726,1000.0,1755096301.1201184,200.0,3.8076210902182585e-09,14800.0,,,,,,,,,,,,,
7244955347.18173-73facb0b-7ab0,resenc_SwinUNETR_pretrained_multi_t1_t1c_t2_flair_swi_asl_2025-08-13_00-26-19,finished,2025-08-13T00:27:15Z,https://microsoft-research.wandb.io/t-jiachentu/july_stratified_ucsf_pdgm_idh_classification_multi_t1_t1c_t2_flair_swi_asl/runs/7244955347.18173-73facb0b-7ab0,,8a188de2-2193-415a-bc1e-60202869dfa6,t-jiachentu,20779.0,False,0,Classification,200.0,False,ResEncoder_Classifier,200.0,False,1.0,multiclass,False,auto,False,3.0,AdamW,16-mixed,CosineAnneal,20.0,4.0,False,200.0,True,True,0.0,gpu,0.2,2.0,16.0,val,False,,0.0,False,0.01,/mnt/hanoverlimitedwus2/scratch/t-jiachentu/nnssl_data/nnssl_preprocessed/Dataset003_UCSF_PDGM,False,5e-05,6.0,False,0.0,True,False,full,False,0.2,4.0,False,batchgenerators.get_training_transforms,10.0,False,False,idh_classification,False,power,3.0,False,1.0,False,epochwise,,/mnt/hanoverlimitedwus2/mri/scratch/t-jiachentu/pretrained_ckpts/ResEncL_ckpts/ResEncL-OpenMind-SwinUNETR/checkpoint_final.pth,,0.2,0.8508206605911255,0.865079402923584,0.7600733041763306,0.7839516401290894,0.5128961205482483,0.9994583129882812,0.9997173547744752,0.9918032884597778,0.9947924613952636,0.33136120438575745,0.8361460566520691,0.8571428060531616,0.7835497856140137,0.8041305541992188,0.5004016757011414,1000.0,1755065613.3183467,200.0,3.8076210902182585e-09,14800.0,,,,,,,,,,,,,
7244955298.94832-75c2a651-6e78,resenc_MG_pretrained_multi_t1_t1c_t2_flair_swi_asl_2025-08-13_00-28-29,finished,2025-08-13T00:29:10Z,https://microsoft-research.wandb.io/t-jiachentu/july_stratified_ucsf_pdgm_idh_classification_multi_t1_t1c_t2_flair_swi_asl/runs/7244955298.94832-75c2a651-6e78,,f7ab4f5d-a34a-4d8e-a2bc-21b2e42caf1c,t-jiachentu,36302.0,False,0,Classification,200.0,False,ResEncoder_Classifier,200.0,False,1.0,multiclass,False,auto,False,3.0,AdamW,16-mixed,CosineAnneal,20.0,4.0,False,200.0,True,True,0.0,gpu,0.2,2.0,16.0,val,False,,0.0,False,0.01,/mnt/hanoverlimitedwus2/scratch/t-jiachentu/nnssl_data/nnssl_preprocessed/Dataset003_UCSF_PDGM,False,5e-05,6.0,False,0.0,True,False,full,False,0.2,4.0,False,batchgenerators.get_training_transforms,10.0,False,False,idh_classification,False,power,3.0,False,1.0,False,epochwise,,/mnt/hanoverlimitedwus2/mri/scratch/t-jiachentu/pretrained_ckpts/ResEncL_ckpts/ResEncL-OpenMind-MG/checkpoint_final.pth,,0.2,0.8572482466697693,0.923076868057251,0.8580585718154907,0.8127027153968811,0.49749043583869934,1.0,1.0,1.0,1.0,0.32687851786613464,0.8978692293167114,0.9140383005142212,0.8658008575439453,0.8534688949584961,0.463769406080246,1000.0,1755081250.8884037,200.0,3.8076210902182585e-09,14800.0,,,,,,,,,,,,,
7244955503.64424-bd3dd9f9-c044,resenc_MDAE_pretrained_multi_t1_t1c_t2_flair_swi_asl_2025-08-13_00-29-54,finished,2025-08-13T00:30:25Z,https://microsoft-research.wandb.io/t-jiachentu/july_stratified_ucsf_pdgm_idh_classification_multi_t1_t1c_t2_flair_swi_asl/runs/7244955503.64424-bd3dd9f9-c044,,0d4555e1-7cbb-44c6-bf34-00c4332a6feb,t-jiachentu,51973.0,False,0,Classification,200.0,False,ResEncoder_Classifier,200.0,False,1.0,multiclass,False,auto,False,3.0,AdamW,16-mixed,CosineAnneal,20.0,4.0,False,200.0,True,True,0.0,gpu,0.2,2.0,16.0,val,False,,0.0,False,0.01,/mnt/hanoverlimitedwus2/scratch/t-jiachentu/nnssl_data/nnssl_preprocessed/Dataset003_UCSF_PDGM,False,5e-05,6.0,False,0.0,True,False,full,False,0.2,4.0,False,batchgenerators.get_training_transforms,10.0,False,False,idh_classification,False,power,3.0,False,1.0,False,epochwise,,/mnt/hanoverlimitedwus2/mri/scratch/t-jiachentu/nnssl_data/nnssl_results/EMDAE/Openmind/0711/Dataset005_OpenMind/BaseEMDAETrainer_RandomMask_BottleneckCorruption_Flow_BS48_2000ep__nnsslPlans__onemmiso/fold_all/checkpoint_best.pth,,0.2,0.8466269373893738,0.9053723812103271,0.7692307829856873,0.7555555701255798,0.5346019864082336,0.9976115226745604,0.9987281560897828,0.9672131538391112,0.9787773489952089,0.34861060976982117,0.8730134963989258,0.8917748928070068,0.8073593378067017,0.8239425420761108,0.48044392466545105,1000.0,1755096996.7995152,200.0,3.8076210902182585e-09,14800.0,,,,,,,,,,,,,
7244955371.73895-fb89ad57-19f3,resenc_VF_pretrained_multi_t1_t1c_t2_flair_swi_asl_2025-08-13_00-32-22,finished,2025-08-13T00:32:51Z,https://microsoft-research.wandb.io/t-jiachentu/july_stratified_ucsf_pdgm_idh_classification_multi_t1_t1c_t2_flair_swi_asl/runs/7244955371.73895-fb89ad57-19f3,,2c9cb2af-3082-45ab-a683-1998b9135d82,t-jiachentu,53859.0,False,0,Classification,200.0,False,ResEncoder_Classifier,200.0,False,1.0,multiclass,False,auto,False,3.0,AdamW,16-mixed,CosineAnneal,20.0,4.0,False,200.0,True,True,0.0,gpu,0.2,2.0,16.0,val,False,,0.0,False,0.01,/mnt/hanoverlimitedwus2/scratch/t-jiachentu/nnssl_data/nnssl_preprocessed/Dataset003_UCSF_PDGM,False,5e-05,6.0,False,0.0,True,False,full,False,0.2,4.0,False,batchgenerators.get_training_transforms,10.0,False,False,idh_classification,False,power,3.0,False,1.0,False,epochwise,,/mnt/hanoverlimitedwus2/mri/scratch/t-jiachentu/pretrained_ckpts/ResEncL_ckpts/ResEncL-OpenMind-VF/checkpoint_final.pth,,0.2,0.8606467247009277,0.9017094373703004,0.8122710585594177,0.8069016933441162,0.4935629367828369,1.0,1.0,1.0,1.0,0.32753950357437134,0.8204384446144104,0.8726035356521606,0.7705627679824829,0.7801281809806824,0.5354236364364624,1000.0,1755099028.665793,200.0,3.8076210902182585e-09,14800.0,,,,,,,,,,,,,
7244955323.01091-42735685-c622,resenc_S3D_pretrained_multi_t1_t1c_t2_flair_swi_asl_2025-08-13_00-32-47,finished,2025-08-13T00:33:17Z,https://microsoft-research.wandb.io/t-jiachentu/july_stratified_ucsf_pdgm_idh_classification_multi_t1_t1c_t2_flair_swi_asl/runs/7244955323.01091-42735685-c622,,7d7c0090-9134-4832-a31e-319289a32c8f,t-jiachentu,51714.0,False,0,Classification,200.0,False,ResEncoder_Classifier,200.0,False,1.0,multiclass,False,auto,False,3.0,AdamW,16-mixed,CosineAnneal,20.0,4.0,False,200.0,True,True,0.0,gpu,0.2,2.0,16.0,val,False,,0.0,False,0.01,/mnt/hanoverlimitedwus2/scratch/t-jiachentu/nnssl_data/nnssl_preprocessed/Dataset003_UCSF_PDGM,False,5e-05,6.0,False,0.0,True,False,full,False,0.2,4.0,False,batchgenerators.get_training_transforms,10.0,False,False,idh_classification,False,power,3.0,False,1.0,False,epochwise,,/mnt/hanoverlimitedwus2/mri/scratch/t-jiachentu/pretrained_ckpts/ResEncL_ckpts/ResEncL-OpenMind-S3D/checkpoint_final.pth,,0.2,0.72661292552948,0.7927350997924805,0.6886447072029114,0.715925395488739,0.5531176328659058,0.9895800352096558,0.9898247718811036,0.9650579690933228,0.9736382961273192,0.34719613194465637,0.8420093059539795,0.8651823997497559,0.7705627679824829,0.7801281809806824,0.5345232486724854,1000.0,1755096910.2803466,200.0,3.8076210902182585e-09,14800.0,,,,,,,,,,,,,
7244954994.53395-352e76e4-edeb,dinov2_pretrained_multi_t1_t1c_t2_flair_swi_asl_2025-08-13_00-39-03,failed,2025-08-13T00:39:35Z,https://microsoft-research.wandb.io/t-jiachentu/july_stratified_ucsf_pdgm_idh_classification_multi_t1_t1c_t2_flair_swi_asl/runs/7244954994.53395-352e76e4-edeb,,2ae7dfa4-6c56-43c9-96ea-cb9f163081e3,t-jiachentu,1636.0,False,0,Classification,200.0,False,dinov2,50.0,False,1.0,multiclass,False,auto,False,3.0,AdamW,16-mixed,CosineAnneal,20.0,4.0,False,200.0,True,True,0.0,gpu,0.2,2.0,16.0,val,False,,0.0,False,0.01,/mnt/hanoverlimitedwus2/scratch/t-jiachentu/nnssl_data/nnssl_preprocessed/Dataset003_UCSF_PDGM,False,5e-05,6.0,False,0.0,True,False,full,False,0.2,4.0,False,batchgenerators.get_training_transforms,10.0,False,False,idh_classification,False,power,3.0,False,1.0,False,epochwise,mean,,True,0.5,,,,,,,,,,,,,,,,0.0,1755047194.451491,,2.380952380952381e-06,0.0,,,,,facebook/dinov2-base,mean,,,,,,,
7244954984.34698-a5ddca49-704b,brainiac_pretrained_multi_t1_t1c_t2_flair_swi_asl_2025-08-13_00-39-07,failed,2025-08-13T00:39:38Z,https://microsoft-research.wandb.io/t-jiachentu/july_stratified_ucsf_pdgm_idh_classification_multi_t1_t1c_t2_flair_swi_asl/runs/7244954984.34698-a5ddca49-704b,,e1d5dd6f-d5be-4262-80bc-14a846abcca0,t-jiachentu,1741.0,False,0,Classification,200.0,False,brainiac,200.0,False,1.0,multiclass,False,auto,False,3.0,AdamW,16-mixed,CosineAnneal,20.0,4.0,False,200.0,True,True,0.0,gpu,0.2,2.0,16.0,val,False,0.2,0.0,False,0.01,/mnt/hanoverlimitedwus2/scratch/t-jiachentu/nnssl_data/nnssl_preprocessed/Dataset003_UCSF_PDGM,False,5e-05,6.0,False,0.0,True,False,full,False,0.2,4.0,False,batchgenerators.get_training_transforms,10.0,False,False,idh_classification,False,power,3.0,False,1.0,False,epochwise,cls_token,/mnt/hanoverlimitedwus2/scratch/t-jiachentu/nnssl_data/pretrained_ckpts/BrainIAC/BrainIAC.ckpt,True,0.0,,,,,,,,,,,,,,,,0.0,1755047309.7099123,,2.380952380952381e-06,0.0,,,,,,,,,,,,,
7244954969.05718-0b8d3488-69e2,mri_core_pretrained_multi_t1_t1c_t2_flair_swi_asl_2025-08-13_00-39-17,failed,2025-08-13T00:39:57Z,https://microsoft-research.wandb.io/t-jiachentu/july_stratified_ucsf_pdgm_idh_classification_multi_t1_t1c_t2_flair_swi_asl/runs/7244954969.05718-0b8d3488-69e2,,4053545c-c606-4315-acb3-e903a7265851,t-jiachentu,1479.0,False,0,Classification,200.0,False,MRICore,200.0,False,1.0,multiclass,False,auto,False,3.0,AdamW,16-mixed,CosineAnneal,20.0,4.0,False,200.0,False,True,0.0,gpu,0.2,2.0,16.0,val,False,,0.0,False,0.01,/mnt/hanoverlimitedwus2/scratch/t-jiachentu/nnssl_data/nnssl_preprocessed/Dataset003_UCSF_PDGM,False,5e-05,6.0,False,0.0,True,False,full,False,0.2,4.0,False,batchgenerators.get_training_transforms,10.0,False,False,idh_classification,False,power,3.0,False,1.0,False,epochwise,mean,/mnt/hanoverlimitedwus2/scratch/t-jiachentu/nnssl_data/pretrained_ckpts/mri_core/mri_core_checkpoint.pth,,0.5,,,,,,,,,,,,,,,,0.0,1755047059.289141,,2.380952380952381e-06,0.0,,,False,,,mean,12.0,768.0,4.0,12.0,512.0,224.0,16.0
7244955016.90370-91a5770a-806f,resenc_time_conditioned_pretrained_multi_t1_t1c_t2_flair_swi_asl_2025-08-13_07-53-12,finished,2025-08-13T00:39:58Z,https://microsoft-research.wandb.io/t-jiachentu/july_stratified_ucsf_pdgm_idh_classification_multi_t1_t1c_t2_flair_swi_asl/runs/7244955016.90370-91a5770a-806f,,c0156532-6250-4a99-abbe-585f93b91d61,t-jiachentu,32324.0,False,0,Classification,200.0,False,ResEncTimeConditioned,200.0,False,1.0,multiclass,False,auto,False,3.0,AdamW,16-mixed,CosineAnneal,20.0,4.0,False,200.0,True,True,0.0,gpu,0.2,2.0,16.0,val,False,,0.0,False,0.01,/mnt/hanoverlimitedwus2/scratch/t-jiachentu/nnssl_data/nnssl_preprocessed/Dataset003_UCSF_PDGM,False,5e-05,6.0,False,0.0,True,False,full,False,0.2,4.0,False,batchgenerators.get_training_transforms,10.0,False,False,idh_classification,False,power,3.0,False,1.0,False,epochwise,cls_token,/mnt/hanoverlimitedwus2/mri/scratch/t-jiachentu/nnssl_data/nnssl_results/MDAE/Openmind/0705/Dataset005_OpenMind/NoiseConditionedMDAETrainer_RandomMask_BS32_2000ep__nnsslPlans__onemmiso/fold_all/checkpoint_best.pth,,0.5,0.771736741065979,0.8247863054275513,0.778388261795044,0.7294729948043823,0.5676786303520203,0.982626497745514,0.9860796928405762,0.9568611979484558,0.9681659936904908,0.35999757051467896,0.7725324630737305,0.8286951184272766,0.7402597665786743,0.7487179636955261,0.5570283532142639,1704.0,1755087324.0013456,200.0,3.8076210902182585e-09,14800.0,256.0,0.5,False,64.0,,,,,,,,,
7244955577.63925-44195e0b-dd5b,mri_core_pretrained_multi_t1_t1c_t2_flair_swi_asl_2025-08-13_01-19-30,failed,2025-08-13T01:20:03Z,https://microsoft-research.wandb.io/t-jiachentu/july_stratified_ucsf_pdgm_idh_classification_multi_t1_t1c_t2_flair_swi_asl/runs/7244955577.63925-44195e0b-dd5b,,110f4046-8bd0-44af-9201-987a994b5129,t-jiachentu,2626.0,False,0,Classification,200.0,False,MRICore,200.0,False,1.0,multiclass,False,auto,False,3.0,AdamW,16-mixed,CosineAnneal,20.0,4.0,False,200.0,False,True,0.0,gpu,0.2,2.0,16.0,val,False,,0.0,False,0.01,/mnt/hanoverlimitedwus2/scratch/t-jiachentu/nnssl_data/nnssl_preprocessed/Dataset003_UCSF_PDGM,False,5e-05,6.0,False,0.0,True,False,full,False,0.2,4.0,False,batchgenerators.get_training_transforms,10.0,False,False,idh_classification,False,power,3.0,False,1.0,False,epochwise,mean,/mnt/hanoverlimitedwus2/scratch/t-jiachentu/nnssl_data/pretrained_ckpts/mri_core/mri_core_checkpoint.pth,,0.5,,,,,,,,,,,,,,,,0.0,1755050545.5086534,,2.380952380952381e-06,0.0,,,False,,,mean,12.0,768.0,4.0,12.0,512.0,224.0,16.0
7244959894.88061-a702c3c3-0753,mri_core_pretrained_multi_t1_t1c_t2_flair_swi_asl_2025-08-15_15-50-00,running,2025-08-13T19:13:35Z,https://microsoft-research.wandb.io/t-jiachentu/july_stratified_ucsf_pdgm_idh_classification_multi_t1_t1c_t2_flair_swi_asl/runs/7244959894.88061-a702c3c3-0753,,baff8cb3-b7e8-472b-bdcd-555868a44154,t-jiachentu,,,,,,,,,,,,,,,,,,,,,,,,,,,,,,,,,,,,,,,,,,,,,,,,,,,,,,,,,,,,,,,,,,,,,,,,,,,,,,,,,,,,,,,,,,,,,,,,,
7244959859.22686-b004ed04-a52c,dinov2_pretrained_multi_t1_t1c_t2_flair_swi_asl_2025-08-13_19-53-22,crashed,2025-08-13T19:54:48Z,https://microsoft-research.wandb.io/t-jiachentu/july_stratified_ucsf_pdgm_idh_classification_multi_t1_t1c_t2_flair_swi_asl/runs/7244959859.22686-b004ed04-a52c,,743a0b70-39ae-4e23-973f-9056b6f3aa64,t-jiachentu,,,,,,,,,,,,,,,,,,,,,,,,,,,,,,,,,,,,,,,,,,,,,,,,,,,,,,,,,,,,,,,,,,,,,,,,,,,,,,,,,,,,,,,,,,,,,,,,,
7244836565.28510-f9f0f2c7-0511,resenc_pretrained_multi_t1_t1c_t2_flair_swi_asl_2025-08-14_09-25-58,finished,2025-08-14T09:26:30Z,https://microsoft-research.wandb.io/t-jiachentu/july_stratified_ucsf_pdgm_idh_classification_multi_t1_t1c_t2_flair_swi_asl/runs/7244836565.28510-f9f0f2c7-0511,,32721f34-f2d6-4cea-9beb-f3b38dd83ea6,t-jiachentu,26873.0,False,0,Classification,100.0,False,ResEncoder_Classifier,100.0,False,1.0,multiclass,False,auto,False,3.0,AdamW,16-mixed,CosineAnneal,20.0,2.0,False,100.0,True,True,0.0,gpu,0.2,2.0,16.0,val,False,,0.0,False,0.01,/mnt/hanoverlimitedwus2/scratch/t-jiachentu/nnssl_data/nnssl_preprocessed/Dataset003_UCSF_PDGM,False,0.0001,6.0,False,0.0,True,False,full,False,0.2,2.0,False,batchgenerators.get_training_transforms,10.0,False,False,idh_classification,False,power,3.0,False,1.0,False,epochwise,,/mnt/hanoverlimitedwus2/mri/scratch/t-jiachentu/nnssl_data/nnssl_results/continued_pretraining/Dataset005_OpenMind/MAEContTrainer__nnsslPlans__onemmiso/fold_all/checkpoint_best.pth,,0.2,0.787043571472168,0.8492063283920288,0.7582417726516724,0.7582417726516724,0.5120069980621338,0.9693534970283508,0.9788016080856324,0.9033704996109008,0.923766016960144,0.3876727819442749,0.7601361870765686,0.8123067617416382,0.7445887327194214,0.7362439632415771,0.5471023917198181,500.0,1755190466.5343647,100.0,3.854818796385494e-08,14700.0,,,,,,,,,,,,,
7244836330.33188-fec05a1d-8c73,resenc_SwinUNETR_pretrained_multi_t1_t1c_t2_flair_swi_asl_2025-08-14_10-18-11,finished,2025-08-14T09:47:05Z,https://microsoft-research.wandb.io/t-jiachentu/july_stratified_ucsf_pdgm_idh_classification_multi_t1_t1c_t2_flair_swi_asl/runs/7244836330.33188-fec05a1d-8c73,,7533a7a0-74d4-4bca-811a-d8ef99c9bb8c,t-jiachentu,22701.0,False,0,Classification,100.0,False,ResEncoder_Classifier,100.0,False,1.0,multiclass,False,auto,False,3.0,AdamW,16-mixed,CosineAnneal,20.0,2.0,False,100.0,True,True,0.0,gpu,0.2,2.0,16.0,val,False,,0.0,False,0.01,/mnt/hanoverlimitedwus2/scratch/t-jiachentu/nnssl_data/nnssl_preprocessed/Dataset003_UCSF_PDGM,False,0.0001,6.0,False,0.0,True,False,full,False,0.2,2.0,False,batchgenerators.get_training_transforms,10.0,False,False,idh_classification,False,power,3.0,False,1.0,False,epochwise,,/mnt/hanoverlimitedwus2/mri/scratch/t-jiachentu/nnssl_data/nnssl_results/continued_pretraining/Dataset005_OpenMind/SwinUNETRContTrainer__nnsslPlans__onemmiso/fold_all/checkpoint_best.pth,,0.2,0.7791391611099243,0.8504273891448975,0.7408424615859985,0.7493671178817749,0.5068786144256592,0.930169939994812,0.944177508354187,0.8766251802444458,0.9006555080413818,0.4192835092544556,0.8083909749984741,0.8305504322052002,0.7424242496490479,0.7739130258560181,0.5124003887176514,500.0,1755189321.1111343,100.0,3.854818796385494e-08,14700.0,,,,,,,,,,,,,
7244834483.91235-cbeffc51-f716,resenc_pretrained_multi_t1_t1c_t2_flair_swi_asl_2025-08-14_10-01-37,finished,2025-08-14T10:02:07Z,https://microsoft-research.wandb.io/t-jiachentu/july_stratified_ucsf_pdgm_idh_classification_multi_t1_t1c_t2_flair_swi_asl/runs/7244834483.91235-cbeffc51-f716,,02865c1a-3672-4eb3-aa92-ab0025b0e2e7,t-jiachentu,25728.0,False,0,Classification,100.0,False,ResEncoder_Classifier,100.0,False,1.0,multiclass,False,auto,False,3.0,AdamW,16-mixed,CosineAnneal,20.0,2.0,False,100.0,True,True,0.0,gpu,0.2,2.0,16.0,val,False,,0.0,False,0.01,/mnt/hanoverlimitedwus2/scratch/t-jiachentu/nnssl_data/nnssl_preprocessed/Dataset003_UCSF_PDGM,False,0.0001,6.0,False,0.0,True,False,full,False,0.2,2.0,False,batchgenerators.get_training_transforms,10.0,False,False,idh_classification,False,power,3.0,False,1.0,False,epochwise,,/mnt/hanoverlimitedwus2/mri/scratch/t-jiachentu/nnssl_data/nnssl_results/continued_pretraining/Dataset005_OpenMind/ModelGenesisContTrainer__nnsslPlans__onemmiso/fold_all/checkpoint_best.pth,,0.2,0.7049329876899719,0.7570207118988037,0.6648351550102234,0.6909090876579285,0.5362076759338379,0.970706343650818,0.974985897541046,0.9158775806427002,0.9396995306015016,0.38661590218544006,0.7213475704193115,0.7544835805892944,0.6926407217979431,0.7061958909034729,0.5610931515693665,500.0,1755191456.6098907,100.0,3.854818796385494e-08,14700.0,,,,,,,,,,,,,
7244834435.24370-836d028c-79e4,resenc_VoCo_pretrained_multi_t1_t1c_t2_flair_swi_asl_2025-08-14_11-01-04,finished,2025-08-14T10:02:18Z,https://microsoft-research.wandb.io/t-jiachentu/july_stratified_ucsf_pdgm_idh_classification_multi_t1_t1c_t2_flair_swi_asl/runs/7244834435.24370-836d028c-79e4,,8a60cb0f-6eeb-403e-b60d-8e765d10cdd2,t-jiachentu,23893.0,False,0,Classification,100.0,False,ResEncoder_Classifier,100.0,False,1.0,multiclass,False,auto,False,3.0,AdamW,16-mixed,CosineAnneal,20.0,2.0,False,100.0,True,True,0.0,gpu,0.2,2.0,16.0,val,False,,0.0,False,0.01,/mnt/hanoverlimitedwus2/scratch/t-jiachentu/nnssl_data/nnssl_preprocessed/Dataset003_UCSF_PDGM,False,0.0001,6.0,False,0.0,True,False,full,False,0.2,2.0,False,batchgenerators.get_training_transforms,10.0,False,False,idh_classification,False,power,3.0,False,1.0,False,epochwise,,/mnt/hanoverlimitedwus2/mri/scratch/t-jiachentu/nnssl_data/nnssl_results/continued_pretraining/Dataset005_OpenMind/VoCoContTrainer__nnsslPlans__onemmiso/fold_all/checkpoint_best.pth,,0.2,0.7957193851470947,0.8028082847595215,0.7188644409179688,0.7514347434043884,0.5142925381660461,0.9554243087768556,0.9625494480133056,0.8848219513893127,0.906808376312256,0.40030166506767273,0.8211065530776978,0.8580704927444458,0.7467532157897949,0.7599216103553772,0.530629575252533,509.0,1755191256.009683,100.0,3.854818796385494e-08,14700.0,,,,,,,,,,,,,
7244832745.51859-a6bae748-6218,resenc_SimCLR_pretrained_multi_t1_t1c_t2_flair_swi_asl_2025-08-14_10-31-38,finished,2025-08-14T10:32:10Z,https://microsoft-research.wandb.io/t-jiachentu/july_stratified_ucsf_pdgm_idh_classification_multi_t1_t1c_t2_flair_swi_asl/runs/7244832745.51859-a6bae748-6218,,84f571b0-326c-457a-ac01-1540bcb05ab8,t-jiachentu,26296.0,False,0,Classification,100.0,False,ResEncoder_Classifier,100.0,False,1.0,multiclass,False,auto,False,3.0,AdamW,16-mixed,CosineAnneal,20.0,2.0,False,100.0,True,True,0.0,gpu,0.2,2.0,16.0,val,False,,0.0,False,0.01,/mnt/hanoverlimitedwus2/scratch/t-jiachentu/nnssl_data/nnssl_preprocessed/Dataset003_UCSF_PDGM,False,0.0001,6.0,False,0.0,True,False,full,False,0.2,2.0,False,batchgenerators.get_training_transforms,10.0,False,False,idh_classification,False,power,3.0,False,1.0,False,epochwise,,/mnt/hanoverlimitedwus2/mri/scratch/t-jiachentu/nnssl_data/nnssl_results/continued_pretraining/Dataset005_OpenMind/SimCLRContTrainer__nnsslPlans__onemmiso/fold_all/checkpoint_best.pth,,0.2,0.690742015838623,0.8021978139877319,0.5503662824630737,0.5527108311653137,0.5679804682731628,0.8819892406463623,0.913263201713562,0.8084722757339478,0.8321237564086914,0.4542188346385956,0.7992573380470276,0.8348793983459473,0.7683982849121094,0.7548197507858276,0.5258094668388367,500.0,1755193826.253347,100.0,3.854818796385494e-08,14700.0,,,,,,,,,,,,,
7244832675.59048-4506e083-aa82,resenc_pretrained_multi_t1_t1c_t2_flair_swi_asl_2025-08-14_10-35-30,finished,2025-08-14T10:36:05Z,https://microsoft-research.wandb.io/t-jiachentu/july_stratified_ucsf_pdgm_idh_classification_multi_t1_t1c_t2_flair_swi_asl/runs/7244832675.59048-4506e083-aa82,,567feaa7-d18e-4462-b137-58f8a139d175,t-jiachentu,18702.0,False,0,Classification,100.0,False,ResEncoder_Classifier,100.0,False,1.0,multiclass,False,auto,False,3.0,AdamW,16-mixed,CosineAnneal,20.0,2.0,False,100.0,True,True,0.0,gpu,0.2,2.0,16.0,val,False,,0.0,False,0.01,/mnt/hanoverlimitedwus2/scratch/t-jiachentu/nnssl_data/nnssl_preprocessed/Dataset003_UCSF_PDGM,False,0.0001,6.0,False,0.0,True,False,full,False,0.2,2.0,False,batchgenerators.get_training_transforms,10.0,False,False,idh_classification,False,power,3.0,False,1.0,False,epochwise,,/mnt/hanoverlimitedwus2/mri/scratch/t-jiachentu/nnssl_data/nnssl_results/continued_pretraining/Dataset005_OpenMind/VolumeFusionContTrainer__nnsslPlans__onemmiso/fold_all/checkpoint_best.pth,,0.2,0.5807690620422363,0.6135531067848206,0.5,0.4406779706478119,0.5857771635055542,0.48716500401496887,0.47498586773872375,0.5,0.441904753446579,0.5873845219612122,0.5515965223312378,0.5568954944610596,0.5,0.4399999976158142,0.5845546126365662,500.0,1755186467.727269,100.0,3.854818796385494e-08,14700.0,,,,,,,,,,,,,
7244796809.24691-64be5de5-0103,resenc_SimCLR_pretrained_multi_t1_t1c_t2_flair_swi_asl_2025-08-14_20-28-57,finished,2025-08-14T20:29:31Z,https://microsoft-research.wandb.io/t-jiachentu/july_stratified_ucsf_pdgm_idh_classification_multi_t1_t1c_t2_flair_swi_asl/runs/7244796809.24691-64be5de5-0103,,8577bc98-6ee7-4486-b926-9bbd0f3d28a7,t-jiachentu,21570.0,False,0,Classification,200.0,False,ResEncoder_Classifier,200.0,False,1.0,multiclass,False,auto,False,3.0,AdamW,16-mixed,CosineAnneal,20.0,4.0,False,200.0,True,True,0.0,gpu,0.2,2.0,16.0,val,False,,0.0,False,0.01,/mnt/hanoverlimitedwus2/scratch/t-jiachentu/nnssl_data/nnssl_preprocessed/Dataset003_UCSF_PDGM,False,5e-05,6.0,False,0.0,True,False,full,False,0.2,4.0,False,batchgenerators.get_training_transforms,10.0,False,False,idh_classification,False,power,3.0,False,1.0,False,epochwise,,/mnt/hanoverlimitedwus2/mri/scratch/t-jiachentu/pretrained_ckpts/ResEncL_ckpts/ResEncL-OpenMind-SimCLR/checkpoint_final.pth,,0.2,0.7587567567825317,0.8034188151359558,0.7362637519836426,0.7623456716537476,0.5270509719848633,0.9824849367141724,0.9829705953598022,0.9590163826942444,0.9733020067214966,0.3544079065322876,0.8242666721343994,0.8531230688095093,0.8116883039474487,0.8063535690307617,0.5041727423667908,1000.0,1755224941.9458954,200.0,3.8076210902182585e-09,14800.0,,,,,,,,,,,,,
7244796824.89619-7d6d34a8-fec4,resenc_S3D_pretrained_multi_t1_t1c_t2_flair_swi_asl_2025-08-14_20-28-57,finished,2025-08-14T20:30:00Z,https://microsoft-research.wandb.io/t-jiachentu/july_stratified_ucsf_pdgm_idh_classification_multi_t1_t1c_t2_flair_swi_asl/runs/7244796824.89619-7d6d34a8-fec4,,89e28832-769b-46c8-9ba3-82f2d6365cf6,t-jiachentu,20664.0,False,0,Classification,200.0,False,ResEncoder_Classifier,200.0,False,1.0,multiclass,False,auto,False,3.0,AdamW,16-mixed,CosineAnneal,20.0,4.0,False,200.0,True,True,0.0,gpu,0.2,2.0,16.0,val,False,,0.0,False,0.01,/mnt/hanoverlimitedwus2/scratch/t-jiachentu/nnssl_data/nnssl_preprocessed/Dataset003_UCSF_PDGM,False,5e-05,6.0,False,0.0,True,False,full,False,0.2,4.0,False,batchgenerators.get_training_transforms,10.0,False,False,idh_classification,False,power,3.0,False,1.0,False,epochwise,,/mnt/hanoverlimitedwus2/mri/scratch/t-jiachentu/pretrained_ckpts/ResEncL_ckpts/ResEncL-OpenMind-S3D/checkpoint_final.pth,,0.2,0.7753574252128601,0.8189865350723267,0.7948718070983887,0.8000621795654297,0.5162469744682312,0.9854352474212646,0.985903024673462,0.9590163826942444,0.9733020067214966,0.351789265871048,0.8299998641014099,0.8345702290534973,0.7705627679824829,0.7801281809806824,0.5243663191795349,1000.0,1755224063.907479,200.0,3.8076210902182585e-09,14800.0,,,,,,,,,,,,,
7244797243.43262-ae16be20-101e,mri_core_pretrained_multi_t1_t1c_t2_flair_swi_asl_2025-08-14_20-31-03,failed,2025-08-14T20:32:11Z,https://microsoft-research.wandb.io/t-jiachentu/july_stratified_ucsf_pdgm_idh_classification_multi_t1_t1c_t2_flair_swi_asl/runs/7244797243.43262-ae16be20-101e,,e567081c-0c4e-4781-96a7-15ffd435a5be,t-jiachentu,2761.0,False,0,Classification,200.0,False,MRICore,200.0,False,1.0,multiclass,False,auto,False,3.0,AdamW,16-mixed,CosineAnneal,20.0,4.0,False,200.0,False,True,0.0,gpu,0.2,2.0,16.0,val,False,,0.0,False,0.01,/mnt/hanoverlimitedwus2/scratch/t-jiachentu/nnssl_data/nnssl_preprocessed/Dataset003_UCSF_PDGM,False,5e-05,6.0,False,0.0,True,False,full,False,0.2,4.0,False,batchgenerators.get_training_transforms,10.0,False,False,idh_classification,False,power,3.0,False,1.0,False,epochwise,mean,/mnt/hanoverlimitedwus2/scratch/t-jiachentu/nnssl_data/pretrained_ckpts/mri_core/mri_core_checkpoint.pth,,0.5,,,,,,,,,,,,,,,,0.0,1755206284.958642,,2.380952380952381e-06,0.0,,,False,,,mean,12.0,768.0,4.0,12.0,512.0,224.0,16.0
7244796937.00070-60609fc5-22db,brainiac_pretrained_multi_t1_t1c_t2_flair_swi_asl_2025-08-14_20-31-56,failed,2025-08-14T20:32:15Z,https://microsoft-research.wandb.io/t-jiachentu/july_stratified_ucsf_pdgm_idh_classification_multi_t1_t1c_t2_flair_swi_asl/runs/7244796937.00070-60609fc5-22db,,7bbeafe9-3161-4617-bcae-2ce58c11e6a6,t-jiachentu,1013.0,False,0,Classification,200.0,False,brainiac,200.0,False,1.0,multiclass,False,auto,False,3.0,AdamW,16-mixed,CosineAnneal,20.0,4.0,False,200.0,True,True,0.0,gpu,0.2,2.0,16.0,val,False,0.2,0.0,False,0.01,/mnt/hanoverlimitedwus2/scratch/t-jiachentu/nnssl_data/nnssl_preprocessed/Dataset003_UCSF_PDGM,False,8e-05,6.0,False,0.0,True,False,full,False,0.2,4.0,False,batchgenerators.get_training_transforms,10.0,False,False,idh_classification,False,power,3.0,False,1.0,False,epochwise,cls_token,/mnt/hanoverlimitedwus2/scratch/t-jiachentu/nnssl_data/pretrained_ckpts/BrainIAC/BrainIAC.ckpt,True,0.0,,,,,,,,,,,,,,,,0.0,1755204525.591951,,3.80952380952381e-06,0.0,,,,,,,,,,,,,
7244797265.87347-06b8b35c-9b8b,dinov2_pretrained_multi_t1_t1c_t2_flair_swi_asl_2025-08-14_20-31-37,failed,2025-08-14T20:32:34Z,https://microsoft-research.wandb.io/t-jiachentu/july_stratified_ucsf_pdgm_idh_classification_multi_t1_t1c_t2_flair_swi_asl/runs/7244797265.87347-06b8b35c-9b8b,,0a5f6b83-72d9-4fa6-960d-6f72c9522446,t-jiachentu,2823.0,False,0,Classification,200.0,False,dinov2,50.0,False,1.0,multiclass,False,auto,False,3.0,AdamW,16-mixed,CosineAnneal,20.0,4.0,False,200.0,True,True,0.0,gpu,0.2,2.0,16.0,val,False,,0.0,False,0.01,/mnt/hanoverlimitedwus2/scratch/t-jiachentu/nnssl_data/nnssl_preprocessed/Dataset003_UCSF_PDGM,False,5e-05,6.0,False,0.0,True,False,full,False,0.2,4.0,False,batchgenerators.get_training_transforms,10.0,False,False,idh_classification,False,power,3.0,False,1.0,False,epochwise,mean,,True,0.5,,,,,,,,,,,,,,,,0.0,1755206367.9769814,,2.380952380952381e-06,0.0,,,,,facebook/dinov2-base,mean,,,,,,,
7244796995.86956-23de5686-ddd0,brainmvp_pretrained_multi_t1_t1c_t2_flair_swi_asl_2025-08-14_20-32-13,finished,2025-08-14T20:32:45Z,https://microsoft-research.wandb.io/t-jiachentu/july_stratified_ucsf_pdgm_idh_classification_multi_t1_t1c_t2_flair_swi_asl/runs/7244796995.86956-23de5686-ddd0,,36858c85-746b-421d-a4ac-e2c101ab45a8,t-jiachentu,18426.0,False,0,Classification,200.0,False,brainmvp,200.0,False,1.0,multiclass,False,auto,False,3.0,AdamW,16-mixed,CosineAnneal,20.0,4.0,False,200.0,True,True,0.0,gpu,0.2,2.0,16.0,val,False,0.2,0.0,False,0.01,/mnt/hanoverlimitedwus2/scratch/t-jiachentu/nnssl_data/nnssl_preprocessed/Dataset003_UCSF_PDGM,False,5e-05,6.0,False,0.0,True,False,full,False,0.2,4.0,False,batchgenerators.get_training_transforms,10.0,False,False,idh_classification,False,power,3.0,False,1.0,True,epochwise,cls_token,/mnt/hanoverlimitedwus2/scratch/t-jiachentu/nnssl_data/pretrained_ckpts/BrainMVP/BrainMVP_unet.pt,True,0.0,0.7333344221115112,0.7799144983291626,0.5650182962417603,0.5650867223739624,0.6482992172241211,0.9412617087364196,0.9642806649208068,0.8757772445678711,0.8757772445678711,0.4140607714653015,0.7455726861953735,0.7402597665786743,0.5952380895614624,0.6102924346923828,0.6218599677085876,1000.0,1755221990.480793,200.0,3.8076210902182585e-09,14800.0,,,,,,,,,,,,,
7244796932.88899-d495de2f-07eb,brainiac_scratch_multi_t1_t1c_t2_flair_swi_asl_2025-08-14_20-32-17,failed,2025-08-14T20:32:48Z,https://microsoft-research.wandb.io/t-jiachentu/july_stratified_ucsf_pdgm_idh_classification_multi_t1_t1c_t2_flair_swi_asl/runs/7244796932.88899-d495de2f-07eb,,7d290902-b3af-4281-bfb1-5d290709c763,t-jiachentu,1157.0,False,0,Classification,200.0,False,brainiac,200.0,False,1.0,multiclass,False,auto,False,3.0,AdamW,16-mixed,CosineAnneal,20.0,4.0,False,200.0,False,True,0.0,gpu,0.2,2.0,16.0,val,False,0.2,0.0,False,0.01,/mnt/hanoverlimitedwus2/scratch/t-jiachentu/nnssl_data/nnssl_preprocessed/Dataset003_UCSF_PDGM,False,8e-05,6.0,False,0.0,True,False,full,False,0.2,4.0,False,batchgenerators.get_training_transforms,10.0,False,False,idh_classification,False,power,3.0,False,1.0,False,epochwise,cls_token,,True,0.0,,,,,,,,,,,,,,,,0.0,1755204689.2490606,,3.80952380952381e-06,0.0,,,,,,,,,,,,,
7244797170.52927-b2ae7456-314e,brainiac_scratch_multi_t1_t1c_t2_flair_swi_asl_2025-08-14_20-39-00,failed,2025-08-14T20:39:26Z,https://microsoft-research.wandb.io/t-jiachentu/july_stratified_ucsf_pdgm_idh_classification_multi_t1_t1c_t2_flair_swi_asl/runs/7244797170.52927-b2ae7456-314e,,8f0ac8ed-e225-4299-87c9-d0599f9a8494,t-jiachentu,1066.0,False,0,Classification,200.0,False,brainiac,200.0,False,1.0,multiclass,False,auto,False,3.0,AdamW,16-mixed,CosineAnneal,20.0,4.0,False,200.0,False,True,0.0,gpu,0.2,2.0,16.0,val,False,0.2,0.0,False,0.01,/mnt/hanoverlimitedwus2/scratch/t-jiachentu/nnssl_data/nnssl_preprocessed/Dataset003_UCSF_PDGM,False,5e-05,6.0,False,0.0,True,False,full,False,0.2,4.0,False,batchgenerators.get_training_transforms,10.0,False,False,idh_classification,False,power,3.0,False,1.0,False,epochwise,cls_token,,True,0.0,,,,,,,,,,,,,,,,0.0,1755205002.0745196,,2.380952380952381e-06,0.0,,,,,,,,,,,,,
7244797184.54605-8b954160-230c,brainiac_pretrained_multi_t1_t1c_t2_flair_swi_asl_2025-08-14_20-39-27,failed,2025-08-14T20:39:54Z,https://microsoft-research.wandb.io/t-jiachentu/july_stratified_ucsf_pdgm_idh_classification_multi_t1_t1c_t2_flair_swi_asl/runs/7244797184.54605-8b954160-230c,,56d0ec1b-1575-4fc6-be12-773d2a010fb7,t-jiachentu,1084.0,False,0,Classification,200.0,False,brainiac,200.0,False,1.0,multiclass,False,auto,False,3.0,AdamW,16-mixed,CosineAnneal,20.0,4.0,False,200.0,True,True,0.0,gpu,0.2,2.0,16.0,val,False,0.2,0.0,False,0.01,/mnt/hanoverlimitedwus2/scratch/t-jiachentu/nnssl_data/nnssl_preprocessed/Dataset003_UCSF_PDGM,False,5e-05,6.0,False,0.0,True,False,full,False,0.2,4.0,False,batchgenerators.get_training_transforms,10.0,False,False,idh_classification,False,power,3.0,False,1.0,False,epochwise,cls_token,/mnt/hanoverlimitedwus2/scratch/t-jiachentu/nnssl_data/pretrained_ckpts/BrainIAC/BrainIAC.ckpt,True,0.0,,,,,,,,,,,,,,,,0.0,1755205051.8573766,,2.380952380952381e-06,0.0,,,,,,,,,,,,,
7244792677.62196-52450f07-16c6,brainmvp_pretrained_multi_t1_t1c_t2_flair_swi_asl_2025-08-14_21-41-29,finished,2025-08-14T21:41:51Z,https://microsoft-research.wandb.io/t-jiachentu/july_stratified_ucsf_pdgm_idh_classification_multi_t1_t1c_t2_flair_swi_asl/runs/7244792677.62196-52450f07-16c6,,2e535ea3-cf0d-4358-b57c-a31faeb63781,t-jiachentu,18194.0,False,0,Classification,200.0,False,brainmvp,200.0,False,1.0,multiclass,False,auto,False,3.0,AdamW,16-mixed,CosineAnneal,20.0,1.0,False,200.0,True,True,0.0,gpu,0.2,2.0,16.0,val,False,0.2,0.0,False,0.01,/mnt/hanoverlimitedwus2/scratch/t-jiachentu/nnssl_data/nnssl_preprocessed/Dataset003_UCSF_PDGM,False,5e-05,6.0,False,0.0,True,False,full,False,0.2,4.0,False,batchgenerators.get_training_transforms,10.0,False,False,idh_classification,False,power,3.0,False,1.0,True,epochwise,cls_token,/mnt/hanoverlimitedwus2/scratch/t-jiachentu/nnssl_data/pretrained_ckpts/BrainMVP/BrainMVP_unet.pt,True,0.0,0.6402263641357422,0.6810134053230286,0.49358972907066345,0.4375,0.7811591625213623,0.9990663528442384,0.9995054006576538,0.9814513921737672,0.9843775033950806,0.34103360772132874,0.7857363224029541,0.8107606172561646,0.6298701167106628,0.6559983491897583,0.5642159581184387,1000.0,1755225903.462274,200.0,3.8076210902182585e-09,14800.0,,,,,,,,,,,,,
7244792707.36385-2558fe18-fcb0,brainiac_scratch_multi_t1_t1c_t2_flair_swi_asl_2025-08-14_21-41-33,failed,2025-08-14T21:42:04Z,https://microsoft-research.wandb.io/t-jiachentu/july_stratified_ucsf_pdgm_idh_classification_multi_t1_t1c_t2_flair_swi_asl/runs/7244792707.36385-2558fe18-fcb0,,06e8c315-5c26-448c-9efa-dc277a40231a,t-jiachentu,1060.0,False,0,Classification,200.0,False,brainiac,200.0,False,1.0,multiclass,False,auto,False,3.0,AdamW,16-mixed,CosineAnneal,20.0,1.0,False,200.0,False,True,0.0,gpu,0.2,2.0,16.0,val,False,0.2,0.0,False,0.01,/mnt/hanoverlimitedwus2/scratch/t-jiachentu/nnssl_data/nnssl_preprocessed/Dataset003_UCSF_PDGM,False,8e-05,6.0,False,0.0,True,False,full,False,0.2,1.0,False,batchgenerators.get_training_transforms,10.0,False,False,idh_classification,False,power,3.0,False,1.0,False,epochwise,cls_token,,True,0.0,,,,,,,,,,,,,,,,0.0,1755208770.0354853,,3.80952380952381e-06,0.0,,,,,,,,,,,,,
7244792717.50236-a2445cd5-71bd,brainiac_pretrained_multi_t1_t1c_t2_flair_swi_asl_2025-08-14_21-41-40,failed,2025-08-14T21:42:09Z,https://microsoft-research.wandb.io/t-jiachentu/july_stratified_ucsf_pdgm_idh_classification_multi_t1_t1c_t2_flair_swi_asl/runs/7244792717.50236-a2445cd5-71bd,,3db0e8a5-c2c7-44a1-8664-d388f6fb3a04,t-jiachentu,1330.0,False,0,Classification,200.0,False,brainiac,200.0,False,1.0,multiclass,False,auto,False,3.0,AdamW,16-mixed,CosineAnneal,20.0,1.0,False,200.0,True,True,0.0,gpu,0.2,2.0,16.0,val,False,0.2,0.0,False,0.01,/mnt/hanoverlimitedwus2/scratch/t-jiachentu/nnssl_data/nnssl_preprocessed/Dataset003_UCSF_PDGM,False,8e-05,6.0,False,0.0,True,False,full,False,0.2,1.0,False,batchgenerators.get_training_transforms,10.0,False,False,idh_classification,False,power,3.0,False,1.0,False,epochwise,cls_token,/mnt/hanoverlimitedwus2/scratch/t-jiachentu/nnssl_data/pretrained_ckpts/BrainIAC/BrainIAC.ckpt,True,0.0,,,,,,,,,,,,,,,,0.0,1755209042.9048517,,3.80952380952381e-06,0.0,,,,,,,,,,,,,
7244787720.02594-81ba6f01-595d,brainiac_scratch_multi_t1_t1c_t2_flair_swi_asl_2025-08-14_23-05-30,finished,2025-08-14T23:05:55Z,https://microsoft-research.wandb.io/t-jiachentu/july_stratified_ucsf_pdgm_idh_classification_multi_t1_t1c_t2_flair_swi_asl/runs/7244787720.02594-81ba6f01-595d,,f8cc48cf-df67-425b-b236-31a367f85863,t-jiachentu,51603.0,False,0,Classification,200.0,False,brainiac,200.0,False,1.0,multiclass,False,auto,False,3.0,AdamW,16-mixed,CosineAnneal,20.0,1.0,False,200.0,False,True,0.0,gpu,0.2,2.0,16.0,val,False,0.2,0.0,False,0.01,/mnt/hanoverlimitedwus2/scratch/t-jiachentu/nnssl_data/nnssl_preprocessed/Dataset003_UCSF_PDGM,False,5e-05,6.0,False,0.0,True,False,full,False,0.2,1.0,False,batchgenerators.get_training_transforms,10.0,False,False,idh_classification,False,power,3.0,False,1.0,False,epochwise,cls_token,,True,0.0,0.6320233345031738,0.6907814741134644,0.5457875728607178,0.542436957359314,0.5811111927032471,0.9906644225120544,0.9930751323699952,0.9667891263961792,0.9639853239059448,0.36748844385147095,0.5325584411621094,0.4576376080513001,0.5,0.1764705926179886,2.36372709274292,1000.0,1755264357.6948526,200.0,3.8076210902182585e-09,58600.0,,,,,,,,,,,,,
7244787688.04304-e7b68814-a5b5,brainiac_pretrained_multi_t1_t1c_t2_flair_swi_asl_2025-08-14_23-12-27,running,2025-08-14T23:13:05Z,https://microsoft-research.wandb.io/t-jiachentu/july_stratified_ucsf_pdgm_idh_classification_multi_t1_t1c_t2_flair_swi_asl/runs/7244787688.04304-e7b68814-a5b5,,8a19a0ac-174e-470b-945d-5a8205fac3d3,t-jiachentu,60232.0,False,0,Classification,200.0,False,brainiac,200.0,False,1.0,multiclass,False,auto,False,3.0,AdamW,16-mixed,CosineAnneal,20.0,1.0,False,200.0,True,True,0.0,gpu,0.2,2.0,16.0,val,False,0.2,0.0,False,0.01,/mnt/hanoverlimitedwus2/scratch/t-jiachentu/nnssl_data/nnssl_preprocessed/Dataset003_UCSF_PDGM,False,5e-05,6.0,False,0.0,True,False,full,False,0.2,1.0,False,batchgenerators.get_training_transforms,10.0,False,False,idh_classification,False,power,3.0,False,1.0,False,epochwise,cls_token,/mnt/hanoverlimitedwus2/scratch/t-jiachentu/nnssl_data/pretrained_ckpts/BrainIAC/BrainIAC.ckpt,True,0.0,,,,,,0.9166586399078368,0.928985357284546,0.8296000361442566,0.8665676712989807,0.447683185338974,0.5357306003570557,0.5398887395858765,0.5,0.4399999976158142,1.06833016872406,835.0,1755273070.6019118,166.0,4.033235801364393e-06,48931.0,,,,,,,,,,,,,
7244786362.41844-872ed587-4316,resenc_scratch_multi_t1_t1c_t2_flair_swi_asl_2025-08-14_23-29-04,finished,2025-08-14T23:29:22Z,https://microsoft-research.wandb.io/t-jiachentu/july_stratified_ucsf_pdgm_idh_classification_multi_t1_t1c_t2_flair_swi_asl/runs/7244786362.41844-872ed587-4316,,25f59abc-2405-458e-aff0-840245b4eea4,t-jiachentu,54024.0,False,0,Classification,200.0,False,ResEncoder_Classifier,200.0,False,1.0,multiclass,False,auto,False,3.0,AdamW,16-mixed,CosineAnneal,20.0,4.0,False,200.0,False,True,0.0,gpu,0.2,2.0,16.0,val,False,,0.0,False,0.01,/mnt/hanoverlimitedwus2/scratch/t-jiachentu/nnssl_data/nnssl_preprocessed/Dataset003_UCSF_PDGM,False,0.0001,6.0,False,0.0,True,False,full,False,0.2,4.0,False,batchgenerators.get_training_transforms,10.0,False,False,idh_classification,False,power,3.0,False,1.0,False,epochwise,,,,0.2,0.8254981637001038,0.8830891251564026,0.7014651894569397,0.7390813231468201,0.5195301175117493,0.9970767498016356,0.9980214834213256,0.9814513921737672,0.9843775033950806,0.33684030175209045,0.7936149835586548,0.8317872285842896,0.7337662577629089,0.7378442287445068,0.5876727104187012,1000.0,1755268189.0704262,200.0,7.615242180436517e-09,14800.0,,,,,,,,,,,,,
7244782681.53115-add298f8-e31f,brainmvp_pretrained_multi_t1_t1c_t2_flair_swi_asl_2025-08-15_00-24-21,finished,2025-08-15T00:24:44Z,https://microsoft-research.wandb.io/t-jiachentu/july_stratified_ucsf_pdgm_idh_classification_multi_t1_t1c_t2_flair_swi_asl/runs/7244782681.53115-add298f8-e31f,,c71983a8-7282-4cb6-abe6-2375d8384d07,t-jiachentu,32666.0,False,0,Classification,200.0,False,brainmvp,200.0,False,1.0,multiclass,False,auto,False,3.0,AdamW,16-mixed,CosineAnneal,20.0,4.0,False,200.0,True,True,0.0,gpu,0.2,2.0,16.0,val,False,0.2,0.0,False,0.01,/mnt/hanoverlimitedwus2/scratch/t-jiachentu/nnssl_data/nnssl_preprocessed/Dataset003_UCSF_PDGM,False,0.0001,6.0,False,0.0,True,False,full,False,0.2,4.0,False,batchgenerators.get_training_transforms,10.0,False,False,idh_classification,False,power,3.0,False,1.0,True,epochwise,cls_token,/mnt/hanoverlimitedwus2/scratch/t-jiachentu/nnssl_data/pretrained_ckpts/BrainMVP/BrainMVP_unet.pt,True,0.0,0.6060364842414856,0.6523199081420898,0.5,0.4406779706478119,0.6478242874145508,0.989080011844635,0.9927219152450562,0.9262294769287108,0.9506632685661316,0.3625817000865936,0.7260427474975586,0.7136672735214233,0.5714285969734192,0.5726743936538696,0.6152878403663635,1000.0,1755250153.5877676,200.0,7.615242180436517e-09,14800.0,,,,,,,,,,,,,
7244782474.28225-9bf26c2f-25b2,resenc_MDAETrainer_RandomMask_Flow_BS48_2000ep_pretrained_multi_t1_t1c_t2_flair_swi_asl_2025-08-15_03-34-22,finished,2025-08-15T00:35:17Z,https://microsoft-research.wandb.io/t-jiachentu/july_stratified_ucsf_pdgm_idh_classification_multi_t1_t1c_t2_flair_swi_asl/runs/7244782474.28225-9bf26c2f-25b2,,7f69ce3b-f6bf-4ea0-964c-80e3135dd63f,t-jiachentu,49455.0,False,0,Classification,200.0,False,ResEncoder_Classifier,200.0,False,1.0,multiclass,False,auto,False,3.0,AdamW,16-mixed,CosineAnneal,20.0,4.0,False,200.0,True,True,0.0,gpu,0.2,2.0,16.0,val,False,,0.0,False,0.01,/mnt/hanoverlimitedwus2/scratch/t-jiachentu/nnssl_data/nnssl_preprocessed/Dataset003_UCSF_PDGM,False,0.0001,6.0,False,0.0,True,False,full,False,0.2,4.0,False,batchgenerators.get_training_transforms,10.0,False,False,idh_classification,False,power,3.0,False,1.0,False,epochwise,,/mnt/hanoverlimitedwus2/mri/scratch/t-jiachentu/nnssl_data/nnssl_results/MDAE/Openmind/0705/Dataset005_OpenMind/BaseMDAETrainer_RandomMask_Flow_BS48_2000ep__nnsslPlans__onemmiso/fold_all/checkpoint_best.pth,,0.2,0.7104483842849731,0.7857142686843872,0.593406617641449,0.6071428656578064,0.560600996017456,0.89795982837677,0.9101186990737916,0.8352175951004028,0.8565024137496948,0.44479474425315857,0.8132712841033936,0.843537449836731,0.7683982849121094,0.7548197507858276,0.5142921209335327,1176.0,1755267981.494673,200.0,7.615242180436517e-09,14800.0,,,,,,,,,,,,,
7244782050.32457-cb64e8a8-55eb,resenc_VoCo_pretrained_multi_t1_t1c_t2_flair_swi_asl_2025-08-15_00-34-45,finished,2025-08-15T00:35:19Z,https://microsoft-research.wandb.io/t-jiachentu/july_stratified_ucsf_pdgm_idh_classification_multi_t1_t1c_t2_flair_swi_asl/runs/7244782050.32457-cb64e8a8-55eb,,bbfd6e3d-e178-40fa-b6c9-361928c03383,t-jiachentu,41953.0,False,0,Classification,200.0,False,ResEncoder_Classifier,200.0,False,1.0,multiclass,False,auto,False,3.0,AdamW,16-mixed,CosineAnneal,20.0,4.0,False,200.0,True,True,0.0,gpu,0.2,2.0,16.0,val,False,,0.0,False,0.01,/mnt/hanoverlimitedwus2/scratch/t-jiachentu/nnssl_data/nnssl_preprocessed/Dataset003_UCSF_PDGM,False,0.0001,6.0,False,0.0,True,False,full,False,0.2,4.0,False,batchgenerators.get_training_transforms,10.0,False,False,idh_classification,False,power,3.0,False,1.0,False,epochwise,,/mnt/hanoverlimitedwus2/mri/scratch/t-jiachentu/pretrained_ckpts/ResEncL_ckpts/ResEncL-OpenMind-VoCo/checkpoint_final.pth,,0.2,0.4950706958770752,0.43894994258880615,0.5,0.4406779706478119,0.5834398865699768,0.6454184651374817,0.7071439027786255,0.5,0.441904753446579,0.5608936548233032,0.5275681614875793,0.5451452732086182,0.5,0.4399999976158142,0.5819630026817322,1000.0,1755260071.8190775,200.0,7.615242180436517e-09,14800.0,,,,,,,,,,,,,
7244782277.97943-a5504ecc-7675,resenc_time_conditioned_pretrained_multi_t1_t1c_t2_flair_swi_asl_2025-08-15_03-35-04,finished,2025-08-15T00:38:53Z,https://microsoft-research.wandb.io/t-jiachentu/july_stratified_ucsf_pdgm_idh_classification_multi_t1_t1c_t2_flair_swi_asl/runs/7244782277.97943-a5504ecc-7675,,b18e11c5-77cb-4f11-8886-d5792c4cbec4,t-jiachentu,53599.0,False,0,Classification,200.0,False,ResEncTimeConditioned,200.0,False,1.0,multiclass,False,auto,False,3.0,AdamW,16-mixed,CosineAnneal,20.0,4.0,False,200.0,True,True,0.0,gpu,0.2,2.0,16.0,val,False,,0.0,False,0.01,/mnt/hanoverlimitedwus2/scratch/t-jiachentu/nnssl_data/nnssl_preprocessed/Dataset003_UCSF_PDGM,False,0.0001,6.0,False,0.0,True,False,full,False,0.2,4.0,False,batchgenerators.get_training_transforms,10.0,False,False,idh_classification,False,power,3.0,False,1.0,False,epochwise,cls_token,/mnt/hanoverlimitedwus2/mri/scratch/t-jiachentu/nnssl_data/nnssl_results/MDAE/Openmind/0705/Dataset005_OpenMind/NoiseConditionedMDAETrainer_RandomMask_BS32_2000ep__nnsslPlans__onemmiso/fold_all/checkpoint_best.pth,,0.5,0.7363741397857666,0.803418755531311,0.761904776096344,0.667900562286377,0.6752039790153503,0.9670732021331788,0.9821226596832277,0.9340022802352904,0.9420042037963868,0.3838782608509064,0.6754540801048279,0.7569572925567627,0.7597402334213257,0.7217038869857788,0.6617417335510254,1166.0,1755272446.6809716,200.0,7.615242180436517e-09,14800.0,256.0,0.5,False,64.0,,,,,,,,,
7244793936.91570-cd165f72-2a96,brainiac_scratch_multi_t1_t1c_t2_flair_swi_asl_2025-08-15_12-55-34,crashed,2025-08-15T10:12:21Z,https://microsoft-research.wandb.io/t-jiachentu/july_stratified_ucsf_pdgm_idh_classification_multi_t1_t1c_t2_flair_swi_asl/runs/7244793936.91570-cd165f72-2a96,,8caafb95-b30a-4fe8-93c8-6d402ac1eee5,t-jiachentu,,False,0,Classification,200.0,False,brainiac,200.0,False,1.0,multiclass,False,auto,False,3.0,AdamW,16-mixed,CosineAnneal,20.0,1.0,False,200.0,False,True,0.0,gpu,0.2,2.0,16.0,val,False,0.2,0.0,False,0.01,/mnt/hanoverlimitedwus2/scratch/t-jiachentu/nnssl_data/nnssl_preprocessed/Dataset003_UCSF_PDGM,False,5e-05,6.0,False,0.0,True,False,full,False,0.2,1.0,False,batchgenerators.get_training_transforms,10.0,False,False,idh_classification,False,power,3.0,False,1.0,False,epochwise,cls_token,,True,0.0,,,,,,,,,,,,,,,,,,,,,,,,,,,,,,,,,
7244795145.52293-68d923f9-53ab,brainiac_pretrained_multi_t1_t1c_t2_flair_swi_asl_2025-08-15_15-47-32,running,2025-08-15T10:22:34Z,https://microsoft-research.wandb.io/t-jiachentu/july_stratified_ucsf_pdgm_idh_classification_multi_t1_t1c_t2_flair_swi_asl/runs/7244795145.52293-68d923f9-53ab,,0fb1ddb4-07d0-40a5-86b6-d90f5adc1440,t-jiachentu,,False,0,Classification,200.0,False,brainiac,200.0,False,1.0,multiclass,False,auto,False,3.0,AdamW,16-mixed,CosineAnneal,20.0,1.0,False,200.0,True,True,0.0,gpu,0.2,2.0,16.0,val,False,0.2,0.0,False,0.01,/mnt/hanoverlimitedwus2/scratch/t-jiachentu/nnssl_data/nnssl_preprocessed/Dataset003_UCSF_PDGM,False,5e-05,6.0,False,0.0,True,False,full,False,0.2,1.0,False,batchgenerators.get_training_transforms,10.0,False,False,idh_classification,False,power,3.0,False,1.0,False,epochwise,cls_token,/mnt/hanoverlimitedwus2/scratch/t-jiachentu/nnssl_data/pretrained_ckpts/BrainIAC/BrainIAC.ckpt,True,0.0,,,,,,,,,,,,,,,,,,,,,,,,,,,,,,,,,
7244798312.92633-4ee6a99e-57ff,mri_core_pretrained_multi_t1_t1c_t2_flair_swi_asl_2025-08-15_10-24-48,crashed,2025-08-15T10:26:25Z,https://microsoft-research.wandb.io/t-jiachentu/july_stratified_ucsf_pdgm_idh_classification_multi_t1_t1c_t2_flair_swi_asl/runs/7244798312.92633-4ee6a99e-57ff,,385a8057-46f0-4b54-89dd-360783055b95,t-jiachentu,,False,0,Classification,200.0,False,MRICore,200.0,False,1.0,multiclass,False,auto,False,3.0,AdamW,16-mixed,CosineAnneal,20.0,4.0,False,200.0,False,True,0.0,gpu,0.2,2.0,16.0,val,False,,0.0,False,0.01,/mnt/hanoverlimitedwus2/scratch/t-jiachentu/nnssl_data/nnssl_preprocessed/Dataset003_UCSF_PDGM,False,5e-05,6.0,False,0.0,True,False,full,False,0.2,4.0,False,batchgenerators.get_training_transforms,10.0,False,False,idh_classification,False,power,3.0,False,1.0,False,epochwise,mean,/mnt/hanoverlimitedwus2/scratch/t-jiachentu/nnssl_data/pretrained_ckpts/mri_core/mri_core_checkpoint.pth,,0.5,,,,,,,,,,,,,,,,,,,,,,,False,,,mean,12.0,768.0,4.0,12.0,512.0,224.0,16.0
7244798339.81369-9c40cee5-8a07,dinov2_pretrained_multi_t1_t1c_t2_flair_swi_asl_2025-08-15_15-42-03,running,2025-08-15T15:45:07Z,https://microsoft-research.wandb.io/t-jiachentu/july_stratified_ucsf_pdgm_idh_classification_multi_t1_t1c_t2_flair_swi_asl/runs/7244798339.81369-9c40cee5-8a07,,644677f0-34b8-4983-87f5-346b136c5a31,t-jiachentu,,False,0,Classification,200.0,False,dinov2,50.0,False,1.0,multiclass,False,auto,False,3.0,AdamW,16-mixed,CosineAnneal,20.0,4.0,False,200.0,True,True,0.0,gpu,0.2,2.0,16.0,val,False,,0.0,False,0.01,/mnt/hanoverlimitedwus2/scratch/t-jiachentu/nnssl_data/nnssl_preprocessed/Dataset003_UCSF_PDGM,False,5e-05,6.0,False,0.0,True,False,full,False,0.2,4.0,False,batchgenerators.get_training_transforms,10.0,False,False,idh_classification,False,power,3.0,False,1.0,False,epochwise,mean,,True,0.5,,,,,,,,,,,,,,,,,,,,,,,,,facebook/dinov2-base,mean,,,,,,,
